,id,German,French,Italian,Romansh,Main Langage
0,1,98.7413,0.8392,0.3497,0.0699,German
1,2,98.4714,0.7916,0.5596,0.1774,German
2,3,97.9994,0.8659,0.8062,0.3285,German
3,4,98.7952,0.5842,0.5842,0.0365,German
4,5,98.0949,0.8512,0.6891,0.3648,German
5,6,99.2574,0.6188,0.1238,0.0,German
6,7,98.7529,0.5456,0.7015,0.0,German
7,8,99.6176,0.3824,0.0,0.0,German
8,9,98.8839,0.5128,0.5128,0.0905,German
9,10,98.2245,0.8305,0.5727,0.3723,German
10,11,98.3333,0.9091,0.5556,0.202,German
11,12,98.9796,0.5831,0.2915,0.1458,German
12,13,98.0053,1.5957,0.2216,0.1773,German
13,14,97.8704,1.3497,0.5699,0.21,German
14,21,99.8227,0.1773,0.0,0.0,German
15,22,98.1651,1.3761,0.4587,0.0,German
16,23,99.0637,0.3745,0.3745,0.1873,German
17,24,99.8561,0.1439,0.0,0.0,German
18,25,98.5673,0.6447,0.6447,0.1433,German
19,26,99.6317,0.3683,0.0,0.0,German
20,27,98.8678,0.4448,0.6066,0.0809,German
21,28,99.1338,0.385,0.0962,0.385,German
22,29,99.1135,0.7092,0.0887,0.0887,German
23,30,99.4924,0.2175,0.2901,0.0,German
24,31,99.2486,0.5464,0.2049,0.0,German
25,32,98.1675,1.0471,0.2618,0.5236,German
26,33,99.19,0.4361,0.3115,0.0623,German
27,34,99.2936,0.471,0.157,0.0785,German
28,35,98.9286,0.5952,0.0595,0.4167,German
29,36,99.115,0.3933,0.4916,0.0,German
30,37,99.2215,0.173,0.346,0.2595,German
31,38,98.8839,0.8185,0.2232,0.0744,German
32,39,99.6516,0.1742,0.1742,0.0,German
33,40,99.6711,0.1096,0.2193,0.0,German
34,41,99.2665,0.0,0.489,0.2445,German
35,42,99.6203,0.2532,0.0,0.1266,German
36,43,99.5885,0.0,0.4115,0.0,German
37,44,99.3808,0.4644,0.1548,0.0,German
38,51,96.9683,1.819,0.9795,0.2332,German
39,52,97.3503,1.3584,1.1571,0.1342,German
40,53,97.6115,1.1943,1.0356,0.1586,German
41,54,97.1547,1.5784,0.9761,0.2908,German
42,55,98.36,1.066,0.369,0.205,German
43,56,97.5763,1.2729,0.7323,0.4185,German
44,57,98.6391,0.8165,0.4355,0.1089,German
45,58,98.6011,0.538,0.6098,0.2511,German
46,59,97.8407,1.4892,0.5957,0.0745,German
47,60,97.9725,0.7194,1.308,0.0,German
48,61,98.929,0.5355,0.5355,0.0,German
49,62,95.9739,2.272,1.42,0.3341,German
50,63,98.191,1.206,0.603,0.0,German
51,64,98.4066,1.1308,0.3598,0.1028,German
52,65,98.5138,1.0616,0.4246,0.0,German
53,66,95.6223,1.9924,1.9223,0.463,German
54,67,99.178,0.4289,0.2502,0.143,German
55,68,97.4648,1.5775,0.5634,0.3944,German
56,69,97.2672,1.3664,1.0579,0.3085,German
57,70,99.0637,0.7491,0.0,0.1873,German
58,71,99.3464,0.5719,0.0817,0.0,German
59,72,97.6142,1.5337,0.6135,0.2386,German
60,81,98.5348,1.0989,0.3663,0.0,German
61,82,98.4427,0.5562,0.2225,0.7786,German
62,83,97.8331,1.142,0.7613,0.2635,German
63,84,98.193,0.9856,0.7392,0.0821,German
64,85,98.3728,0.5917,0.9615,0.074,German
65,86,97.7052,1.1609,0.9179,0.216,German
66,87,99.0847,0.4577,0.4577,0.0,German
67,88,97.7976,1.7807,0.2343,0.1874,German
68,89,98.3844,0.9088,0.5049,0.202,German
69,90,97.7517,1.3967,0.7835,0.0681,German
70,91,97.7428,1.3648,0.6299,0.2625,German
71,92,97.4581,1.1265,1.011,0.4044,German
72,93,98.2944,0.8079,0.7181,0.1795,German
73,94,98.2933,1.0746,0.5689,0.0632,German
74,95,99.2991,0.7009,0.0,0.0,German
75,96,97.276,1.3015,1.0593,0.3632,German
76,97,97.5161,1.1464,1.0509,0.2866,German
77,98,98.9983,0.5008,0.3339,0.1669,German
78,99,98.7891,0.8073,0.1009,0.3027,German
79,100,99.2415,0.3793,0.3161,0.0632,German
80,101,98.7123,0.7993,0.3108,0.1776,German
81,102,99.2108,0.451,0.2255,0.1127,German
82,111,99.0367,0.3211,0.4817,0.1606,German
83,112,98.8336,0.5729,0.4297,0.1637,German
84,113,98.8524,0.4155,0.554,0.1781,German
85,114,99.4388,0.2245,0.3367,0.0,German
86,115,98.7545,0.48,0.5189,0.2465,German
87,116,98.6235,0.6324,0.6324,0.1116,German
88,117,99.0001,0.4615,0.3589,0.1795,German
89,118,98.341,0.5813,0.9082,0.1695,German
90,119,98.8626,0.5687,0.4739,0.0948,German
91,120,98.7629,0.3013,0.7454,0.1903,German
92,121,98.1086,0.6671,1.0117,0.2126,German
93,131,96.4788,2.0713,1.0874,0.3625,German
94,132,98.6199,0.7476,0.5175,0.115,German
95,133,97.4949,1.099,1.1798,0.2263,German
96,134,98.7212,0.8951,0.2558,0.1279,German
97,135,96.6123,2.0752,1.1352,0.1774,German
98,136,97.1517,1.3664,1.2702,0.2117,German
99,137,97.7192,1.4698,0.6842,0.1267,German
100,138,97.9764,0.9124,0.9241,0.1872,German
101,139,96.6354,2.1127,1.0172,0.2347,German
102,140,99.0605,0.7634,0.1174,0.0587,German
103,141,96.9332,1.6025,1.0982,0.3661,German
104,142,96.9707,1.9601,0.8646,0.2046,German
105,151,97.2051,1.5318,0.9944,0.2687,German
106,152,97.1538,1.9754,0.5947,0.2761,German
107,153,98.6882,0.6223,0.5045,0.185,German
108,154,96.8962,1.8171,1.0608,0.2259,German
109,155,98.0631,0.9098,0.7337,0.2935,German
110,156,97.3366,1.6553,0.764,0.2441,German
111,157,98.4415,0.6997,0.6043,0.2545,German
112,158,98.1761,0.9797,0.6774,0.1668,German
113,159,97.8311,1.0383,0.8306,0.3,German
114,160,97.1267,1.8797,0.7787,0.2148,German
115,161,96.4354,2.1895,1.0683,0.3067,German
116,172,98.3178,0.8023,0.5435,0.3364,German
117,173,98.8074,0.6867,0.3253,0.1807,German
118,174,98.088,0.8804,0.6759,0.3557,German
119,175,99.7375,0.0,0.0,0.2625,German
120,176,97.903,1.0016,0.939,0.1565,German
121,177,98.5748,0.4619,0.8182,0.1452,German
122,178,98.8751,0.6057,0.4038,0.1154,German
123,180,99.1231,0.4575,0.3812,0.0381,German
124,181,99.2453,0.3145,0.2516,0.1887,German
125,182,99.2866,0.4756,0.2378,0.0,German
126,191,96.801,1.8333,1.1443,0.2215,German
127,192,98.4067,0.7392,0.6242,0.23,German
128,193,97.5718,1.6574,0.5781,0.1927,German
129,194,97.5859,1.5785,0.5803,0.2553,German
130,195,97.1119,1.8879,0.6762,0.324,German
131,196,98.5201,1.0218,0.3171,0.1409,German
132,197,97.2924,1.3839,1.1432,0.1805,German
133,198,97.8817,0.8446,0.9861,0.2876,German
134,199,97.8806,1.0597,0.9295,0.1301,German
135,200,96.5824,1.4354,1.6177,0.3645,German
136,211,99.8319,0.0,0.1681,0.0,German
137,213,98.253,1.1446,0.4819,0.1205,German
138,214,99.3719,0.3769,0.1256,0.1256,German
139,215,99.4094,0.1969,0.3937,0.0,German
140,216,99.5126,0.3249,0.1625,0.0,German
141,217,98.8918,0.5541,0.3911,0.163,German
142,218,99.4065,0.4451,0.1484,0.0,German
143,219,98.8755,0.6979,0.2714,0.1551,German
144,220,98.8764,0.8172,0.3064,0.0,German
145,221,98.6053,0.9298,0.4184,0.0465,German
146,222,99.2481,0.5013,0.2506,0.0,German
147,223,99.0592,0.4457,0.4209,0.0743,German
148,224,98.4632,0.5829,0.7419,0.212,German
149,225,99.2565,0.2655,0.478,0.0,German
150,226,98.9619,0.173,0.692,0.173,German
151,227,98.6316,0.6929,0.5716,0.1039,German
152,228,99.0402,0.4499,0.4499,0.06,German
153,230,98.0811,0.8903,0.8324,0.1962,German
154,231,98.8798,0.5191,0.5464,0.0546,German
155,241,97.931,0.9195,1.0345,0.1149,German
156,242,97.5671,1.2853,0.941,0.2066,German
157,243,96.892,1.1803,1.6288,0.299,German
158,244,98.058,0.9843,0.8513,0.1064,German
159,245,96.6098,1.7528,1.4068,0.2306,German
160,246,97.0238,1.7316,0.8658,0.3788,German
161,247,96.9089,1.1096,1.572,0.4095,German
162,248,96.789,2.1953,0.7864,0.2294,German
163,249,97.646,1.0026,1.0026,0.3487,German
164,250,97.6585,1.0362,1.0362,0.2691,German
165,251,97.4666,1.0613,1.2667,0.2054,German
166,261,95.2844,2.2227,2.1232,0.3698,German
167,297,99.262,0.2214,0.4182,0.0984,German
168,298,98.6573,0.9165,0.4049,0.0213,German
169,301,98.6769,1.0462,0.2769,0.0,German
170,302,98.9607,0.3464,0.5774,0.1155,German
171,303,99.0984,0.7137,0.1878,0.0,German
172,304,99.0798,0.6748,0.184,0.0613,German
173,305,98.5626,1.232,0.2053,0.0,German
174,306,97.6358,1.9734,0.3322,0.0586,German
175,307,98.626,1.0305,0.3435,0.0,German
176,309,99.1561,0.8439,0.0,0.0,German
177,310,98.4038,1.4554,0.0939,0.0469,German
178,311,98.7476,0.9634,0.2569,0.0321,German
179,312,99.2297,0.7033,0.067,0.0,German
180,321,99.1007,0.4796,0.3297,0.0899,German
181,322,100.0,0.0,0.0,0.0,German
182,323,99.4983,0.1672,0.3344,0.0,German
183,324,99.2604,0.4438,0.2959,0.0,German
184,325,99.4737,0.5263,0.0,0.0,German
185,326,99.7203,0.1399,0.0,0.1399,German
186,329,98.9761,0.6287,0.3413,0.0539,German
187,331,98.8753,0.5624,0.5112,0.0511,German
188,332,99.763,0.2031,0.0339,0.0,German
189,333,99.5674,0.2884,0.1442,0.0,German
190,334,100.0,0.0,0.0,0.0,German
191,335,99.262,0.369,0.369,0.0,German
192,336,97.861,2.139,0.0,0.0,German
193,337,99.4182,0.1939,0.3878,0.0,German
194,338,99.6109,0.2335,0.1556,0.0,German
195,339,100.0,0.0,0.0,0.0,German
196,340,99.8092,0.1908,0.0,0.0,German
197,341,99.2941,0.7059,0.0,0.0,German
198,342,99.4118,0.4314,0.1176,0.0392,German
199,344,99.7725,0.2275,0.0,0.0,German
200,345,99.4733,0.4515,0.0,0.0752,German
201,351,95.0862,3.7462,1.0288,0.1389,German
202,352,97.2389,2.2162,0.3815,0.1635,German
203,353,97.2654,2.0438,0.6621,0.0288,German
204,354,97.5128,1.895,0.3948,0.1974,German
205,355,96.6769,2.6436,0.5798,0.0998,German
206,356,96.5923,2.8682,0.5035,0.036,German
207,357,99.7567,0.1217,0.1217,0.0,German
208,358,98.0354,1.5717,0.275,0.1179,German
209,359,98.9598,0.8091,0.208,0.0231,German
210,360,97.7424,1.8505,0.3454,0.0617,German
211,361,96.6509,2.531,0.6519,0.1662,German
212,362,96.5119,2.6581,0.7851,0.0449,German
213,363,96.7121,2.368,0.7922,0.1278,German
214,371,67.3473,31.3844,1.1972,0.0711,German
215,372,63.4561,35.7413,0.7082,0.0944,German
216,381,98.0205,1.6382,0.3413,0.0,German
217,382,97.1852,2.5185,0.2963,0.0,German
218,383,98.4837,1.1464,0.2959,0.074,German
219,385,99.0431,0.9569,0.0,0.0,German
220,386,98.5191,1.2471,0.0,0.2338,German
221,387,96.8401,2.5757,0.5045,0.0797,German
222,388,98.8362,0.8953,0.2686,0.0,German
223,389,94.8276,5.1724,0.0,0.0,German
224,390,96.1575,3.6551,0.1874,0.0,German
225,391,99.0591,0.8065,0.0,0.1344,German
226,392,95.6458,3.659,0.5123,0.1829,German
227,393,97.8673,2.0142,0.1185,0.0,German
228,394,98.2792,1.7208,0.0,0.0,German
229,401,99.2639,0.5258,0.1052,0.1052,German
230,402,99.4485,0.3676,0.1838,0.0,German
231,403,98.7879,0.9091,0.303,0.0,German
232,404,98.7916,0.792,0.3511,0.0653,German
233,405,99.4986,0.3582,0.0716,0.0716,German
234,406,99.7453,0.2183,0.0364,0.0,German
235,407,99.737,0.1972,0.0657,0.0,German
236,408,99.4737,0.5263,0.0,0.0,German
237,409,98.663,1.0028,0.2786,0.0557,German
238,410,99.2063,0.7937,0.0,0.0,German
239,411,99.7701,0.2299,0.0,0.0,German
240,412,98.6833,0.6583,0.6144,0.0439,German
241,413,99.0109,0.7288,0.2603,0.0,German
242,414,98.8854,0.8025,0.3121,0.0,German
243,415,99.3735,0.3915,0.2349,0.0,German
244,416,100.0,0.0,0.0,0.0,German
245,417,97.6077,1.4354,0.9569,0.0,German
246,418,99.308,0.3893,0.2595,0.0433,German
247,419,100.0,0.0,0.0,0.0,German
248,420,98.625,1.125,0.1875,0.0625,German
249,421,99.2537,0.7463,0.0,0.0,German
250,422,100.0,0.0,0.0,0.0,German
251,423,100.0,0.0,0.0,0.0,German
252,424,99.5468,0.4028,0.0504,0.0,German
253,431,21.5162,76.9675,1.2996,0.2166,French
254,432,11.0442,88.755,0.0,0.2008,French
255,433,21.5947,78.0731,0.1661,0.1661,French
256,434,12.3984,87.0935,0.3049,0.2033,French
257,435,17.364,82.636,0.0,0.0,French
258,437,72.7273,27.2727,0.0,0.0,German
259,438,15.0356,84.8754,0.089,0.0,French
260,441,26.6494,72.5744,0.6468,0.1294,French
261,442,45.0,55.0,0.0,0.0,French
262,443,7.7662,91.0061,1.2276,0.0,French
263,444,13.1469,86.4336,0.4196,0.0,French
264,445,19.4175,80.2913,0.2913,0.0,French
265,446,9.1007,90.4685,0.4308,0.0,French
266,448,12.4051,86.2025,1.2658,0.1266,French
267,449,25.4121,74.1758,0.4121,0.0,French
268,450,17.9344,80.9524,0.9276,0.1855,French
269,491,95.8472,3.9867,0.1661,0.0,German
270,492,96.6223,3.173,0.2047,0.0,German
271,493,97.5275,1.9231,0.5495,0.0,German
272,494,85.9967,14.0033,0.0,0.0,German
273,495,89.3979,10.2094,0.3927,0.0,German
274,496,96.2949,3.327,0.2647,0.1134,German
275,497,97.2043,2.7957,0.0,0.0,German
276,498,96.7991,2.7594,0.4415,0.0,German
277,499,99.6491,0.1754,0.1754,0.0,German
278,500,97.9221,2.0779,0.0,0.0,German
279,501,96.5885,2.9851,0.4264,0.0,German
280,502,95.422,4.578,0.0,0.0,German
281,532,98.0,2.0,0.0,0.0,German
282,533,99.2812,0.3994,0.2396,0.0799,German
283,535,100.0,0.0,0.0,0.0,German
284,536,98.1707,1.8293,0.0,0.0,German
285,538,98.9991,0.7914,0.2095,0.0,German
286,540,98.7763,0.8543,0.2771,0.0924,German
287,541,99.5074,0.4926,0.0,0.0,German
288,543,99.292,0.708,0.0,0.0,German
289,544,97.8488,1.9557,0.163,0.0326,German
290,546,98.0819,1.5369,0.3197,0.0615,German
291,551,97.9391,1.6258,0.3893,0.0458,German
292,552,99.4049,0.3273,0.238,0.0298,German
293,553,100.0,0.0,0.0,0.0,German
294,554,98.3957,0.9358,0.6684,0.0,German
295,556,100.0,0.0,0.0,0.0,German
296,557,98.8889,1.1111,0.0,0.0,German
297,561,98.8827,0.7939,0.147,0.1764,German
298,562,99.472,0.3696,0.1584,0.0,German
299,563,99.3618,0.4946,0.1117,0.0319,German
300,564,99.0251,0.5571,0.4178,0.0,German
301,565,98.7642,1.0299,0.206,0.0,German
302,566,97.9518,1.9277,0.1205,0.0,German
303,567,99.5005,0.4371,0.0312,0.0312,German
304,571,99.0934,0.6346,0.1813,0.0907,German
305,572,99.3114,0.4427,0.1968,0.0492,German
306,573,98.6752,1.0598,0.1893,0.0757,German
307,574,99.044,0.7648,0.1912,0.0,German
308,575,97.3607,1.7595,0.5865,0.2933,German
309,576,99.0132,0.8074,0.0598,0.1196,German
310,577,98.9059,0.6565,0.2188,0.2188,German
311,578,100.0,0.0,0.0,0.0,German
312,579,99.8342,0.1658,0.0,0.0,German
313,580,99.0272,0.7782,0.1946,0.0,German
314,581,98.6182,0.9212,0.3838,0.0768,German
315,582,99.5074,0.4926,0.0,0.0,German
316,584,98.5169,0.9322,0.339,0.2119,German
317,585,98.6683,1.0896,0.1211,0.1211,German
318,586,100.0,0.0,0.0,0.0,German
319,587,98.8247,0.7624,0.3494,0.0635,German
320,588,100.0,0.0,0.0,0.0,German
321,589,98.8814,0.2237,0.6711,0.2237,German
322,590,99.236,0.5518,0.1698,0.0424,German
323,591,100.0,0.0,0.0,0.0,German
324,592,99.6485,0.1757,0.1757,0.0,German
325,593,98.8503,0.7439,0.3607,0.0451,German
326,594,98.7348,0.8273,0.3893,0.0487,German
327,602,99.4775,0.5225,0.0,0.0,German
328,603,99.0315,0.4843,0.1816,0.3027,German
329,605,99.7703,0.2297,0.0,0.0,German
330,606,100.0,0.0,0.0,0.0,German
331,607,99.7268,0.2732,0.0,0.0,German
332,608,99.3612,0.4613,0.1419,0.0355,German
333,609,100.0,0.0,0.0,0.0,German
334,610,99.389,0.611,0.0,0.0,German
335,611,99.3075,0.277,0.277,0.1385,German
336,612,99.2584,0.4545,0.2632,0.0239,German
337,613,100.0,0.0,0.0,0.0,German
338,614,98.6582,1.105,0.0789,0.1579,German
339,615,99.7934,0.2066,0.0,0.0,German
340,616,98.6435,1.0658,0.2035,0.0872,German
341,617,99.4836,0.5164,0.0,0.0,German
342,619,99.3203,0.6206,0.0591,0.0,German
343,620,99.7455,0.2545,0.0,0.0,German
344,622,99.4718,0.3521,0.1761,0.0,German
345,623,97.8174,1.6481,0.49,0.0445,German
346,624,99.529,0.471,0.0,0.0,German
347,625,100.0,0.0,0.0,0.0,German
348,626,99.5729,0.267,0.0,0.1602,German
349,627,98.4281,1.1288,0.3798,0.0633,German
350,628,99.4437,0.4868,0.0695,0.0,German
351,629,99.6479,0.3521,0.0,0.0,German
352,630,98.5043,1.2821,0.2137,0.0,German
353,632,99.3849,0.4979,0.0586,0.0586,German
354,661,90.3846,9.6154,0.0,0.0,German
355,662,98.751,1.0824,0.0833,0.0833,German
356,663,98.1023,1.5677,0.2475,0.0825,German
357,664,99.6667,0.3333,0.0,0.0,German
358,665,98.3498,1.6502,0.0,0.0,German
359,666,98.2323,1.7677,0.0,0.0,German
360,667,98.1854,1.499,0.2761,0.0394,German
361,668,98.4405,1.3645,0.1559,0.039,German
362,669,94.1748,4.8544,0.4854,0.4854,German
363,670,98.6284,1.0474,0.2743,0.0499,German
364,671,99.4083,0.2959,0.2959,0.0,German
365,681,6.8852,91.8033,1.3115,0.0,French
366,683,9.3333,90.6667,0.0,0.0,French
367,687,15.5779,84.4221,0.0,0.0,French
368,690,7.2607,92.4917,0.2475,0.0,French
369,691,15.0943,84.5283,0.3774,0.0,French
370,692,5.9649,94.0351,0.0,0.0,French
371,694,12.5714,86.8571,0.2857,0.2857,French
372,696,12.9338,87.0662,0.0,0.0,French
373,700,4.7071,94.7254,0.5341,0.0334,French
374,701,10.5769,88.9423,0.4808,0.0,French
375,703,8.3463,91.0835,0.5702,0.0,French
376,704,16.3462,82.6923,0.9615,0.0,French
377,706,13.28,86.4,0.32,0.0,French
378,707,8.0745,91.9255,0.0,0.0,French
379,708,84.3137,15.6863,0.0,0.0,German
380,709,92.3077,7.6923,0.0,0.0,German
381,711,7.6613,91.9355,0.4032,0.0,French
382,713,7.3864,92.2727,0.3409,0.0,French
383,715,66.6667,33.3333,0.0,0.0,German
384,716,33.0645,66.9355,0.0,0.0,French
385,717,6.0793,93.1404,0.7477,0.0325,French
386,723,17.9255,81.622,0.3829,0.0696,French
387,724,13.0856,86.5913,0.3231,0.0,French
388,726,20.472,78.9791,0.4391,0.1098,French
389,731,95.5311,4.2098,0.2591,0.0,German
390,732,93.1519,6.3213,0.5268,0.0,German
391,733,92.2778,7.1236,0.5986,0.0,German
392,734,97.0822,2.6525,0.2653,0.0,German
393,735,97.7848,2.2152,0.0,0.0,German
394,736,96.5217,3.1884,0.0,0.2899,German
395,737,98.4375,1.1719,0.3906,0.0,German
396,738,97.6311,2.1997,0.0,0.1692,German
397,739,91.0007,8.6635,0.2686,0.0672,German
398,740,92.7313,6.8282,0.4405,0.0,German
399,741,94.402,5.598,0.0,0.0,German
400,742,93.5578,6.1493,0.1464,0.1464,German
401,743,82.8028,16.5036,0.6047,0.0889,German
402,744,92.7248,6.6878,0.5423,0.0452,German
403,745,88.8932,10.7157,0.3129,0.0782,German
404,746,96.0542,3.6514,0.2945,0.0,German
405,747,95.8838,4.1162,0.0,0.0,German
406,748,97.1901,2.4793,0.3306,0.0,German
407,749,96.2147,3.402,0.2875,0.0958,German
408,750,94.9814,4.8327,0.0929,0.0929,German
409,751,96.3311,3.4452,0.1342,0.0895,German
410,754,98.9529,0.9162,0.1309,0.0,German
411,755,97.1471,2.4024,0.3504,0.1001,German
412,756,93.1665,6.641,0.1925,0.0,German
413,761,98.5882,0.9412,0.2353,0.2353,German
414,762,99.6493,0.1503,0.1503,0.0501,German
415,763,99.2499,0.6347,0.0577,0.0577,German
416,766,99.7478,0.1261,0.0,0.1261,German
417,767,99.4337,0.0,0.2265,0.3398,German
418,768,99.0179,0.682,0.2546,0.0455,German
419,769,98.9381,0.6925,0.2308,0.1385,German
420,770,99.5722,0.3209,0.0,0.107,German
421,782,99.3769,0.3115,0.0,0.3115,German
422,783,99.2681,0.6404,0.0,0.0915,German
423,784,99.4728,0.2636,0.2636,0.0,German
424,785,98.9717,0.6772,0.301,0.0502,German
425,786,99.6569,0.3431,0.0,0.0,German
426,791,99.422,0.5058,0.0723,0.0,German
427,792,99.2063,0.5602,0.0934,0.1401,German
428,793,99.4565,0.3882,0.1553,0.0,German
429,794,98.9811,0.9098,0.0728,0.0364,German
430,841,97.6219,2.3781,0.0,0.0,German
431,842,98.7755,1.2245,0.0,0.0,German
432,843,96.7962,2.6699,0.4419,0.0921,German
433,852,99.8165,0.1835,0.0,0.0,German
434,853,99.361,0.5112,0.0639,0.0639,German
435,855,99.1611,0.6964,0.095,0.0475,German
436,861,98.5701,0.9998,0.372,0.0581,German
437,863,99.6939,0.3061,0.0,0.0,German
438,865,100.0,0.0,0.0,0.0,German
439,866,98.6348,1.2514,0.0,0.1138,German
440,867,98.8588,1.1412,0.0,0.0,German
441,868,100.0,0.0,0.0,0.0,German
442,869,99.3307,0.5355,0.0,0.1339,German
443,870,97.561,1.8211,0.4228,0.1951,German
444,872,98.2412,1.2563,0.1256,0.3769,German
445,873,98.951,1.049,0.0,0.0,German
446,874,99.4845,0.5155,0.0,0.0,German
447,875,97.7778,1.1111,0.0,1.1111,German
448,876,99.1877,0.8123,0.0,0.0,German
449,877,99.8084,0.1916,0.0,0.0,German
450,878,100.0,0.0,0.0,0.0,German
451,879,99.4583,0.375,0.0417,0.125,German
452,880,99.4695,0.4244,0.0531,0.0531,German
453,881,99.768,0.232,0.0,0.0,German
454,883,99.6403,0.2569,0.1028,0.0,German
455,884,98.9423,0.9135,0.0481,0.0962,German
456,885,99.2949,0.5128,0.1923,0.0,German
457,886,99.5416,0.3438,0.1146,0.0,German
458,888,99.187,0.4878,0.2439,0.0813,German
459,901,99.9589,0.0411,0.0,0.0,German
460,902,99.5358,0.3333,0.0714,0.0595,German
461,903,99.6493,0.3118,0.0,0.039,German
462,904,99.9197,0.0803,0.0,0.0,German
463,905,99.7768,0.1339,0.0,0.0893,German
464,906,99.8875,0.1125,0.0,0.0,German
465,907,99.3734,0.5529,0.0737,0.0,German
466,908,99.9328,0.0672,0.0,0.0,German
467,909,99.9278,0.0722,0.0,0.0,German
468,921,99.0541,0.6757,0.2703,0.0,German
469,922,99.6503,0.3497,0.0,0.0,German
470,923,99.6561,0.2063,0.1376,0.0,German
471,924,99.7938,0.0,0.2062,0.0,German
472,925,99.7097,0.2903,0.0,0.0,German
473,927,98.682,0.659,0.4942,0.1647,German
474,928,99.0951,0.5027,0.3016,0.1005,German
475,929,98.9489,0.7955,0.1705,0.0852,German
476,931,99.1489,0.2128,0.2128,0.4255,German
477,932,100.0,0.0,0.0,0.0,German
478,934,99.0433,0.8056,0.1511,0.0,German
479,935,99.3562,0.6438,0.0,0.0,German
480,936,100.0,0.0,0.0,0.0,German
481,937,98.8417,0.7722,0.3861,0.0,German
482,938,99.2993,0.5074,0.0966,0.0966,German
483,939,98.9341,0.7625,0.2567,0.0467,German
484,940,100.0,0.0,0.0,0.0,German
485,941,99.0132,0.8772,0.1096,0.0,German
486,942,98.5866,0.9185,0.4149,0.0801,German
487,943,98.7897,1.2103,0.0,0.0,German
488,944,99.1238,0.6711,0.1864,0.0186,German
489,945,99.7788,0.2212,0.0,0.0,German
490,946,100.0,0.0,0.0,0.0,German
491,947,100.0,0.0,0.0,0.0,German
492,948,99.2101,0.7899,0.0,0.0,German
493,951,99.7438,0.1708,0.0854,0.0,German
494,952,99.7062,0.2938,0.0,0.0,German
495,953,99.5633,0.2183,0.1456,0.0728,German
496,954,99.4026,0.2987,0.2528,0.046,German
497,955,99.4364,0.3757,0.1342,0.0537,German
498,956,99.4322,0.4258,0.1419,0.0,German
499,957,99.5081,0.3074,0.1435,0.041,German
500,958,99.6317,0.1842,0.1842,0.0,German
501,959,99.8152,0.1848,0.0,0.0,German
502,960,99.7423,0.1718,0.0,0.0859,German
503,971,99.1955,0.4023,0.4023,0.0,German
504,972,100.0,0.0,0.0,0.0,German
505,973,99.1031,0.8969,0.0,0.0,German
506,975,99.0698,0.9302,0.0,0.0,German
507,976,99.0099,0.9901,0.0,0.0,German
508,977,99.3658,0.3171,0.3171,0.0,German
509,978,99.0,0.0,0.0,1.0,German
510,979,98.7919,0.6903,0.4219,0.0959,German
511,980,99.5238,0.3175,0.1587,0.0,German
512,981,99.0447,0.6471,0.2773,0.0308,German
513,982,99.1221,0.2394,0.6385,0.0,German
514,983,99.1235,0.4781,0.3984,0.0,German
515,985,99.686,0.314,0.0,0.0,German
516,987,99.3258,0.2247,0.4494,0.0,German
517,988,99.5011,0.4989,0.0,0.0,German
518,989,99.5671,0.4329,0.0,0.0,German
519,990,100.0,0.0,0.0,0.0,German
520,991,99.6276,0.3724,0.0,0.0,German
521,992,99.0285,0.6072,0.1821,0.1821,German
522,993,99.1892,0.5405,0.2703,0.0,German
523,995,99.0237,0.3254,0.5579,0.093,German
524,996,100.0,0.0,0.0,0.0,German
525,1001,100.0,0.0,0.0,0.0,German
526,1002,99.4018,0.2519,0.3149,0.0315,German
527,1004,99.6815,0.1274,0.0637,0.1274,German
528,1005,99.7554,0.1835,0.0612,0.0,German
529,1007,99.8613,0.0,0.1387,0.0,German
530,1008,99.6444,0.3009,0.0547,0.0,German
531,1009,99.8855,0.0573,0.0,0.0573,German
532,1010,99.8054,0.073,0.0487,0.073,German
533,1021,99.6583,0.1139,0.1139,0.1139,German
534,1022,99.6721,0.0,0.3279,0.0,German
535,1023,99.4458,0.3023,0.1511,0.1008,German
536,1024,98.4347,0.5444,0.8638,0.1571,German
537,1025,99.8534,0.1466,0.0,0.0,German
538,1026,99.1927,0.4037,0.1835,0.2202,German
539,1030,99.3098,0.4601,0.2045,0.0256,German
540,1031,98.9472,0.5264,0.4626,0.0638,German
541,1032,99.4803,0.3032,0.1732,0.0433,German
542,1033,99.6982,0.1207,0.0,0.1811,German
543,1037,99.5384,0.1731,0.0577,0.2308,German
544,1039,99.5775,0.2113,0.0704,0.1408,German
545,1040,99.0026,0.5249,0.4374,0.035,German
546,1041,100.0,0.0,0.0,0.0,German
547,1051,98.8214,0.7116,0.3558,0.1112,German
548,1052,98.5551,0.7723,0.4733,0.1993,German
549,1053,99.0672,0.3731,0.5597,0.0,German
550,1054,98.6311,0.4601,0.7294,0.1795,German
551,1055,98.6945,1.0444,0.2611,0.0,German
552,1056,98.4012,0.7267,0.1453,0.7267,German
553,1057,100.0,0.0,0.0,0.0,German
554,1058,98.5467,0.6972,0.6383,0.1178,German
555,1059,98.5371,0.563,0.77,0.1299,German
556,1061,97.964,0.9544,0.8801,0.2015,German
557,1062,99.6188,0.1815,0.1452,0.0545,German
558,1063,98.615,0.7861,0.5428,0.0561,German
559,1064,99.6739,0.1087,0.0,0.2174,German
560,1065,99.027,0.2883,0.6486,0.036,German
561,1066,99.6471,0.2823,0.0706,0.0,German
562,1067,99.1779,0.5872,0.0587,0.1762,German
563,1068,98.9807,0.5663,0.453,0.0,German
564,1069,98.6335,0.911,0.3153,0.1402,German
565,1081,99.548,0.2055,0.1849,0.0616,German
566,1082,99.375,0.1389,0.4861,0.0,German
567,1083,99.7502,0.2082,0.0416,0.0,German
568,1084,99.4103,0.4212,0.0842,0.0842,German
569,1085,99.3823,0.2745,0.2745,0.0686,German
570,1086,99.7976,0.0405,0.1215,0.0405,German
571,1088,99.3614,0.2554,0.2554,0.1277,German
572,1089,99.5324,0.334,0.0668,0.0668,German
573,1091,100.0,0.0,0.0,0.0,German
574,1093,99.3651,0.2381,0.3373,0.0595,German
575,1094,98.8462,0.4274,0.5128,0.2137,German
576,1095,99.1507,0.4671,0.2972,0.0849,German
577,1097,99.0618,0.4691,0.2985,0.1706,German
578,1098,99.503,0.2571,0.2057,0.0343,German
579,1099,99.0955,0.2513,0.402,0.2513,German
580,1100,99.8145,0.1855,0.0,0.0,German
581,1102,99.1142,0.5378,0.1898,0.1582,German
582,1103,99.0485,0.3432,0.5147,0.0936,German
583,1104,99.1387,0.3564,0.4455,0.0594,German
584,1107,99.5175,0.1135,0.2555,0.1135,German
585,1121,99.7797,0.2203,0.0,0.0,German
586,1122,99.8724,0.1276,0.0,0.0,German
587,1123,99.8134,0.0933,0.0933,0.0,German
588,1125,99.3555,0.3491,0.188,0.1074,German
589,1126,99.7442,0.2558,0.0,0.0,German
590,1127,99.2654,0.2755,0.0918,0.3673,German
591,1128,99.7941,0.1544,0.0,0.0515,German
592,1129,99.5008,0.0,0.4992,0.0,German
593,1130,99.2958,0.5869,0.1174,0.0,German
594,1131,99.5951,0.2699,0.0,0.135,German
595,1132,99.8277,0.0574,0.0,0.1149,German
596,1135,100.0,0.0,0.0,0.0,German
597,1136,99.7291,0.1548,0.1161,0.0,German
598,1137,99.4297,0.2535,0.2535,0.0634,German
599,1139,99.4874,0.3262,0.0932,0.0932,German
600,1140,99.2619,0.1687,0.4429,0.1265,German
601,1142,99.359,0.641,0.0,0.0,German
602,1143,99.4536,0.3415,0.1366,0.0683,German
603,1145,99.2248,0.5168,0.0,0.2584,German
604,1146,99.0231,0.0888,0.7105,0.1776,German
605,1147,98.9628,0.5186,0.5186,0.0,German
606,1150,99.6072,0.2806,0.0,0.1122,German
607,1151,99.6754,0.1082,0.1855,0.0309,German
608,1201,98.9983,0.2116,0.5926,0.1975,German
609,1202,98.1818,0.3306,0.5785,0.9091,German
610,1203,99.6494,0.1403,0.1403,0.0701,German
611,1204,100.0,0.0,0.0,0.0,German
612,1205,99.6476,0.1084,0.1898,0.0542,German
613,1206,99.0368,0.2627,0.5546,0.1459,German
614,1207,99.6231,0.0,0.3769,0.0,German
615,1208,99.3724,0.0,0.2092,0.4184,German
616,1209,99.5138,0.3241,0.0,0.1621,German
617,1210,98.0296,0.0,0.4926,1.4778,German
618,1211,99.8134,0.1866,0.0,0.0,German
619,1212,100.0,0.0,0.0,0.0,German
620,1213,99.3295,0.2459,0.3129,0.1118,German
621,1214,99.3797,0.0689,0.4135,0.1378,German
622,1215,99.0792,0.7366,0.1842,0.0,German
623,1216,99.6979,0.0504,0.1007,0.1511,German
624,1217,99.6845,0.0,0.3155,0.0,German
625,1218,99.7919,0.0,0.2081,0.0,German
626,1219,99.7354,0.0,0.2646,0.0,German
627,1220,99.7685,0.0,0.2315,0.0,German
628,1301,99.2153,0.2737,0.2646,0.2464,German
629,1311,99.0031,0.4361,0.4984,0.0623,German
630,1321,98.3916,0.8351,0.433,0.3402,German
631,1322,98.7141,0.4931,0.5124,0.2804,German
632,1323,98.1646,1.0262,0.5921,0.2171,German
633,1331,98.8728,0.501,0.4668,0.1594,German
634,1341,98.8541,0.5602,0.382,0.2037,German
635,1342,98.9599,0.52,0.2141,0.3059,German
636,1343,97.561,0.0,1.8293,0.6098,German
637,1344,98.7559,0.3218,0.6221,0.3003,German
638,1345,98.8739,0.2703,0.4955,0.3604,German
639,1346,99.2466,0.1884,0.3579,0.2072,German
640,1347,99.0901,0.1365,0.5914,0.182,German
641,1348,99.8945,0.1055,0.0,0.0,German
642,1349,99.5602,0.2329,0.1552,0.0517,German
643,1361,100.0,0.0,0.0,0.0,German
644,1362,98.9978,0.4088,0.3824,0.211,German
645,1363,99.8605,0.0,0.0,0.1395,German
646,1364,99.0884,0.2116,0.3907,0.3093,German
647,1365,99.5227,0.358,0.1193,0.0,German
648,1366,100.0,0.0,0.0,0.0,German
649,1367,99.8493,0.0904,0.0301,0.0301,German
650,1368,99.5556,0.2963,0.0,0.1481,German
651,1369,100.0,0.0,0.0,0.0,German
652,1370,99.4854,0.0,0.2287,0.2859,German
653,1371,99.5575,0.1475,0.0737,0.2212,German
654,1372,99.3563,0.1287,0.3175,0.1974,German
655,1373,99.2531,0.1179,0.3931,0.2358,German
656,1374,99.7558,0.0,0.1221,0.1221,German
657,1375,99.5775,0.1878,0.1878,0.0469,German
658,1401,99.5246,0.1664,0.2615,0.0475,German
659,1402,98.7413,0.7343,0.2448,0.2797,German
660,1403,99.7476,0.0947,0.0947,0.0631,German
661,1404,99.7472,0.2107,0.0211,0.0211,German
662,1405,99.505,0.33,0.11,0.055,German
663,1406,99.4138,0.373,0.1066,0.1066,German
664,1407,99.2344,0.37,0.268,0.1276,German
665,1501,99.1291,0.4922,0.2272,0.1515,German
666,1502,98.8454,0.3534,0.5655,0.2356,German
667,1503,99.6114,0.1943,0.0648,0.1295,German
668,1504,98.8338,0.1944,0.9718,0.0,German
669,1505,98.7757,0.5287,0.473,0.2226,German
670,1506,98.9625,0.5764,0.4611,0.0,German
671,1507,98.2418,0.9875,0.6021,0.1686,German
672,1508,99.3706,0.1851,0.3702,0.074,German
673,1509,98.9484,0.4692,0.4692,0.1133,German
674,1510,98.0914,1.0215,0.7527,0.1344,German
675,1511,99.4901,0.3399,0.1133,0.0567,German
676,1630,98.6865,0.3858,0.7635,0.1642,German
677,1631,98.8102,0.2541,0.6931,0.2426,German
678,1632,98.9897,0.2745,0.626,0.1098,German
679,1701,98.063,1.0169,0.7887,0.1314,German
680,1702,98.3438,0.8757,0.5711,0.2094,German
681,1703,98.3238,1.1066,0.4394,0.1302,German
682,1704,98.2938,1.0397,0.4799,0.1866,German
683,1705,98.3575,0.8844,0.4422,0.3159,German
684,1706,98.955,0.4976,0.3235,0.2239,German
685,1707,98.4871,1.0208,0.4192,0.0729,German
686,1708,98.1049,0.9832,0.7267,0.1852,German
687,1709,98.7585,0.7313,0.2891,0.2211,German
688,1710,98.114,1.3158,0.4386,0.1316,German
689,1711,97.3142,1.2203,1.1853,0.2803,German
690,2004,0.8368,98.7448,0.4184,0.0,French
691,2005,10.4072,88.914,0.4525,0.2262,French
692,2008,12.3506,86.4542,1.1952,0.0,French
693,2009,7.4675,92.5325,0.0,0.0,French
694,2010,10.0787,89.7638,0.0,0.1575,French
695,2011,3.4137,95.9839,0.6024,0.0,French
696,2013,6.2739,93.617,0.1091,0.0,French
697,2014,2.6365,96.9868,0.3766,0.0,French
698,2015,7.2775,92.3166,0.3479,0.058,French
699,2016,2.2514,97.7486,0.0,0.0,French
700,2022,26.9307,72.4752,0.5941,0.0,French
701,2024,8.2816,91.5114,0.207,0.0,French
702,2025,6.2092,93.4641,0.3268,0.0,French
703,2027,4.6429,95.3571,0.0,0.0,French
704,2029,5.2115,94.6045,0.1839,0.0,French
705,2033,8.6207,91.3793,0.0,0.0,French
706,2034,6.7308,92.7885,0.4808,0.0,French
707,2035,3.5587,96.4413,0.0,0.0,French
708,2038,9.2593,90.7407,0.0,0.0,French
709,2039,1.3216,98.6784,0.0,0.0,French
710,2040,1.6043,98.3957,0.0,0.0,French
711,2041,6.8224,92.9907,0.1869,0.0,French
712,2043,6.6667,93.3333,0.0,0.0,French
713,2044,4.1096,95.5479,0.3425,0.0,French
714,2045,11.1111,88.8889,0.0,0.0,French
715,2047,6.0729,93.1174,0.4049,0.4049,French
716,2049,1.8634,98.1366,0.0,0.0,French
717,2050,5.6443,93.8232,0.5325,0.0,French
718,2051,12.6984,87.1429,0.1587,0.0,French
719,2052,4.3534,94.8784,0.7682,0.0,French
720,2061,2.3392,97.6608,0.0,0.0,French
721,2063,2.2414,97.5862,0.0,0.1724,French
722,2066,5.8201,94.1799,0.0,0.0,French
723,2067,0.6154,99.3846,0.0,0.0,French
724,2068,9.1797,90.4297,0.3906,0.0,French
725,2072,2.8226,96.371,0.8065,0.0,French
726,2079,0.6536,99.3464,0.0,0.0,French
727,2086,1.5464,98.4536,0.0,0.0,French
728,2087,1.4943,98.3908,0.1149,0.0,French
729,2089,3.125,96.875,0.0,0.0,French
730,2096,3.0653,96.6823,0.2524,0.0,French
731,2097,1.2277,98.5491,0.1116,0.1116,French
732,2099,1.9287,97.9544,0.1169,0.0,French
733,2102,1.8476,97.9215,0.2309,0.0,French
734,2111,3.1328,96.7419,0.1253,0.0,French
735,2113,2.3893,97.5524,0.0583,0.0,French
736,2114,2.8293,96.9756,0.1951,0.0,French
737,2115,4.4944,95.1846,0.321,0.0,French
738,2116,2.1014,97.775,0.1236,0.0,French
739,2121,3.0159,96.9048,0.0,0.0794,French
740,2122,6.7261,93.0308,0.2431,0.0,French
741,2123,4.1436,95.0276,0.8287,0.0,French
742,2124,3.1401,96.4976,0.3623,0.0,French
743,2125,3.1814,96.4817,0.3088,0.0281,French
744,2128,9.4972,90.5028,0.0,0.0,French
745,2129,3.9474,96.0526,0.0,0.0,French
746,2130,11.2821,88.2051,0.5128,0.0,French
747,2131,3.4553,96.3415,0.2033,0.0,French
748,2134,2.1127,97.8873,0.0,0.0,French
749,2135,3.7708,95.8666,0.2175,0.145,French
750,2137,5.3613,94.4056,0.2331,0.0,French
751,2138,90.3846,9.6154,0.0,0.0,German
752,2140,3.4236,96.3376,0.2389,0.0,French
753,2143,2.9817,96.789,0.2294,0.0,French
754,2145,3.7123,96.2877,0.0,0.0,French
755,2147,4.8165,94.9541,0.2294,0.0,French
756,2148,3.2631,96.329,0.2719,0.136,French
757,2149,3.2013,96.6302,0.1685,0.0,French
758,2152,1.426,98.574,0.0,0.0,French
759,2153,2.611,97.1279,0.1305,0.1305,French
760,2155,1.9324,97.8261,0.1208,0.1208,French
761,2160,1.8494,97.8864,0.2642,0.0,French
762,2162,2.1469,97.8531,0.0,0.0,French
763,2163,7.9837,91.8415,0.1748,0.0,French
764,2171,6.1192,93.7198,0.161,0.0,French
765,2172,13.75,86.25,0.0,0.0,French
766,2173,2.812,96.8366,0.3515,0.0,French
767,2174,9.0909,90.2913,0.6178,0.0,French
768,2175,8.4755,91.2047,0.3198,0.0,French
769,2177,4.0462,95.9538,0.0,0.0,French
770,2179,15.0,85.0,0.0,0.0,French
771,2183,8.495,91.1706,0.3344,0.0,French
772,2184,5.4667,93.7333,0.6667,0.1333,French
773,2185,1.5748,97.6378,0.7874,0.0,French
774,2186,4.382,95.0562,0.5618,0.0,French
775,2189,9.9062,89.781,0.2086,0.1043,French
776,2192,4.5482,95.1444,0.2459,0.0615,French
777,2194,9.4118,90.5882,0.0,0.0,French
778,2196,27.3611,69.9004,2.5804,0.1581,French
779,2197,16.2724,81.9965,1.7311,0.0,French
780,2198,17.9726,81.4677,0.4353,0.1244,French
781,2200,6.3988,93.0804,0.5208,0.0,French
782,2206,19.5268,79.0159,1.2858,0.1714,French
783,2208,7.804,91.6515,0.5445,0.0,French
784,2211,7.209,92.1958,0.3968,0.1984,French
785,2213,6.4444,93.5556,0.0,0.0,French
786,2216,28.4615,70.0,1.5385,0.0,French
787,2217,9.2077,90.5782,0.2141,0.0,French
788,2220,9.9312,89.6389,0.4299,0.0,French
789,2221,6.3257,93.4051,0.2692,0.0,French
790,2222,5.6807,93.9275,0.3918,0.0,French
791,2223,3.7515,96.1313,0.1172,0.0,French
792,2225,4.717,95.283,0.0,0.0,French
793,2226,3.4983,95.9898,0.4266,0.0853,French
794,2228,13.2626,85.7206,0.9726,0.0442,French
795,2230,7.5758,92.4242,0.0,0.0,French
796,2231,3.1097,96.7267,0.1637,0.0,French
797,2233,9.8945,89.5778,0.5277,0.0,French
798,2234,4.2975,95.5372,0.0826,0.0826,French
799,2235,9.2227,90.1186,0.6588,0.0,French
800,2243,23.382,76.2004,0.4175,0.0,French
801,2250,67.7711,31.7771,0.4518,0.0,German
802,2251,95.9184,4.0816,0.0,0.0,German
803,2254,36.1936,63.2563,0.44,0.11,French
804,2257,44.1034,55.5735,0.3231,0.0,French
805,2258,98.6813,0.8791,0.4396,0.0,German
806,2259,94.3689,5.2427,0.3883,0.0,German
807,2260,99.2537,0.7463,0.0,0.0,German
808,2261,93.5252,5.7554,0.7194,0.0,German
809,2262,95.2472,4.5933,0.1276,0.0319,German
810,2264,95.3039,4.4199,0.0,0.2762,German
811,2265,97.2599,2.3707,0.3079,0.0616,German
812,2266,96.0825,3.0928,0.8247,0.0,German
813,2270,98.8701,1.1299,0.0,0.0,German
814,2271,85.5932,14.1949,0.2119,0.0,German
815,2272,9.9556,89.7778,0.2667,0.0,French
816,2274,92.5868,6.9401,0.4732,0.0,German
817,2275,88.4001,11.0309,0.4596,0.1094,German
818,2276,97.4834,2.2517,0.2649,0.0,German
819,2277,97.9487,2.0513,0.0,0.0,German
820,2278,97.4138,2.5862,0.0,0.0,German
821,2279,20.3271,79.6729,0.0,0.0,French
822,2280,35.9551,63.6704,0.3745,0.0,French
823,2281,39.1073,59.9362,0.9564,0.0,French
824,2283,44.9324,54.3919,0.3378,0.3378,French
825,2291,97.4957,2.3904,0.0569,0.0569,German
826,2292,98.8971,1.1029,0.0,0.0,German
827,2293,95.4883,4.3794,0.1322,0.0,German
828,2294,93.5793,6.3469,0.0738,0.0,German
829,2295,97.9585,1.4432,0.528,0.0704,German
830,2296,99.2502,0.656,0.0937,0.0,German
831,2298,97.4464,2.3493,0.2043,0.0,German
832,2299,97.6338,2.1972,0.1127,0.0563,German
833,2300,97.651,2.2371,0.1119,0.0,German
834,2301,96.2264,3.6743,0.0993,0.0,German
835,2302,98.6472,1.2987,0.0541,0.0,German
836,2303,95.9402,4.0598,0.0,0.0,German
837,2304,91.1051,8.8949,0.0,0.0,German
838,2305,97.5421,2.0875,0.2694,0.101,German
839,2306,95.3199,4.4654,0.1717,0.0429,German
840,2307,90.2804,9.6262,0.0935,0.0,German
841,2308,98.8819,0.8751,0.1458,0.0972,German
842,2309,97.9464,1.812,0.1691,0.0725,German
843,2310,98.6486,1.3514,0.0,0.0,German
844,2321,3.6962,95.9494,0.2532,0.1013,French
845,2323,4.5657,95.2116,0.2227,0.0,French
846,2325,2.7242,96.8502,0.4257,0.0,French
847,2328,3.6332,96.1938,0.173,0.0,French
848,2333,1.2103,98.6384,0.1513,0.0,French
849,2335,2.2222,97.7778,0.0,0.0,French
850,2336,2.416,96.9538,0.6303,0.0,French
851,2337,2.2277,97.401,0.2475,0.1238,French
852,2338,1.1222,98.6284,0.2494,0.0,French
853,2401,99.0401,0.4363,0.4363,0.0873,German
854,2402,99.2467,0.3766,0.3766,0.0,German
855,2403,98.8801,0.6588,0.3953,0.0659,German
856,2404,99.577,0.3021,0.1208,0.0,German
857,2405,99.7674,0.1163,0.1163,0.0,German
858,2406,99.0285,0.5552,0.347,0.0694,German
859,2407,99.1443,0.4721,0.2951,0.0885,German
860,2408,99.6183,0.1091,0.2726,0.0,German
861,2421,99.6183,0.1908,0.0,0.1908,German
862,2422,98.9276,0.6435,0.4051,0.0238,German
863,2423,95.2381,4.7619,0.0,0.0,German
864,2424,99.4371,0.5629,0.0,0.0,German
865,2425,99.6262,0.3738,0.0,0.0,German
866,2426,99.3261,0.4043,0.0674,0.2022,German
867,2427,99.6737,0.2447,0.0816,0.0,German
868,2428,99.5226,0.217,0.217,0.0434,German
869,2429,98.6124,0.9251,0.37,0.0925,German
870,2445,98.6063,1.3937,0.0,0.0,German
871,2455,99.0596,0.7837,0.1567,0.0,German
872,2456,99.1781,0.8219,0.0,0.0,German
873,2457,99.0923,0.8321,0.0756,0.0,German
874,2461,98.6799,1.1001,0.0,0.22,German
875,2463,99.6644,0.3356,0.0,0.0,German
876,2464,98.9631,0.9217,0.0,0.1152,German
877,2465,99.1453,0.7265,0.0855,0.0427,German
878,2471,97.6663,1.867,0.4667,0.0,German
879,2472,98.9117,0.3628,0.6046,0.1209,German
880,2473,97.8115,1.3622,0.6923,0.134,German
881,2474,98.4496,1.2403,0.3101,0.0,German
882,2475,99.422,0.3854,0.1927,0.0,German
883,2476,98.3777,1.2895,0.3328,0.0,German
884,2477,99.3515,0.6485,0.0,0.0,German
885,2478,99.5098,0.4085,0.0817,0.0,German
886,2479,98.5738,1.3423,0.0,0.0839,German
887,2480,99.209,0.565,0.113,0.113,German
888,2481,97.6007,2.1422,0.2571,0.0,German
889,2491,98.8281,0.0,0.0,1.1719,German
890,2492,99.2,0.8,0.0,0.0,German
891,2493,99.2749,0.3468,0.2837,0.0946,German
892,2495,98.5075,0.5686,0.8884,0.0355,German
893,2497,98.8319,0.6489,0.4543,0.0649,German
894,2498,100.0,0.0,0.0,0.0,German
895,2499,98.7845,0.5525,0.1105,0.5525,German
896,2500,98.4619,0.5916,0.8282,0.1183,German
897,2501,98.8896,0.2613,0.7838,0.0653,German
898,2502,99.0148,0.0,0.2463,0.7389,German
899,2503,98.7654,0.7168,0.4381,0.0796,German
900,2511,99.723,0.1847,0.0923,0.0,German
901,2513,98.9365,0.6148,0.4154,0.0332,German
902,2514,98.0519,1.9481,0.0,0.0,German
903,2516,99.2798,0.4986,0.2216,0.0,German
904,2517,98.8667,0.5893,0.5213,0.0227,German
905,2518,99.458,0.542,0.0,0.0,German
906,2519,98.5925,0.8378,0.5027,0.067,German
907,2520,99.3369,0.5305,0.1326,0.0,German
908,2523,98.973,0.5135,0.5135,0.0,German
909,2524,100.0,0.0,0.0,0.0,German
910,2525,99.418,0.582,0.0,0.0,German
911,2526,98.7592,0.8732,0.3217,0.046,German
912,2527,98.9394,0.3409,0.6439,0.0758,German
913,2528,98.8989,0.6006,0.5005,0.0,German
914,2529,99.3671,0.6329,0.0,0.0,German
915,2530,99.589,0.137,0.2055,0.0685,German
916,2532,99.0248,0.5762,0.3546,0.0443,German
917,2534,98.07,1.0823,0.7756,0.0722,German
918,2535,99.8496,0.1504,0.0,0.0,German
919,2541,99.435,0.565,0.0,0.0,German
920,2542,98.4017,0.8258,0.6926,0.0799,German
921,2543,97.8473,1.6402,0.4357,0.0769,German
922,2544,98.7377,0.8415,0.4208,0.0,German
923,2545,99.6739,0.2174,0.0,0.1087,German
924,2546,95.7879,3.1129,0.9649,0.1343,German
925,2547,99.1705,0.553,0.1843,0.0922,German
926,2548,99.3779,0.4666,0.1555,0.0,German
927,2549,100.0,0.0,0.0,0.0,German
928,2550,98.3023,0.8655,0.7656,0.0666,German
929,2551,98.9247,0.8449,0.2304,0.0,German
930,2553,98.4021,1.3316,0.1332,0.1332,German
931,2554,99.1784,0.4695,0.2347,0.1174,German
932,2555,98.8705,0.9789,0.0753,0.0753,German
933,2556,98.4462,1.2351,0.3187,0.0,German
934,2571,99.4801,0.1733,0.3466,0.0,German
935,2572,99.2861,0.2856,0.3808,0.0476,German
936,2573,97.9899,0.691,1.2877,0.0314,German
937,2574,99.1489,0.0,0.4255,0.4255,German
938,2575,99.3077,0.4615,0.0,0.2308,German
939,2576,99.1787,0.3382,0.4348,0.0483,German
940,2578,99.2349,0.306,0.306,0.153,German
941,2579,98.7791,0.5272,0.6382,0.0555,German
942,2580,98.412,0.9074,0.6352,0.0454,German
943,2581,97.8639,1.1043,0.9028,0.129,German
944,2582,98.8834,0.6203,0.2481,0.2481,German
945,2583,97.4704,1.2808,1.1207,0.1281,German
946,2584,99.4614,0.3591,0.1795,0.0,German
947,2585,99.6711,0.3289,0.0,0.0,German
948,2586,98.6741,0.663,0.5834,0.0796,German
949,2601,98.0934,1.2958,0.5117,0.099,German
950,2611,98.7835,0.9732,0.1217,0.1217,German
951,2612,99.0066,0.9934,0.0,0.0,German
952,2613,98.809,0.7803,0.3285,0.0821,German
953,2614,98.9117,0.7255,0.3023,0.0605,German
954,2615,98.7668,1.2332,0.0,0.0,German
955,2616,98.1707,1.626,0.2033,0.0,German
956,2617,99.7877,0.2123,0.0,0.0,German
957,2618,99.0794,0.5754,0.3452,0.0,German
958,2619,98.6979,0.8681,0.2604,0.1736,German
959,2620,98.791,0.5181,0.1727,0.5181,German
960,2621,99.3545,0.4695,0.1174,0.0587,German
961,2622,99.1023,0.5386,0.0,0.3591,German
962,2701,95.8052,2.604,1.4483,0.1424,German
963,2702,98.7342,0.9494,0.3165,0.0,German
964,2703,97.3649,1.8048,0.6862,0.1442,German
965,2761,97.5,1.3757,1.0053,0.119,German
966,2762,96.9896,2.0679,0.8407,0.1017,German
967,2763,97.4218,1.8778,0.5812,0.1192,German
968,2764,97.9407,1.771,0.2059,0.0824,German
969,2765,95.9946,2.6885,1.1444,0.1726,German
970,2766,96.3894,2.0031,1.4927,0.1148,German
971,2767,96.6697,2.56,0.6797,0.0906,German
972,2768,98.4926,1.0698,0.389,0.0486,German
973,2769,97.4037,1.657,0.8654,0.0739,German
974,2770,97.5326,1.6108,0.7468,0.1098,German
975,2771,97.3657,2.0015,0.5553,0.0775,German
976,2772,98.4333,1.0805,0.3782,0.108,German
977,2773,97.5136,1.7012,0.7328,0.0523,German
978,2774,98.1691,1.4821,0.3487,0.0,German
979,2775,98.0384,1.454,0.4252,0.0823,German
980,2781,98.3897,1.6103,0.0,0.0,German
981,2782,99.1519,0.4626,0.3855,0.0,German
982,2783,98.6111,0.463,0.9259,0.0,German
983,2784,98.4424,1.0903,0.3115,0.1558,German
984,2785,97.7121,1.9066,0.286,0.0953,German
985,2786,97.9298,1.8002,0.09,0.18,German
986,2787,97.389,1.6151,0.9152,0.0808,German
987,2788,98.0952,1.4286,0.4762,0.0,German
988,2789,98.8201,0.59,0.59,0.0,German
989,2790,97.3856,2.2876,0.3268,0.0,German
990,2791,98.8,1.0,0.2,0.0,German
991,2792,99.1446,0.5988,0.2566,0.0,German
992,2793,97.5493,1.9127,0.4782,0.0598,German
993,2821,98.5437,0.89,0.5663,0.0,German
994,2822,97.0706,1.9973,0.7989,0.1332,German
995,2823,99.1628,0.6481,0.135,0.054,German
996,2824,98.3221,0.743,0.8869,0.0479,German
997,2825,98.0107,1.4525,0.4421,0.0947,German
998,2826,98.0848,1.2312,0.684,0.0,German
999,2827,100.0,0.0,0.0,0.0,German
1000,2828,97.8549,0.875,1.1854,0.0847,German
1001,2829,98.3113,0.965,0.6188,0.1049,German
1002,2830,99.1213,0.703,0.1757,0.0,German
1003,2831,97.5413,1.1381,1.1488,0.1718,German
1004,2832,98.2456,1.5789,0.1754,0.0,German
1005,2833,98.3363,1.4886,0.0876,0.0876,German
1006,2834,98.9457,0.811,0.2433,0.0,German
1007,2841,99.5662,0.4338,0.0,0.0,German
1008,2842,97.6783,1.3267,0.8292,0.1658,German
1009,2843,99.1243,0.5254,0.3503,0.0,German
1010,2844,99.8822,0.1178,0.0,0.0,German
1011,2845,99.537,0.0,0.463,0.0,German
1012,2846,98.6108,0.8514,0.4705,0.0672,German
1013,2847,99.5833,0.4167,0.0,0.0,German
1014,2848,99.6364,0.0,0.3636,0.0,German
1015,2849,98.737,0.8172,0.3715,0.0743,German
1016,2850,98.5849,0.2358,0.9434,0.2358,German
1017,2851,96.2617,3.7383,0.0,0.0,German
1018,2852,99.115,0.354,0.531,0.0,German
1019,2853,98.913,0.7246,0.3623,0.0,German
1020,2854,98.9899,0.5051,0.0,0.5051,German
1021,2855,99.7319,0.2681,0.0,0.0,German
1022,2856,99.2262,0.4762,0.2381,0.0595,German
1023,2857,99.7854,0.2146,0.0,0.0,German
1024,2858,98.452,1.0836,0.4644,0.0,German
1025,2859,100.0,0.0,0.0,0.0,German
1026,2860,99.1085,0.5944,0.1486,0.1486,German
1027,2861,98.8751,0.551,0.4591,0.1148,German
1028,2862,99.1883,0.3247,0.3247,0.1623,German
1029,2863,99.4186,0.3488,0.2326,0.0,German
1030,2864,99.3871,0.4086,0.2043,0.0,German
1031,2865,99.685,0.315,0.0,0.0,German
1032,2866,99.262,0.738,0.0,0.0,German
1033,2867,99.6933,0.3067,0.0,0.0,German
1034,2868,99.2941,0.2353,0.4706,0.0,German
1035,2869,98.7434,0.4833,0.725,0.0483,German
1036,2881,98.8987,1.1013,0.0,0.0,German
1037,2882,99.4737,0.5263,0.0,0.0,German
1038,2883,99.0991,0.6006,0.3003,0.0,German
1039,2884,99.1603,0.458,0.3817,0.0,German
1040,2885,99.6146,0.1927,0.1927,0.0,German
1041,2886,98.9831,0.6215,0.3955,0.0,German
1042,2887,98.6047,0.9302,0.4651,0.0,German
1043,2888,98.703,0.7782,0.3891,0.1297,German
1044,2889,100.0,0.0,0.0,0.0,German
1045,2890,99.3151,0.6849,0.0,0.0,German
1046,2891,98.4646,0.6008,0.7343,0.2003,German
1047,2892,98.7328,0.6864,0.3168,0.264,German
1048,2893,98.4195,1.0057,0.431,0.1437,German
1049,2894,99.7305,0.2695,0.0,0.0,German
1050,2895,98.8134,0.4315,0.6472,0.1079,German
1051,2901,99.3865,0.3681,0.1227,0.1227,German
1052,2903,99.5141,0.3887,0.0972,0.0,German
1053,2904,99.026,0.3896,0.5195,0.0649,German
1054,2914,99.0654,0.0,0.9346,0.0,German
1055,2915,99.4366,0.0,0.4225,0.1408,German
1056,2917,99.1708,0.4975,0.1658,0.1658,German
1057,2919,99.336,0.2656,0.3984,0.0,German
1058,2920,98.9067,0.4068,0.5339,0.1526,German
1059,2931,100.0,0.0,0.0,0.0,German
1060,2932,98.7162,0.5205,0.6593,0.1041,German
1061,2933,98.7755,0.8163,0.2721,0.1361,German
1062,2936,99.6779,0.161,0.161,0.0,German
1063,2937,98.4669,0.5411,0.8117,0.1804,German
1064,2938,98.8014,0.6849,0.3425,0.1712,German
1065,2939,98.5639,0.584,0.7121,0.14,German
1066,2951,99.5745,0.2128,0.2128,0.0,German
1067,2952,99.6151,0.2566,0.1283,0.0,German
1068,2953,99.8476,0.0,0.1524,0.0,German
1069,2961,99.5902,0.4098,0.0,0.0,German
1070,2962,99.1549,0.8451,0.0,0.0,German
1071,2963,99.8235,0.1765,0.0,0.0,German
1072,2964,99.0373,0.5442,0.1674,0.2512,German
1073,2971,99.3236,0.3382,0.3382,0.0,German
1074,2972,99.7326,0.0,0.0,0.2674,German
1075,2973,99.7908,0.0,0.2092,0.0,German
1076,2974,99.0716,0.1989,0.5968,0.1326,German
1077,3001,99.1309,0.2978,0.4587,0.1127,German
1078,3002,100.0,0.0,0.0,0.0,German
1079,3003,100.0,0.0,0.0,0.0,German
1080,3004,99.6411,0.2872,0.0718,0.0,German
1081,3005,99.5367,0.3089,0.0,0.1544,German
1082,3006,99.4668,0.0485,0.3878,0.0969,German
1083,3007,99.6578,0.2738,0.0,0.0684,German
1084,3021,98.398,0.5902,0.6745,0.3373,German
1085,3022,99.3459,0.2453,0.3271,0.0818,German
1086,3023,99.2047,0.2356,0.2062,0.3535,German
1087,3024,98.7642,0.6888,0.3849,0.1621,German
1088,3025,99.2188,0.1803,0.5409,0.0601,German
1089,3031,99.027,0.3243,0.3243,0.3243,German
1090,3032,99.3693,0.2523,0.2838,0.0946,German
1091,3033,99.8148,0.0,0.0926,0.0926,German
1092,3034,99.5012,0.3117,0.187,0.0,German
1093,3035,99.2424,0.4545,0.1515,0.1515,German
1094,3036,98.5969,0.6378,0.5102,0.2551,German
1095,3037,99.1749,0.44,0.165,0.22,German
1096,3038,98.9369,0.1993,0.4651,0.3987,German
1097,3101,99.4037,0.2294,0.2982,0.0688,German
1098,3102,99.7771,0.0743,0.1486,0.0,German
1099,3103,99.7109,0.0723,0.1084,0.1084,German
1100,3104,99.5467,0.4533,0.0,0.0,German
1101,3105,99.205,0.2839,0.3407,0.1704,German
1102,3111,99.7593,0.0,0.1203,0.1203,German
1103,3201,99.7175,0.0942,0.0,0.1883,German
1104,3202,99.7067,0.1955,0.0,0.0978,German
1105,3203,98.07,0.8351,0.8544,0.2405,German
1106,3204,99.2551,0.304,0.3192,0.1216,German
1107,3211,99.2,0.1333,0.2667,0.4,German
1108,3212,98.8918,0.6332,0.3694,0.1055,German
1109,3213,99.2556,0.1935,0.4169,0.134,German
1110,3214,99.3068,0.3813,0.208,0.104,German
1111,3215,98.4146,0.5481,0.8025,0.2349,German
1112,3216,99.1233,0.259,0.518,0.0996,German
1113,3217,99.0877,0.3475,0.3041,0.2606,German
1114,3218,98.8147,0.431,0.7543,0.0,German
1115,3219,99.6471,0.1176,0.1176,0.1176,German
1116,3231,99.2311,0.294,0.3392,0.1357,German
1117,3232,99.2585,0.3224,0.2901,0.1289,German
1118,3233,99.6043,0.1079,0.2518,0.036,German
1119,3234,99.5347,0.2204,0.1959,0.049,German
1120,3235,98.9705,0.1872,0.5147,0.3276,German
1121,3236,98.7408,0.3686,0.5221,0.3686,German
1122,3237,99.3698,0.2236,0.2236,0.183,German
1123,3238,99.2006,0.2842,0.3731,0.1421,German
1124,3251,99.2383,0.1088,0.3869,0.266,German
1125,3252,99.6416,0.1792,0.0896,0.0896,German
1126,3253,99.3225,0.271,0.1355,0.271,German
1127,3254,99.6539,0.0752,0.1956,0.0752,German
1128,3255,99.1517,0.2375,0.4411,0.1697,German
1129,3256,99.6255,0.1248,0.1248,0.1248,German
1130,3271,98.5513,0.4176,0.5482,0.4829,German
1131,3272,99.2397,0.2001,0.3601,0.2001,German
1132,3273,99.2554,0.2234,0.2792,0.242,German
1133,3274,99.1756,0.1649,0.3572,0.3023,German
1134,3275,98.8239,0.1271,0.3179,0.7311,German
1135,3276,98.8295,0.1862,0.6917,0.2926,German
1136,3291,97.939,0.4818,0.4015,1.1777,German
1137,3292,99.7174,0.1028,0.0771,0.1028,German
1138,3293,99.1369,0.1042,0.2827,0.4762,German
1139,3294,99.2744,0.066,0.1319,0.5277,German
1140,3295,99.0095,0.2701,0.2251,0.4953,German
1141,3296,98.5849,0.3669,0.4979,0.5503,German
1142,3297,98.9708,0.1429,0.2573,0.6289,German
1143,3298,98.3923,0.5627,0.6967,0.3483,German
1144,3311,99.4298,0.2138,0.3564,0.0,German
1145,3312,99.5466,0.1008,0.1008,0.2519,German
1146,3313,99.2096,0.2062,0.3093,0.2749,German
1147,3315,99.3304,0.2551,0.1594,0.2551,German
1148,3316,98.9474,0.4049,0.5668,0.081,German
1149,3338,99.2976,0.2634,0.3951,0.0439,German
1150,3339,98.9723,0.1542,0.3083,0.5653,German
1151,3340,98.2686,0.6499,0.7435,0.338,German
1152,3341,99.3062,0.311,0.2392,0.1435,German
1153,3342,99.344,0.2982,0.1938,0.164,German
1154,3352,99.115,0.2631,0.4544,0.1674,German
1155,3359,99.5781,0.2532,0.0422,0.1266,German
1156,3360,99.4829,0.2177,0.1633,0.1361,German
1157,3372,100.0,0.0,0.0,0.0,German
1158,3374,99.0722,0.1988,0.6627,0.0663,German
1159,3375,99.4431,0.1591,0.2387,0.1591,German
1160,3378,99.4377,0.22,0.2689,0.0733,German
1161,3379,99.0329,0.261,0.6448,0.0614,German
1162,3392,99.354,0.1822,0.3479,0.116,German
1163,3393,99.362,0.0,0.319,0.319,German
1164,3394,99.7525,0.0707,0.0707,0.1061,German
1165,3395,99.4362,0.1538,0.2819,0.1281,German
1166,3401,99.3185,0.2478,0.2788,0.1549,German
1167,3402,99.2257,0.2922,0.3944,0.0877,German
1168,3405,99.5076,0.211,0.2462,0.0352,German
1169,3407,99.2194,0.2532,0.3586,0.1688,German
1170,3408,98.803,0.3844,0.604,0.2087,German
1171,3422,99.6954,0.0762,0.1523,0.0762,German
1172,3423,99.7532,0.0823,0.1234,0.0411,German
1173,3424,99.7375,0.1167,0.0875,0.0583,German
1174,3426,99.8208,0.0597,0.1195,0.0,German
1175,3427,98.9771,0.3516,0.4859,0.1854,German
1176,3441,99.4421,0.3487,0.1395,0.0697,German
1177,3442,99.1023,0.3804,0.3652,0.1522,German
1178,3443,99.1265,0.2569,0.4478,0.1688,German
1179,3444,99.4041,0.4557,0.1052,0.0351,German
1180,3503,98.7179,0.0,0.0,1.2821,German
1181,3506,88.4052,0.3448,0.7759,10.4741,German
1182,3513,56.9412,0.9412,0.2353,41.8824,German
1183,3514,98.6726,0.0,0.0,1.3274,German
1184,3521,87.7193,0.0,0.2193,12.0614,German
1185,3522,94.1772,0.7595,1.519,3.5443,German
1186,3531,57.754,0.0,28.877,13.369,German
1187,3532,35.8491,0.6289,1.2579,62.2642,Romansh
1188,3533,57.4468,2.1277,4.2553,36.1702,German
1189,3534,42.4242,0.0,0.0,57.5758,Romansh
1190,3536,33.3333,0.0,0.9434,65.7233,Romansh
1191,3538,17.5258,0.0,1.0309,81.4433,Romansh
1192,3539,37.4512,0.2601,2.2107,60.078,Romansh
1193,3540,19.3182,0.0,1.1364,79.5455,Romansh
1194,3541,40.566,0.9434,0.6289,57.8616,Romansh
1195,3542,66.7972,0.1566,0.9397,32.1065,German
1196,3551,5.7117,0.1813,93.3817,0.7253,Italian
1197,3561,8.0572,0.6823,90.8057,0.4548,Italian
1198,3572,27.9749,0.4175,1.0438,70.5637,Romansh
1199,3575,52.6958,0.3052,0.6104,46.3886,German
1200,3581,40.1408,0.0,0.0,59.8592,Romansh
1201,3582,30.9322,0.4237,0.8475,67.7966,Romansh
1202,3603,96.347,0.1142,0.6849,2.8539,German
1203,3611,13.0435,0.4348,0.0,86.5217,Romansh
1204,3612,94.4664,0.3953,0.1318,5.0066,German
1205,3616,32.6923,0.2747,0.2747,66.7582,Romansh
1206,3617,50.8251,0.0,0.0,49.1749,German
1207,3618,12.2713,0.1339,0.1339,87.461,Romansh
1208,3619,47.0254,0.3555,0.64,51.9791,Romansh
1209,3633,95.2055,0.0,1.3699,3.4247,German
1210,3637,89.5317,0.0,1.6529,8.8154,German
1211,3638,96.799,0.128,0.8963,2.1767,German
1212,3640,96.7258,0.5457,0.8186,1.91,German
1213,3661,94.0945,0.1125,1.2936,4.4994,German
1214,3662,95.5414,0.0,0.6369,3.8217,German
1215,3663,95.9184,0.5831,0.0,3.4985,German
1216,3668,92.9886,0.2486,1.4421,5.3207,German
1217,3669,98.6577,0.0,0.0,1.3423,German
1218,3670,100.0,0.0,0.0,0.0,German
1219,3672,98.2609,0.0,0.6522,1.087,German
1220,3673,93.0716,0.3464,0.4619,6.1201,German
1221,3681,96.732,0.0,1.3072,1.9608,German
1222,3691,98.7013,0.0,0.0,1.2987,German
1223,3693,98.3871,1.6129,0.0,0.0,German
1224,3694,96.1111,0.2778,1.3889,2.2222,German
1225,3695,96.3303,0.0,0.0,3.6697,German
1226,3701,86.8421,0.2924,0.731,12.1345,German
1227,3703,41.8182,0.0,1.8182,56.3636,Romansh
1228,3705,41.9355,0.0,1.0753,56.9892,Romansh
1229,3707,48.0,0.0,0.0,52.0,Romansh
1230,3708,46.1538,0.0,0.0,53.8462,Romansh
1231,3711,90.3846,0.0,0.0,9.6154,German
1232,3712,84.106,0.9934,1.3245,13.5762,German
1233,3713,94.6809,1.0638,1.0638,3.1915,German
1234,3721,92.5234,0.3738,1.028,6.0748,German
1235,3722,83.4244,0.3036,2.1048,14.1672,German
1236,3723,86.7265,0.499,0.7984,11.976,German
1237,3731,95.8311,0.3249,0.5956,3.2485,German
1238,3732,84.9977,0.6967,0.5109,13.7947,German
1239,3733,94.5165,0.5982,0.7976,4.0877,German
1240,3734,76.7396,0.2982,1.1928,21.7694,German
1241,3746,29.5567,0.2463,1.8883,68.3087,Romansh
1242,3752,98.2622,0.158,0.6319,0.9479,German
1243,3762,34.5358,0.7162,1.008,63.7401,Romansh
1244,3764,17.8934,0.0,0.3807,81.7259,Romansh
1245,3781,71.7949,0.9158,5.8608,21.4286,German
1246,3782,74.1969,0.5181,8.1865,17.0984,German
1247,3783,59.2593,0.7407,11.1111,28.8889,German
1248,3784,78.4757,1.0586,8.3275,12.1383,German
1249,3785,71.8531,0.6993,4.1958,23.2517,German
1250,3786,68.5749,0.5204,10.7686,20.1361,German
1251,3787,79.8273,1.0935,11.5971,7.482,German
1252,3788,38.3743,0.3781,1.5123,59.7353,Romansh
1253,3789,75.2809,0.9363,6.9288,16.8539,German
1254,3790,75.0,0.2941,10.4412,14.2647,German
1255,3791,58.1582,1.4014,5.7057,34.7347,German
1256,3792,20.1923,0.1479,76.8491,2.8107,Italian
1257,3804,6.7308,0.9615,92.3077,0.0,Italian
1258,3805,17.3267,1.9802,80.6931,0.0,Italian
1259,3808,12.2951,3.2787,84.4262,0.0,Italian
1260,3810,7.4766,2.8037,89.7196,0.0,Italian
1261,3821,14.3351,0.6908,84.456,0.5181,Italian
1262,3822,6.7925,0.4717,92.5472,0.1887,Italian
1263,3823,3.7671,0.0,96.2329,0.0,Italian
1264,3831,6.1856,1.0309,92.7835,0.0,Italian
1265,3832,7.9341,0.8982,91.1677,0.0,Italian
1266,3833,11.0092,0.0,88.9908,0.0,Italian
1267,3834,3.6374,0.7275,95.4113,0.2238,Italian
1268,3835,8.1174,1.209,90.5009,0.1727,Italian
1269,3836,14.6853,0.0,85.3147,0.0,Italian
1270,3837,21.7172,1.0101,77.2727,0.0,Italian
1271,3847,21.1258,0.2649,0.4636,78.1457,Romansh
1272,3851,96.5868,0.6296,0.8285,1.9552,German
1273,3861,98.9011,0.0,0.3663,0.7326,German
1274,3862,100.0,0.0,0.0,0.0,German
1275,3863,98.7342,0.1947,0.1947,0.8763,German
1276,3871,97.8756,0.6158,0.5234,0.9852,German
1277,3881,98.913,0.0,0.0,1.087,German
1278,3882,98.7936,0.134,0.6702,0.4021,German
1279,3883,99.0331,0.2762,0.2762,0.4144,German
1280,3891,99.531,0.0938,0.0,0.3752,German
1281,3893,99.7067,0.0,0.0,0.2933,German
1282,3901,90.4723,0.3777,2.5801,6.5699,German
1283,3911,96.0,0.2899,0.5217,3.1884,German
1284,3921,97.2425,0.4319,0.9967,1.3289,German
1285,3926,96.9199,0.0,1.0267,2.0534,German
1286,3932,99.3464,0.0,0.0,0.6536,German
1287,3941,95.6815,0.135,2.0243,2.1592,German
1288,3945,96.8165,0.2247,0.7491,2.2097,German
1289,3946,96.6316,0.1053,0.8421,2.4211,German
1290,3947,96.7616,0.3512,0.6633,2.224,German
1291,3951,99.0177,0.0,0.1965,0.7859,German
1292,3952,98.2009,0.4498,0.0,1.3493,German
1293,3953,97.8241,0.1389,0.5556,1.4815,German
1294,3954,98.0226,0.2825,0.339,1.3559,German
1295,3955,95.2548,0.3981,1.1943,3.1529,German
1296,3961,99.0044,0.1867,0.1245,0.6845,German
1297,3962,97.4923,0.176,0.9679,1.3638,German
1298,3972,98.8176,0.0845,0.4223,0.6757,German
1299,3981,13.7806,0.1813,0.4533,85.5848,Romansh
1300,3982,19.6002,0.1463,0.7314,79.5222,Romansh
1301,3983,5.4393,0.0,0.4184,94.1423,Romansh
1302,3985,9.8373,0.4648,0.5422,89.1557,Romansh
1303,3986,21.065,0.1566,0.3132,78.4652,Romansh
1304,3987,14.4939,0.1534,0.6902,84.6626,Romansh
1305,4001,98.0483,1.0717,0.7807,0.0994,German
1306,4002,98.6288,0.5877,0.4897,0.2938,German
1307,4003,98.3255,0.684,0.9434,0.0472,German
1308,4004,99.7072,0.1464,0.1464,0.0,German
1309,4005,98.95,0.6155,0.3259,0.1086,German
1310,4006,98.9597,0.2697,0.5972,0.1734,German
1311,4007,99.0663,0.2801,0.6536,0.0,German
1312,4008,98.7161,0.737,0.4993,0.0476,German
1313,4009,98.5642,0.7897,0.5025,0.1436,German
1314,4010,98.4023,0.7315,0.8085,0.0577,German
1315,4012,98.1153,1.0701,0.7187,0.0958,German
1316,4013,98.0798,1.2048,0.5271,0.1883,German
1317,4021,97.6813,1.4165,0.7589,0.1433,German
1318,4022,99.1387,0.5168,0.0861,0.2584,German
1319,4023,97.9167,1.3566,0.5329,0.1938,German
1320,4024,99.4775,0.418,0.1045,0.0,German
1321,4026,96.4347,2.2766,1.0309,0.2577,German
1322,4027,98.5452,0.9188,0.4594,0.0766,German
1323,4028,97.851,1.5759,0.5731,0.0,German
1324,4029,97.8488,1.1082,1.0104,0.0326,German
1325,4030,97.6806,0.7136,0.9813,0.6244,German
1326,4031,98.9867,0.4677,0.1559,0.3897,German
1327,4032,98.5657,0.4781,0.7171,0.239,German
1328,4033,98.6009,0.6329,0.6329,0.1332,German
1329,4034,97.9592,0.6279,1.1886,0.2243,German
1330,4035,98.8428,0.7715,0.1929,0.1929,German
1331,4037,98.5456,0.9223,0.4257,0.1064,German
1332,4038,97.8773,1.4859,0.5017,0.1351,German
1333,4039,98.6425,0.7111,0.3878,0.2586,German
1334,4040,96.8816,1.4539,1.4749,0.1896,German
1335,4041,98.9231,0.7692,0.3077,0.0,German
1336,4042,97.065,1.3277,1.4675,0.1398,German
1337,4044,97.6915,1.3319,0.7325,0.2442,German
1338,4045,97.7585,1.0121,1.0571,0.1724,German
1339,4046,99.1023,0.4488,0.2693,0.1795,German
1340,4047,98.7902,0.6568,0.4494,0.1037,German
1341,4048,98.2253,1.1122,0.4969,0.1656,German
1342,4049,98.1475,0.9437,0.5592,0.3495,German
1343,4061,98.1528,1.3434,0.5038,0.0,German
1344,4062,98.2259,0.9653,0.4696,0.3392,German
1345,4063,98.7807,0.6883,0.4523,0.0787,German
1346,4064,98.8818,0.4792,0.3195,0.3195,German
1347,4065,98.1328,0.4149,1.2448,0.2075,German
1348,4066,99.0132,0.8224,0.1645,0.0,German
1349,4067,99.0468,0.4333,0.26,0.26,German
1350,4068,99.3162,0.2279,0.2849,0.1709,German
1351,4071,98.5955,0.5618,0.632,0.2107,German
1352,4072,98.7156,0.6422,0.367,0.2752,German
1353,4073,98.675,0.7015,0.3118,0.3118,German
1354,4074,98.2737,0.9864,0.5549,0.185,German
1355,4075,97.8794,0.8946,0.9609,0.2651,German
1356,4076,99.3289,0.3098,0.2581,0.1033,German
1357,4077,99.3308,0.2868,0.1912,0.1912,German
1358,4078,99.0964,0.6024,0.3012,0.0,German
1359,4079,99.017,0.1787,0.4468,0.3575,German
1360,4080,98.5135,0.5035,0.6713,0.3117,German
1361,4081,98.1332,1.089,0.3734,0.4045,German
1362,4082,98.3417,0.5782,0.971,0.1091,German
1363,4083,98.5054,0.6793,0.5435,0.2717,German
1364,4084,99.7326,0.2674,0.0,0.0,German
1365,4091,99.5106,0.2447,0.1631,0.0816,German
1366,4092,97.0541,1.6604,1.2319,0.0536,German
1367,4093,98.5554,0.9631,0.4815,0.0,German
1368,4094,99.631,0.369,0.0,0.0,German
1369,4095,98.0395,1.1533,0.6791,0.1281,German
1370,4096,99.4671,0.5329,0.0,0.0,German
1371,4097,99.1071,0.4464,0.4464,0.0,German
1372,4099,97.4359,1.1396,1.4245,0.0,German
1373,4100,98.6159,0.8403,0.3955,0.1483,German
1374,4104,98.5245,0.6036,0.4695,0.4024,German
1375,4105,100.0,0.0,0.0,0.0,German
1376,4106,98.9305,0.8021,0.2674,0.0,German
1377,4107,98.2167,0.9602,0.6859,0.1372,German
1378,4110,97.8769,1.6985,0.4246,0.0,German
1379,4111,98.5307,0.8643,0.605,0.0,German
1380,4112,99.1031,0.5979,0.1495,0.1495,German
1381,4113,98.3486,1.4679,0.1835,0.0,German
1382,4114,98.4581,1.1013,0.3304,0.1101,German
1383,4117,99.4505,0.1374,0.2747,0.1374,German
1384,4120,99.3816,0.1767,0.3534,0.0883,German
1385,4121,98.1844,0.9078,0.7682,0.1397,German
1386,4122,98.2569,1.0092,0.5505,0.1835,German
1387,4123,98.4629,0.4392,0.9223,0.1757,German
1388,4124,99.3558,0.5011,0.0716,0.0716,German
1389,4125,99.3247,0.2597,0.1558,0.2597,German
1390,4131,99.1087,0.4244,0.4244,0.0424,German
1391,4132,98.8166,0.8284,0.355,0.0,German
1392,4133,99.5468,0.1511,0.3021,0.0,German
1393,4134,99.2577,0.4242,0.3181,0.0,German
1394,4135,99.3862,0.5022,0.1116,0.0,German
1395,4136,98.8978,0.8016,0.3006,0.0,German
1396,4137,99.2084,0.0,0.7916,0.0,German
1397,4138,99.5246,0.1585,0.317,0.0,German
1398,4139,99.0984,0.4379,0.3349,0.1288,German
1399,4140,99.1654,0.5738,0.1565,0.1043,German
1400,4141,98.923,0.5091,0.4504,0.1175,German
1401,4142,99.6445,0.1185,0.0,0.237,German
1402,4143,99.2851,0.5362,0.1787,0.0,German
1403,4144,98.8893,0.5183,0.5183,0.074,German
1404,4145,99.8359,0.1641,0.0,0.0,German
1405,4146,98.7129,0.495,0.7426,0.0495,German
1406,4147,99.5645,0.2613,0.0,0.1742,German
1407,4161,99.3494,0.3253,0.3253,0.0,German
1408,4163,99.2578,0.4049,0.2699,0.0675,German
1409,4164,99.322,0.565,0.113,0.0,German
1410,4165,99.0177,0.668,0.3143,0.0,German
1411,4166,99.5005,0.2997,0.1998,0.0,German
1412,4167,98.5735,0.8559,0.428,0.1427,German
1413,4169,98.8546,0.5976,0.3984,0.1494,German
1414,4170,98.0541,0.8883,0.9729,0.0846,German
1415,4172,99.1023,0.0,0.8977,0.0,German
1416,4173,99.384,0.616,0.0,0.0,German
1417,4175,99.8592,0.1408,0.0,0.0,German
1418,4176,98.4429,0.519,1.0381,0.0,German
1419,4177,99.1304,0.3865,0.4831,0.0,German
1420,4179,99.3485,0.4886,0.0,0.1629,German
1421,4181,99.4094,0.3937,0.1969,0.0,German
1422,4182,99.7275,0.1362,0.1362,0.0,German
1423,4183,99.4832,0.2584,0.2584,0.0,German
1424,4184,99.2337,0.3831,0.2737,0.1095,German
1425,4191,99.1103,0.5338,0.1779,0.1779,German
1426,4192,98.9483,0.7888,0.1753,0.0876,German
1427,4193,98.1395,1.1628,0.6977,0.0,German
1428,4194,99.4787,0.2606,0.1738,0.0869,German
1429,4195,99.5591,0.3527,0.0,0.0882,German
1430,4196,99.1803,0.2981,0.4471,0.0745,German
1431,4197,100.0,0.0,0.0,0.0,German
1432,4198,99.505,0.1238,0.1238,0.2475,German
1433,4199,99.3355,0.3322,0.3322,0.0,German
1434,4200,99.0817,0.3383,0.4833,0.0967,German
1435,4201,97.8674,0.8918,0.9694,0.2714,German
1436,4202,99.1963,0.3444,0.4018,0.0574,German
1437,4203,99.0628,0.5207,0.3818,0.0347,German
1438,4204,98.4827,0.5999,0.741,0.1764,German
1439,4205,98.9355,0.4731,0.5322,0.0591,German
1440,4206,99.0578,0.3899,0.4548,0.0975,German
1441,4207,98.8816,0.3262,0.6524,0.1398,German
1442,4208,99.0781,0.6585,0.2195,0.0439,German
1443,4209,98.7536,0.5569,0.4508,0.2387,German
1444,4210,98.8722,0.3222,0.5908,0.2148,German
1445,4221,99.5261,0.158,0.316,0.0,German
1446,4222,98.6276,0.7319,0.0915,0.5489,German
1447,4223,99.0045,0.905,0.0,0.0905,German
1448,4224,99.7768,0.0,0.1116,0.1116,German
1449,4226,100.0,0.0,0.0,0.0,German
1450,4227,99.2647,0.5515,0.0,0.1838,German
1451,4228,99.4077,0.0494,0.5429,0.0,German
1452,4229,98.8665,0.7557,0.3778,0.0,German
1453,4230,98.7643,0.6654,0.4753,0.0951,German
1454,4231,98.4584,0.6166,0.5139,0.4111,German
1455,4232,97.6744,2.3256,0.0,0.0,German
1456,4233,99.1837,0.4082,0.0,0.4082,German
1457,4234,99.2723,0.4709,0.1284,0.1284,German
1458,4235,99.5521,0.224,0.224,0.0,German
1459,4236,99.246,0.2942,0.3862,0.0736,German
1460,4237,99.1338,0.0962,0.385,0.385,German
1461,4238,98.9101,1.0899,0.0,0.0,German
1462,4239,99.2577,0.3535,0.0707,0.3181,German
1463,4240,99.1421,0.4826,0.3217,0.0536,German
1464,4251,99.5677,0.1441,0.0,0.2882,German
1465,4252,97.5892,1.8159,0.5636,0.0313,German
1466,4253,97.9472,1.6129,0.4032,0.0367,German
1467,4254,98.3815,0.7493,0.7643,0.1049,German
1468,4255,98.1862,0.4837,0.9674,0.3628,German
1469,4256,99.4312,0.4551,0.1138,0.0,German
1470,4257,98.324,1.1173,0.5587,0.0,German
1471,4258,98.0165,1.3395,0.5281,0.1159,German
1472,4259,99.8469,0.1531,0.0,0.0,German
1473,4260,98.6532,0.4489,0.8979,0.0,German
1474,4261,98.5622,1.0065,0.4313,0.0,German
1475,4262,99.6753,0.3247,0.0,0.0,German
1476,4263,99.2696,0.3652,0.1826,0.1826,German
1477,4264,99.8551,0.1449,0.0,0.0,German
1478,4271,98.1118,0.7602,1.079,0.049,German
1479,4272,100.0,0.0,0.0,0.0,German
1480,4273,99.2258,0.2581,0.3871,0.129,German
1481,4274,99.2744,0.3785,0.2839,0.0631,German
1482,4275,99.2614,0.2954,0.2954,0.1477,German
1483,4276,98.9666,0.5019,0.4724,0.059,German
1484,4277,99.4152,0.1462,0.2924,0.1462,German
1485,4279,99.4399,0.2154,0.3447,0.0,German
1486,4280,98.2101,0.7925,0.8744,0.123,German
1487,4281,99.7096,0.1936,0.0968,0.0,German
1488,4282,99.0997,0.4501,0.3421,0.108,German
1489,4283,99.2035,0.3983,0.2896,0.1086,German
1490,4284,99.4553,0.3268,0.2179,0.0,German
1491,4285,98.9358,0.4069,0.6573,0.0,German
1492,4286,98.9057,0.7576,0.3367,0.0,German
1493,4287,99.2335,0.1769,0.5307,0.059,German
1494,4288,100.0,0.0,0.0,0.0,German
1495,4289,98.3238,0.7619,0.8,0.1143,German
1496,4301,99.5781,0.4219,0.0,0.0,German
1497,4302,99.6644,0.0,0.3356,0.0,German
1498,4303,98.781,0.6501,0.4876,0.0813,German
1499,4304,98.4142,0.7208,0.8169,0.0481,German
1500,4305,98.5146,0.9549,0.4775,0.0531,German
1501,4306,98.0952,1.5873,0.0,0.3175,German
1502,4307,98.9233,0.4038,0.5384,0.1346,German
1503,4308,99.1045,0.2985,0.0,0.597,German
1504,4309,98.809,0.5955,0.3207,0.2749,German
1505,4310,99.0072,0.4513,0.4513,0.0903,German
1506,4311,99.3933,0.1011,0.4044,0.1011,German
1507,4312,99.0977,0.401,0.3008,0.2005,German
1508,4313,98.6316,0.8421,0.4737,0.0526,German
1509,4314,99.0826,0.4587,0.4587,0.0,German
1510,4315,99.4498,0.2751,0.2751,0.0,German
1511,4316,97.8824,1.1765,0.7059,0.2353,German
1512,4317,100.0,0.0,0.0,0.0,German
1513,4318,99.2007,0.5329,0.2664,0.0,German
1514,4319,99.7696,0.2304,0.0,0.0,German
1515,4320,99.558,0.442,0.0,0.0,German
1516,4322,100.0,0.0,0.0,0.0,German
1517,4323,98.4598,0.6967,0.6967,0.1467,German
1518,4401,98.6129,0.5024,0.6007,0.284,German
1519,4406,100.0,0.0,0.0,0.0,German
1520,4411,98.9227,0.5801,0.3867,0.1105,German
1521,4416,99.1194,0.3914,0.1957,0.2935,German
1522,4421,99.0835,0.3055,0.4073,0.2037,German
1523,4426,99.0411,0.411,0.274,0.274,German
1524,4431,99.2809,0.1798,0.4944,0.0449,German
1525,4436,98.8119,0.4722,0.6245,0.0914,German
1526,4441,99.1036,0.2988,0.0996,0.498,German
1527,4446,99.5885,0.2058,0.0,0.2058,German
1528,4451,98.9327,0.2463,0.7389,0.0821,German
1529,4461,98.6532,0.2766,0.9139,0.1563,German
1530,4471,98.8224,0.4326,0.6008,0.1442,German
1531,4476,98.7966,0.5215,0.6418,0.0401,German
1532,4486,99.7672,0.1164,0.1164,0.0,German
1533,4495,100.0,0.0,0.0,0.0,German
1534,4501,99.0456,0.083,0.7469,0.1245,German
1535,4506,99.0063,0.3312,0.5521,0.1104,German
1536,4511,99.4138,0.2931,0.2345,0.0586,German
1537,4536,99.5702,0.2149,0.1433,0.0716,German
1538,4545,98.9295,0.5798,0.4906,0.0,German
1539,4546,99.0607,0.7225,0.0,0.2168,German
1540,4551,98.9573,0.4812,0.4491,0.1123,German
1541,4561,99.1448,0.3991,0.2281,0.2281,German
1542,4566,98.6219,0.539,0.7044,0.1347,German
1543,4571,99.2641,0.2711,0.3098,0.1549,German
1544,4590,99.2357,0.6369,0.1274,0.0,German
1545,4591,99.2992,0.4313,0.2695,0.0,German
1546,4601,98.8751,0.8999,0.225,0.0,German
1547,4606,99.3485,0.3257,0.3257,0.0,German
1548,4611,99.3966,0.0862,0.1724,0.3448,German
1549,4616,99.4934,0.0,0.5066,0.0,German
1550,4621,99.7199,0.2801,0.0,0.0,German
1551,4641,99.2926,0.3215,0.2572,0.1286,German
1552,4643,98.4234,1.2012,0.3003,0.0751,German
1553,4646,99.1882,0.2029,0.4059,0.2029,German
1554,4651,99.5455,0.4545,0.0,0.0,German
1555,4656,99.2793,0.5405,0.0901,0.0901,German
1556,4666,99.854,0.0487,0.0487,0.0487,German
1557,4671,98.4589,0.6286,0.7807,0.1318,German
1558,4681,99.4731,0.1054,0.0,0.4215,German
1559,4683,99.5283,0.0,0.3774,0.0943,German
1560,4691,98.6416,0.5747,0.4702,0.3135,German
1561,4696,99.2038,0.4379,0.3185,0.0398,German
1562,4701,99.5232,0.3576,0.0,0.1192,German
1563,4711,99.3566,0.2145,0.1609,0.2681,German
1564,4716,99.1094,0.0,0.3817,0.5089,German
1565,4721,99.372,0.2899,0.2899,0.0483,German
1566,4723,99.686,0.157,0.0,0.157,German
1567,4724,99.1965,0.3287,0.4018,0.073,German
1568,4726,99.4601,0.2076,0.2076,0.1246,German
1569,4741,98.8688,0.2262,0.5656,0.3394,German
1570,4746,98.7959,0.6161,0.4761,0.112,German
1571,4751,98.6691,0.3025,0.6655,0.363,German
1572,4756,100.0,0.0,0.0,0.0,German
1573,4761,99.0403,0.4173,0.5007,0.0417,German
1574,4776,98.9455,0.6151,0.1757,0.2636,German
1575,4781,99.3427,0.2689,0.2689,0.1195,German
1576,4786,99.5726,0.2442,0.1221,0.0611,German
1577,4791,99.2716,0.0,0.2081,0.5203,German
1578,4801,99.177,0.5487,0.2743,0.0,German
1579,4806,99.5381,0.3849,0.077,0.0,German
1580,4811,98.7778,0.5556,0.2222,0.4444,German
1581,4816,99.7821,0.0726,0.0726,0.0726,German
1582,4821,99.1304,0.2372,0.2372,0.3953,German
1583,4826,99.0196,0.2451,0.7353,0.0,German
1584,4831,98.8,0.35,0.45,0.4,German
1585,4841,99.3544,0.2582,0.3228,0.0646,German
1586,4846,99.7537,0.2463,0.0,0.0,German
1587,4851,99.3555,0.2148,0.1074,0.3222,German
1588,4864,98.6884,0.5167,0.7552,0.0397,German
1589,4871,99.4595,0.3089,0.1544,0.0772,German
1590,4881,99.5602,0.2639,0.0,0.1759,German
1591,4891,99.3454,0.3466,0.1925,0.1155,German
1592,4901,99.3833,0.3524,0.1762,0.0881,German
1593,4911,98.9121,0.4352,0.3916,0.2611,German
1594,4921,99.6486,0.2008,0.0502,0.1004,German
1595,4941,99.1504,0.5497,0.1999,0.1,German
1596,4946,99.1521,0.2692,0.4038,0.175,German
1597,4951,99.6204,0.1627,0.2169,0.0,German
1598,5001,4.7583,1.4085,93.8333,0.0,Italian
1599,5002,4.6945,1.256,93.9515,0.098,Italian
1600,5003,7.4935,2.0672,90.3531,0.0861,Italian
1601,5004,6.0982,1.4031,92.3907,0.1079,Italian
1602,5005,5.1615,1.0897,93.5959,0.1529,Italian
1603,5006,1.9565,1.3043,96.7391,0.0,Italian
1604,5007,3.0088,1.5929,95.2212,0.177,Italian
1605,5008,11.0915,0.8803,88.0282,0.0,Italian
1606,5009,2.2013,2.2013,95.5975,0.0,Italian
1607,5010,4.7312,0.9677,94.086,0.2151,Italian
1608,5012,6.5217,2.1739,91.3043,0.0,Italian
1609,5013,4.0392,0.9792,94.8592,0.1224,Italian
1610,5014,7.7951,2.2272,89.9777,0.0,Italian
1611,5015,5.5679,1.1136,93.0958,0.2227,Italian
1612,5017,7.7316,0.8023,91.1014,0.3647,Italian
1613,5018,19.8718,0.0,79.4872,0.641,Italian
1614,5019,6.5366,1.6342,91.6183,0.2109,Italian
1615,5048,7.6681,1.2571,90.8234,0.2514,Italian
1616,5049,4.1158,0.5145,95.1768,0.1929,Italian
1617,5050,6.1101,2.8433,90.8651,0.1815,Italian
1618,5061,4.7699,0.5858,94.5607,0.0837,Italian
1619,5063,4.4118,4.4118,91.1765,0.0,Italian
1620,5064,1.9802,0.9901,97.0297,0.0,Italian
1621,5071,1.4815,0.7407,97.7778,0.0,Italian
1622,5072,6.3773,1.4615,92.1169,0.0443,Italian
1623,5073,2.1277,0.304,97.5684,0.0,Italian
1624,5076,1.0239,0.3413,98.6348,0.0,Italian
1625,5077,1.5625,2.2321,96.2054,0.0,Italian
1626,5078,2.0339,0.339,97.6271,0.0,Italian
1627,5079,2.9412,0.5115,96.5473,0.0,Italian
1628,5081,19.1781,1.3699,79.4521,0.0,Italian
1629,5091,25.9551,2.6404,71.1236,0.2809,Italian
1630,5095,7.5269,3.7634,88.7097,0.0,Italian
1631,5096,35.2217,1.7241,63.0542,0.0,Italian
1632,5097,23.9344,1.3115,74.4918,0.2623,Italian
1633,5102,13.6364,0.0,86.3636,0.0,Italian
1634,5105,1.0417,1.0417,97.9167,0.0,Italian
1635,5108,11.4957,1.2702,87.107,0.127,Italian
1636,5109,2.8571,2.8571,94.2857,0.0,Italian
1637,5112,11.4596,0.965,87.5754,0.0,Italian
1638,5113,14.7161,1.7185,83.3261,0.2393,Italian
1639,5115,13.0473,1.8608,85.0263,0.0657,Italian
1640,5117,24.4318,2.2727,73.2955,0.0,Italian
1641,5118,20.4001,2.3547,77.1202,0.125,Italian
1642,5119,20.7547,0.0,79.2453,0.0,Italian
1643,5120,25.1337,2.5134,72.0321,0.3209,Italian
1644,5121,38.9205,2.2727,57.9545,0.8523,Italian
1645,5125,34.5489,1.3436,64.1075,0.0,Italian
1646,5129,2.4096,2.4096,95.1807,0.0,Italian
1647,5131,16.1435,1.7937,81.8706,0.1922,Italian
1648,5132,4.7619,0.0,95.2381,0.0,Italian
1649,5135,13.9456,0.0,86.0544,0.0,Italian
1650,5136,15.4605,3.9474,80.5921,0.0,Italian
1651,5137,20.7317,8.2317,71.0366,0.0,Italian
1652,5138,15.4289,1.5167,83.0544,0.0,Italian
1653,5141,13.937,2.7165,83.189,0.1575,Italian
1654,5143,14.8936,2.1277,82.5532,0.4255,Italian
1655,5144,10.2771,2.0785,87.5289,0.1155,Italian
1656,5146,26.4368,3.4483,69.7318,0.3831,Italian
1657,5148,8.4867,1.4315,89.8773,0.2045,Italian
1658,5149,10.8607,2.0492,86.8852,0.2049,Italian
1659,5151,10.4059,1.5437,87.8788,0.1715,Italian
1660,5154,11.9772,1.711,86.3118,0.0,Italian
1661,5160,13.8021,2.3438,83.8542,0.0,Italian
1662,5161,19.2225,2.3758,78.1857,0.216,Italian
1663,5162,7.667,1.9715,90.1424,0.2191,Italian
1664,5167,4.9761,1.4315,93.3879,0.2045,Italian
1665,5171,19.3264,2.486,77.9872,0.2005,Italian
1666,5176,9.6006,2.2425,88.0869,0.0701,Italian
1667,5178,15.2381,2.449,82.3129,0.0,Italian
1668,5180,8.0903,2.1637,89.6519,0.0941,Italian
1669,5181,18.7919,4.2506,76.9575,0.0,Italian
1670,5186,9.7872,2.1277,88.0851,0.0,Italian
1671,5187,8.8378,1.3317,89.8305,0.0,Italian
1672,5189,7.5294,1.4118,90.5882,0.4706,Italian
1673,5192,9.6637,2.5277,87.6131,0.1955,Italian
1674,5193,16.1443,2.5641,81.1966,0.095,Italian
1675,5194,8.1212,1.8182,90.0606,0.0,Italian
1676,5195,7.177,2.3923,90.1914,0.2392,Italian
1677,5196,9.4033,3.044,87.3418,0.211,Italian
1678,5197,9.8824,1.0588,89.0588,0.0,Italian
1679,5198,15.507,1.6899,82.8032,0.0,Italian
1680,5199,7.8624,1.9656,90.172,0.0,Italian
1681,5200,11.1111,4.4444,84.4444,0.0,Italian
1682,5202,16.7951,2.6194,80.5855,0.0,Italian
1683,5203,16.5121,2.0408,81.0761,0.3711,Italian
1684,5205,11.2652,2.5997,86.1352,0.0,Italian
1685,5206,14.8276,2.069,82.7586,0.3448,Italian
1686,5207,14.2857,2.5118,82.7316,0.471,Italian
1687,5208,13.2931,2.0141,84.4914,0.2014,Italian
1688,5210,17.7686,4.1913,77.9221,0.1181,Italian
1689,5212,13.9752,2.4845,83.4627,0.0776,Italian
1690,5213,14.087,2.9565,82.7826,0.1739,Italian
1691,5214,11.1219,2.2244,86.4603,0.1934,Italian
1692,5216,19.7576,3.5152,76.7273,0.0,Italian
1693,5219,12.2523,1.2613,86.4865,0.0,Italian
1694,5221,9.3728,2.2743,88.215,0.1378,Italian
1695,5222,19.0291,3.1068,77.6699,0.1942,Italian
1696,5225,9.7902,3.7587,86.3636,0.0874,Italian
1697,5226,9.0681,2.1152,88.6702,0.1466,Italian
1698,5227,9.2357,1.8047,88.6412,0.3185,Italian
1699,5230,19.3548,1.9355,78.3871,0.3226,Italian
1700,5231,7.7121,1.7995,90.2314,0.2571,Italian
1701,5233,24.0838,6.8063,69.1099,0.0,Italian
1702,5236,12.1223,2.4245,85.1019,0.3514,Italian
1703,5237,9.1965,2.2265,88.3833,0.1936,Italian
1704,5238,5.3783,1.8917,92.6929,0.0371,Italian
1705,5242,3.2102,1.1571,95.6327,0.0,Italian
1706,5249,6.5584,1.083,92.2984,0.0602,Italian
1707,5250,3.4163,1.2231,95.2763,0.0844,Italian
1708,5251,4.8687,1.432,93.5561,0.1432,Italian
1709,5254,5.8618,1.4231,92.5832,0.1319,Italian
1710,5257,5.8768,1.3199,92.6776,0.1257,Italian
1711,5260,3.902,1.0005,94.9975,0.1001,Italian
1712,5263,5.244,1.0384,93.6656,0.0519,Italian
1713,5266,10.6071,1.2857,88.0357,0.0714,Italian
1714,5268,4.5988,1.7363,93.618,0.0469,Italian
1715,5269,6.9337,0.8368,92.1698,0.0598,Italian
1716,5281,3.0472,1.0344,95.8065,0.1118,Italian
1717,5282,6.8284,1.0158,92.0993,0.0564,Italian
1718,5283,7.381,0.9524,91.6667,0.0,Italian
1719,5284,3.1496,0.5249,96.063,0.2625,Italian
1720,5285,2.3742,1.4245,95.9164,0.2849,Italian
1721,5286,4.9037,0.5254,94.5709,0.0,Italian
1722,5304,34.3284,2.9851,52.2388,10.4478,Italian
1723,5307,10.0,0.0,90.0,0.0,Italian
1724,5309,9.0909,1.8182,89.0909,0.0,Italian
1725,5310,8.5437,1.6505,89.7087,0.0971,Italian
1726,5315,20.6897,0.0,79.3103,0.0,Italian
1727,5317,9.2216,1.1403,89.5885,0.0496,Italian
1728,5323,3.937,0.7874,95.2756,0.0,Italian
1729,5324,10.1766,2.439,87.132,0.2523,Italian
1730,5396,16.3265,2.8061,80.5102,0.3571,Italian
1731,5397,18.2247,1.6053,79.9811,0.1889,Italian
1732,5398,17.8871,1.621,80.3801,0.1118,Italian
1733,5401,4.2306,95.002,0.669,0.0984,French
1734,5402,4.1266,95.5217,0.3283,0.0234,French
1735,5403,0.7407,98.5185,0.7407,0.0,French
1736,5404,2.5078,97.4922,0.0,0.0,French
1737,5405,4.534,94.5844,0.8816,0.0,French
1738,5406,4.6784,94.2982,0.8772,0.1462,French
1739,5407,5.1508,93.8926,0.883,0.0736,French
1740,5408,5.3191,93.9716,0.7092,0.0,French
1741,5409,4.7122,94.8468,0.3946,0.0464,French
1742,5410,3.262,96.3303,0.4077,0.0,French
1743,5411,4.1199,95.3184,0.5618,0.0,French
1744,5412,4.3084,95.4649,0.2268,0.0,French
1745,5413,1.928,97.9434,0.1285,0.0,French
1746,5414,6.2221,92.772,1.006,0.0,French
1747,5415,3.4731,95.4491,1.0778,0.0,French
1748,5421,7.1705,91.8605,0.969,0.0,French
1749,5422,6.1127,93.1232,0.6686,0.0955,French
1750,5423,5.2805,94.3894,0.33,0.0,French
1751,5424,2.0202,96.9697,1.0101,0.0,French
1752,5425,4.3478,94.9275,0.5435,0.1812,French
1753,5426,8.7838,90.5405,0.6757,0.0,French
1754,5427,7.582,92.418,0.0,0.0,French
1755,5428,3.3362,96.2361,0.3422,0.0855,French
1756,5429,10.2041,89.7959,0.0,0.0,French
1757,5430,3.0201,95.9732,0.6711,0.3356,French
1758,5431,4.2969,94.5312,1.1719,0.0,French
1759,5432,5.3221,93.8375,0.8403,0.0,French
1760,5434,7.4713,91.954,0.5747,0.0,French
1761,5435,3.7037,96.0905,0.2058,0.0,French
1762,5436,3.8647,96.1353,0.0,0.0,French
1763,5437,5.4217,94.5783,0.0,0.0,French
1764,5451,16.5566,83.0189,0.4245,0.0,French
1765,5456,22.601,77.0202,0.2525,0.1263,French
1766,5458,39.4397,59.2672,1.2931,0.0,French
1767,5464,22.0442,77.6243,0.3315,0.0,French
1768,5471,4.6667,94.3333,1.0,0.0,French
1769,5472,3.8961,96.1039,0.0,0.0,French
1770,5473,3.4743,96.0725,0.3021,0.1511,French
1771,5474,4.1534,94.8882,0.9585,0.0,French
1772,5475,4.6296,95.3704,0.0,0.0,French
1773,5476,3.6842,95.7895,0.5263,0.0,French
1774,5477,3.5978,95.86,0.5421,0.0,French
1775,5478,7.0513,92.9487,0.0,0.0,French
1776,5479,8.2111,91.4956,0.2933,0.0,French
1777,5480,2.6316,97.3684,0.0,0.0,French
1778,5481,0.6667,99.3333,0.0,0.0,French
1779,5482,3.3647,96.3661,0.2692,0.0,French
1780,5483,5.6122,93.8776,0.5102,0.0,French
1781,5484,4.4177,95.3815,0.2008,0.0,French
1782,5485,3.0822,96.9178,0.0,0.0,French
1783,5486,2.9525,96.9191,0.0,0.1284,French
1784,5487,3.169,96.4789,0.3521,0.0,French
1785,5488,0.0,100.0,0.0,0.0,French
1786,5489,6.5789,92.7632,0.6579,0.0,French
1787,5490,2.1978,96.1538,1.0989,0.5495,French
1788,5491,1.6556,98.0132,0.3311,0.0,French
1789,5492,3.7559,96.2441,0.0,0.0,French
1790,5493,4.0956,95.9044,0.0,0.0,French
1791,5494,3.6939,95.9103,0.3958,0.0,French
1792,5495,3.3702,96.2431,0.3867,0.0,French
1793,5496,4.1346,95.0962,0.7692,0.0,French
1794,5497,2.5168,96.9799,0.5034,0.0,French
1795,5498,5.4416,94.0852,0.4732,0.0,French
1796,5499,4.3614,95.6386,0.0,0.0,French
1797,5500,3.2967,96.7033,0.0,0.0,French
1798,5501,7.9498,91.3529,0.6974,0.0,French
1799,5503,5.9233,93.6121,0.4646,0.0,French
1800,5511,5.8589,93.8748,0.2663,0.0,French
1801,5512,3.6601,96.2092,0.1307,0.0,French
1802,5513,2.7888,96.8127,0.3984,0.0,French
1803,5514,3.3573,96.0432,0.5995,0.0,French
1804,5515,3.5503,96.4497,0.0,0.0,French
1805,5516,5.5886,93.8169,0.5351,0.0595,French
1806,5518,2.9743,96.5059,0.4909,0.0289,French
1807,5520,4.065,95.7724,0.1626,0.0,French
1808,5521,2.9276,96.7643,0.1541,0.1541,French
1809,5522,1.5584,98.1818,0.2597,0.0,French
1810,5523,5.3144,94.1617,0.524,0.0,French
1811,5527,5.7644,93.7343,0.5013,0.0,French
1812,5529,4.644,94.7368,0.6192,0.0,French
1813,5530,2.3055,97.6945,0.0,0.0,French
1814,5531,1.8634,98.1366,0.0,0.0,French
1815,5533,1.3834,98.419,0.1976,0.0,French
1816,5534,2.9412,97.0588,0.0,0.0,French
1817,5535,3.22,96.6011,0.1789,0.0,French
1818,5537,2.7211,97.1088,0.1701,0.0,French
1819,5539,2.4528,97.1698,0.3774,0.0,French
1820,5540,3.2609,96.4427,0.1976,0.0988,French
1821,5541,1.3595,98.6405,0.0,0.0,French
1822,5551,2.1807,97.5078,0.3115,0.0,French
1823,5552,6.11,93.279,0.611,0.0,French
1824,5553,1.9964,97.6407,0.363,0.0,French
1825,5554,6.2712,93.5593,0.1695,0.0,French
1826,5555,3.5294,96.4706,0.0,0.0,French
1827,5556,2.2801,97.7199,0.0,0.0,French
1828,5557,15.0,85.0,0.0,0.0,French
1829,5559,3.4591,96.5409,0.0,0.0,French
1830,5560,3.6496,94.8905,1.4599,0.0,French
1831,5561,4.0582,95.633,0.3088,0.0,French
1832,5562,4.878,95.122,0.0,0.0,French
1833,5563,0.0,100.0,0.0,0.0,French
1834,5564,5.3191,92.5532,2.1277,0.0,French
1835,5565,5.5556,93.8272,0.6173,0.0,French
1836,5566,3.1161,96.6006,0.2833,0.0,French
1837,5568,2.4688,96.7822,0.6935,0.0555,French
1838,5571,5.0676,94.5946,0.3378,0.0,French
1839,5581,6.2203,93.1471,0.5799,0.0527,French
1840,5582,4.4782,95.2683,0.2535,0.0,French
1841,5583,5.8921,92.8965,1.1564,0.0551,French
1842,5584,5.5158,93.633,0.8342,0.017,French
1843,5585,5.5966,93.7698,0.6336,0.0,French
1844,5586,5.5306,92.4419,1.9854,0.0421,French
1845,5587,5.7794,93.4607,0.7138,0.0461,French
1846,5588,5.2478,93.6832,0.9718,0.0972,French
1847,5589,4.8001,94.1682,1.0173,0.0143,French
1848,5590,5.4325,93.3151,1.2358,0.0166,French
1849,5591,5.553,92.6228,1.7783,0.0459,French
1850,5592,4.7807,94.6266,0.5531,0.0395,French
1851,5601,6.0459,93.6518,0.3023,0.0,French
1852,5604,3.1886,96.4043,0.4071,0.0,French
1853,5606,6.6929,92.4288,0.8025,0.0757,French
1854,5607,4.3011,95.1016,0.5974,0.0,French
1855,5609,5.9925,92.1348,1.8727,0.0,French
1856,5610,6.0,94.0,0.0,0.0,French
1857,5611,6.8762,92.3379,0.7073,0.0786,French
1858,5613,6.0893,93.3117,0.599,0.0,French
1859,5621,6.8182,92.2078,0.974,0.0,French
1860,5622,6.3291,93.038,0.6329,0.0,French
1861,5623,7.6923,90.8907,1.417,0.0,French
1862,5624,4.5226,94.627,0.8311,0.0193,French
1863,5625,3.8062,95.5017,0.692,0.0,French
1864,5627,6.2905,91.6744,2.0352,0.0,French
1865,5628,3.6082,95.8763,0.5155,0.0,French
1866,5629,5.5118,92.126,2.3622,0.0,French
1867,5631,5.5888,94.4112,0.0,0.0,French
1868,5632,3.6364,95.0649,1.2987,0.0,French
1869,5633,6.3356,93.0936,0.5137,0.0571,French
1870,5634,4.7619,95.0811,0.157,0.0,French
1871,5635,6.388,92.2241,1.3211,0.0669,French
1872,5636,4.4802,94.888,0.5744,0.0574,French
1873,5637,3.6563,96.3437,0.0,0.0,French
1874,5638,6.7468,92.5184,0.7348,0.0,French
1875,5639,7.4523,91.6811,0.8666,0.0,French
1876,5640,4.9383,95.0617,0.0,0.0,French
1877,5642,5.3866,93.7948,0.8085,0.0101,French
1878,5643,5.3571,93.7169,0.7606,0.1653,French
1879,5644,2.649,97.351,0.0,0.0,French
1880,5645,3.2746,96.4736,0.2519,0.0,French
1881,5646,9.7569,89.5532,0.6899,0.0,French
1882,5648,7.6436,91.09,1.2664,0.0,French
1883,5649,5.5732,93.7898,0.5573,0.0796,French
1884,5650,2.9851,97.0149,0.0,0.0,French
1885,5651,4.4304,94.7257,0.8439,0.0,French
1886,5652,3.4343,96.3636,0.202,0.0,French
1887,5653,6.5891,93.4109,0.0,0.0,French
1888,5654,2.7855,97.2145,0.0,0.0,French
1889,5655,4.4686,95.4106,0.1208,0.0,French
1890,5661,6.5657,93.4343,0.0,0.0,French
1891,5662,6.3694,92.3567,1.2739,0.0,French
1892,5663,0.9967,98.6711,0.3322,0.0,French
1893,5665,3.125,96.875,0.0,0.0,French
1894,5666,2.027,97.2973,0.0,0.6757,French
1895,5668,6.0,94.0,0.0,0.0,French
1896,5669,4.1985,95.8015,0.0,0.0,French
1897,5671,4.2735,95.7265,0.0,0.0,French
1898,5672,5.2239,94.7761,0.0,0.0,French
1899,5673,2.3438,96.875,0.7812,0.0,French
1900,5674,4.2857,95.7143,0.0,0.0,French
1901,5675,2.6918,97.3082,0.0,0.0,French
1902,5678,4.0816,95.3989,0.4453,0.0742,French
1903,5680,3.1532,96.8468,0.0,0.0,French
1904,5683,8.2569,91.7431,0.0,0.0,French
1905,5684,5.8824,94.1176,0.0,0.0,French
1906,5686,1.8182,98.1818,0.0,0.0,French
1907,5688,9.6774,90.3226,0.0,0.0,French
1908,5690,0.8696,99.1304,0.0,0.0,French
1909,5692,3.2338,96.2687,0.2488,0.2488,French
1910,5693,3.2566,96.6311,0.1123,0.0,French
1911,5701,1.3889,98.6111,0.0,0.0,French
1912,5702,8.3097,90.767,0.8523,0.071,French
1913,5703,9.3979,89.8678,0.7342,0.0,French
1914,5704,8.143,91.0626,0.7944,0.0,French
1915,5705,10.6,88.6,0.8,0.0,French
1916,5706,11.5506,87.5,0.9494,0.0,French
1917,5707,8.5202,90.1345,1.3453,0.0,French
1918,5708,10.7937,87.3016,1.9048,0.0,French
1919,5709,8.6118,90.3599,0.6427,0.3856,French
1920,5710,7.3427,90.9091,1.7483,0.0,French
1921,5711,10.752,88.5224,0.6596,0.066,French
1922,5712,9.2908,89.9291,0.7092,0.0709,French
1923,5713,8.1633,91.1808,0.5102,0.1458,French
1924,5714,6.4286,92.5,1.0714,0.0,French
1925,5715,11.0644,87.9552,0.9804,0.0,French
1926,5716,7.2488,92.4217,0.3295,0.0,French
1927,5717,9.6622,89.2568,1.0811,0.0,French
1928,5718,13.8298,85.2837,0.8865,0.0,French
1929,5719,8.6076,90.6329,0.6329,0.1266,French
1930,5720,10.9698,88.5533,0.4769,0.0,French
1931,5721,8.0684,90.8518,1.0348,0.045,French
1932,5722,4.6693,94.9416,0.3891,0.0,French
1933,5723,7.771,90.593,1.5337,0.1022,French
1934,5724,7.8848,91.0328,1.0427,0.0397,French
1935,5725,9.6918,89.6829,0.4466,0.1787,French
1936,5726,7.5342,92.0548,0.411,0.0,French
1937,5727,5.0159,94.5064,0.3185,0.1592,French
1938,5728,5.9028,93.75,0.3472,0.0,French
1939,5729,11.9197,87.202,0.8783,0.0,French
1940,5730,9.8361,89.6956,0.4684,0.0,French
1941,5731,8.4211,90.9211,0.6579,0.0,French
1942,5732,6.9549,91.7293,1.3158,0.0,French
1943,5741,1.3453,98.6547,0.0,0.0,French
1944,5742,0.9709,99.0291,0.0,0.0,French
1945,5743,2.079,97.921,0.0,0.0,French
1946,5744,2.1305,97.6032,0.2663,0.0,French
1947,5745,3.1289,96.7459,0.1252,0.0,French
1948,5746,4.2489,95.5994,0.1517,0.0,French
1949,5747,3.3333,96.6667,0.0,0.0,French
1950,5748,1.5625,97.9167,0.5208,0.0,French
1951,5749,3.9096,95.4822,0.6082,0.0,French
1952,5750,3.5714,96.4286,0.0,0.0,French
1953,5751,3.7175,96.2825,0.0,0.0,French
1954,5752,1.2195,98.374,0.0,0.4065,French
1955,5754,2.2321,97.3214,0.0,0.4464,French
1956,5755,3.1746,95.873,0.9524,0.0,French
1957,5756,0.8219,98.6301,0.5479,0.0,French
1958,5757,3.7462,95.8625,0.3355,0.0559,French
1959,5758,4.3103,95.6897,0.0,0.0,French
1960,5759,2.0202,97.9798,0.0,0.0,French
1961,5760,1.2376,98.0198,0.7426,0.0,French
1962,5761,4.9351,94.5455,0.5195,0.0,French
1963,5762,0.9615,99.0385,0.0,0.0,French
1964,5763,2.0408,97.5057,0.4535,0.0,French
1965,5764,3.0264,96.1089,0.8214,0.0432,French
1966,5765,3.9024,95.6098,0.4878,0.0,French
1967,5766,1.5106,97.5831,0.9063,0.0,French
1968,5782,3.6096,95.7219,0.6684,0.0,French
1969,5785,4.0214,95.7105,0.2681,0.0,French
1970,5788,2.6087,96.9565,0.4348,0.0,French
1971,5789,5.9761,93.2271,0.7968,0.0,French
1972,5790,3.599,95.8869,0.2571,0.2571,French
1973,5791,3.9906,95.4225,0.5869,0.0,French
1974,5792,2.6393,97.3607,0.0,0.0,French
1975,5798,3.4247,96.2329,0.3425,0.0,French
1976,5799,5.6657,93.4844,0.8499,0.0,French
1977,5803,3.3254,96.1995,0.4751,0.0,French
1978,5804,3.876,95.9302,0.1938,0.0,French
1979,5805,3.7843,95.9774,0.2086,0.0298,French
1980,5812,3.0928,96.9072,0.0,0.0,French
1981,5813,6.7416,93.2584,0.0,0.0,French
1982,5816,6.1043,93.2785,0.6173,0.0,French
1983,5817,4.2151,95.3488,0.436,0.0,French
1984,5819,4.1667,95.8333,0.0,0.0,French
1985,5821,8.589,91.411,0.0,0.0,French
1986,5822,4.6268,94.8591,0.495,0.019,French
1987,5827,10.2804,89.7196,0.0,0.0,French
1988,5828,3.0928,95.8763,1.0309,0.0,French
1989,5830,5.2198,94.7802,0.0,0.0,French
1990,5831,3.1797,96.4516,0.3687,0.0,French
1991,5841,3.9104,95.9674,0.1222,0.0,French
1992,5842,4.8387,94.9309,0.2304,0.0,French
1993,5843,18.8022,80.7799,0.4178,0.0,French
1994,5851,5.0167,94.6488,0.3344,0.0,French
1995,5852,7.8947,91.7293,0.3759,0.0,French
1996,5853,6.4665,92.3788,1.1547,0.0,French
1997,5854,8.3969,91.2214,0.3817,0.0,French
1998,5855,10.3321,89.2989,0.369,0.0,French
1999,5856,8.1794,91.029,0.7916,0.0,French
2000,5857,7.0724,92.5987,0.3289,0.0,French
2001,5858,4.6809,94.8936,0.4255,0.0,French
2002,5859,7.1073,91.6134,1.2793,0.0,French
2003,5860,5.5753,93.3571,0.949,0.1186,French
2004,5861,5.5162,93.4988,0.8668,0.1182,French
2005,5862,2.5806,96.129,1.2903,0.0,French
2006,5863,8.4034,90.7563,0.8403,0.0,French
2007,5871,2.1815,97.4695,0.349,0.0,French
2008,5872,2.9715,96.3311,0.6367,0.0606,French
2009,5873,3.7037,96.0,0.2963,0.0,French
2010,5881,9.2428,90.1567,0.5483,0.0522,French
2011,5882,8.5085,90.991,0.4004,0.1001,French
2012,5883,7.7059,91.5294,0.7647,0.0,French
2013,5884,6.5112,92.9608,0.352,0.176,French
2014,5885,10.1103,89.4301,0.4596,0.0,French
2015,5886,8.0015,91.083,0.8485,0.067,French
2016,5888,9.9083,89.3818,0.6803,0.0296,French
2017,5889,6.6971,92.5457,0.718,0.0392,French
2018,5890,5.5006,93.6376,0.7873,0.0745,French
2019,5891,8.6495,90.8953,0.4552,0.0,French
2020,5902,0.4237,99.1525,0.4237,0.0,French
2021,5903,5.6604,94.3396,0.0,0.0,French
2022,5904,5.3305,94.0299,0.6397,0.0,French
2023,5905,2.8846,96.6346,0.4808,0.0,French
2024,5907,5.1163,94.4186,0.4651,0.0,French
2025,5908,3.9216,96.0784,0.0,0.0,French
2026,5909,4.1408,95.8592,0.0,0.0,French
2027,5910,0.7042,98.5915,0.7042,0.0,French
2028,5911,0.6329,99.3671,0.0,0.0,French
2029,5912,1.5748,98.4252,0.0,0.0,French
2030,5913,5.042,94.958,0.0,0.0,French
2031,5914,3.2847,96.7153,0.0,0.0,French
2032,5915,5.6604,94.3396,0.0,0.0,French
2033,5919,3.7221,96.0298,0.2481,0.0,French
2034,5921,4.0,96.0,0.0,0.0,French
2035,5922,3.9062,94.7266,1.3672,0.0,French
2036,5923,4.8611,95.1389,0.0,0.0,French
2037,5924,2.3026,97.6974,0.0,0.0,French
2038,5925,1.6043,98.3957,0.0,0.0,French
2039,5926,2.011,96.7093,1.2797,0.0,French
2040,5928,1.7094,98.2906,0.0,0.0,French
2041,5929,6.0703,93.9297,0.0,0.0,French
2042,5930,1.8519,98.1481,0.0,0.0,French
2043,5931,2.4038,96.875,0.7212,0.0,French
2044,5932,1.2658,98.7342,0.0,0.0,French
2045,5933,2.3605,97.6395,0.0,0.0,French
2046,5934,1.1561,97.6879,1.1561,0.0,French
2047,5935,0.0,100.0,0.0,0.0,French
2048,5937,15.7303,84.2697,0.0,0.0,French
2049,5938,3.0481,96.1066,0.8145,0.0309,French
2050,5939,4.5253,95.0812,0.3443,0.0492,French
2051,6002,97.7189,1.6265,0.5851,0.0694,German
2052,6004,99.2126,0.5249,0.2625,0.0,German
2053,6007,98.2908,0.9614,0.6543,0.0935,German
2054,6008,98.294,0.9843,0.6562,0.0656,German
2055,6009,98.1651,1.2232,0.6116,0.0,German
2056,6010,98.4911,1.2346,0.2743,0.0,German
2057,6011,93.1507,1.3699,5.4795,0.0,German
2058,6021,3.2637,96.1488,0.5875,0.0,French
2059,6022,2.2075,97.3951,0.3974,0.0,French
2060,6023,2.428,97.1391,0.3953,0.0376,French
2061,6024,3.0515,96.6893,0.2194,0.0399,French
2062,6025,3.7891,95.2883,0.9226,0.0,French
2063,6031,2.1135,97.2211,0.6458,0.0196,French
2064,6032,1.1236,97.7528,1.1236,0.0,French
2065,6033,0.6202,99.3798,0.0,0.0,French
2066,6034,1.1002,98.8183,0.0815,0.0,French
2067,6035,0.7762,99.0944,0.1294,0.0,French
2068,6036,0.858,98.752,0.39,0.0,French
2069,6052,98.8858,0.8357,0.2786,0.0,German
2070,6054,98.0263,0.6579,1.3158,0.0,German
2071,6055,100.0,0.0,0.0,0.0,German
2072,6056,99.6109,0.3891,0.0,0.0,German
2073,6057,99.3998,0.6002,0.0,0.0,German
2074,6058,99.2032,0.3984,0.3984,0.0,German
2075,6061,99.6094,0.0,0.3906,0.0,German
2076,6064,96.9697,3.0303,0.0,0.0,German
2077,6073,99.4565,0.5435,0.0,0.0,German
2078,6074,99.3377,0.6623,0.0,0.0,German
2079,6075,99.5833,0.4167,0.0,0.0,German
2080,6076,99.681,0.1595,0.1595,0.0,German
2081,6081,2.4,96.8,0.8,0.0,French
2082,6082,2.5983,97.0047,0.3609,0.0361,French
2083,6083,0.8345,98.8873,0.2782,0.0,French
2084,6084,1.4263,98.4152,0.1585,0.0,French
2085,6087,0.5675,99.319,0.1135,0.0,French
2086,6089,2.9437,96.7965,0.2597,0.0,French
2087,6090,4.8851,94.5402,0.5747,0.0,French
2088,6101,98.2482,0.8759,0.8759,0.0,German
2089,6102,99.5851,0.0,0.0,0.4149,German
2090,6104,100.0,0.0,0.0,0.0,German
2091,6109,94.9367,3.7975,1.2658,0.0,German
2092,6110,98.7395,1.0804,0.09,0.09,German
2093,6111,95.5896,3.6004,0.6301,0.18,German
2094,6112,100.0,0.0,0.0,0.0,German
2095,6113,91.2664,8.2969,0.4367,0.0,German
2096,6116,98.4183,1.406,0.1757,0.0,German
2097,6117,99.0025,0.7481,0.2494,0.0,German
2098,6118,99.1245,0.6879,0.1251,0.0625,German
2099,6119,99.0412,0.767,0.0959,0.0959,German
2100,6131,0.2849,99.7151,0.0,0.0,French
2101,6132,1.3289,97.8959,0.7752,0.0,French
2102,6133,1.0602,98.5793,0.3605,0.0,French
2103,6134,0.2222,99.7778,0.0,0.0,French
2104,6135,1.3771,98.3581,0.2648,0.0,French
2105,6136,1.8659,97.2653,0.8293,0.0395,French
2106,6137,1.928,97.4936,0.5141,0.0643,French
2107,6139,2.5386,96.6887,0.6623,0.1104,French
2108,6140,2.2187,97.3851,0.3962,0.0,French
2109,6141,2.0179,97.1284,0.8149,0.0388,French
2110,6142,1.6807,98.3193,0.0,0.0,French
2111,6151,2.6172,96.9466,0.4362,0.0,French
2112,6152,2.9523,96.3374,0.6881,0.0222,French
2113,6153,2.6028,96.7794,0.5773,0.0405,French
2114,6154,4.7945,94.6347,0.5708,0.0,French
2115,6155,5.141,94.859,0.0,0.0,French
2116,6156,2.2086,97.454,0.3067,0.0307,French
2117,6157,1.7433,97.9398,0.2377,0.0792,French
2118,6158,3.6364,95.9273,0.2909,0.1455,French
2119,6159,4.0319,95.3478,0.6203,0.0,French
2120,6172,100.0,0.0,0.0,0.0,German
2121,6173,98.8796,0.9804,0.1401,0.0,German
2122,6177,99.1597,0.8403,0.0,0.0,German
2123,6181,99.1718,0.4141,0.4141,0.0,German
2124,6191,99.3485,0.4886,0.1629,0.0,German
2125,6192,100.0,0.0,0.0,0.0,German
2126,6193,99.2378,0.7622,0.0,0.0,German
2127,6194,99.5876,0.2062,0.2062,0.0,German
2128,6195,98.9324,0.0,1.0676,0.0,German
2129,6197,99.1803,0.8197,0.0,0.0,German
2130,6198,98.1818,1.4545,0.3636,0.0,German
2131,6199,97.878,1.7905,0.2653,0.0663,German
2132,6201,99.5012,0.4988,0.0,0.0,German
2133,6202,100.0,0.0,0.0,0.0,German
2134,6203,99.005,0.8292,0.1658,0.0,German
2135,6204,99.2356,0.3475,0.3475,0.0695,German
2136,6205,98.8914,0.8869,0.2217,0.0,German
2137,6211,1.9185,96.8825,1.199,0.0,French
2138,6212,0.367,99.0826,0.5505,0.0,French
2139,6213,1.3497,97.9141,0.7362,0.0,French
2140,6214,1.3514,97.973,0.6757,0.0,French
2141,6215,1.9349,97.5374,0.5277,0.0,French
2142,6217,3.156,96.0993,0.7447,0.0,French
2143,6218,2.8754,96.8051,0.3195,0.0,French
2144,6219,1.6368,97.7397,0.6235,0.0,French
2145,6220,0.7059,99.0588,0.0,0.2353,French
2146,6232,4.9367,94.7575,0.2621,0.0437,French
2147,6234,3.5323,95.0746,1.3433,0.0498,French
2148,6235,10.101,89.3939,0.5051,0.0,French
2149,6238,3.1365,96.433,0.369,0.0615,French
2150,6239,4.8851,93.6782,1.4368,0.0,French
2151,6240,3.871,95.2016,0.8871,0.0403,French
2152,6241,7.8456,91.5318,0.6227,0.0,French
2153,6242,14.845,84.0131,0.9788,0.1631,French
2154,6243,7.1252,91.8835,0.9913,0.0,French
2155,6244,12.6389,86.1111,1.1806,0.0694,French
2156,6246,2.791,96.8527,0.3563,0.0,French
2157,6248,16.3517,82.8561,0.7541,0.0382,French
2158,6249,8.4884,90.9302,0.5814,0.0,French
2159,6250,12.5099,86.9359,0.5542,0.0,French
2160,6252,3.5037,95.9219,0.5169,0.0574,French
2161,6261,4.918,95.082,0.0,0.0,French
2162,6263,4.1727,95.1559,0.6715,0.0,French
2163,6265,5.827,93.8591,0.2943,0.0196,French
2164,6266,7.0002,92.204,0.7672,0.0286,French
2165,6267,1.9231,98.0769,0.0,0.0,French
2166,6281,99.3083,0.4941,0.1976,0.0,German
2167,6282,99.5349,0.0,0.0,0.4651,German
2168,6283,99.4269,0.2865,0.2865,0.0,German
2169,6285,99.5905,0.2457,0.0819,0.0819,German
2170,6286,99.8366,0.1634,0.0,0.0,German
2171,6287,100.0,0.0,0.0,0.0,German
2172,6288,99.7347,0.2653,0.0,0.0,German
2173,6289,99.7368,0.2632,0.0,0.0,German
2174,6290,98.3592,1.1226,0.3454,0.1727,German
2175,6291,99.0177,0.0982,0.8841,0.0,German
2176,6292,99.1829,0.3631,0.4085,0.0454,German
2177,6293,99.1766,0.5489,0.2745,0.0,German
2178,6294,99.4536,0.1821,0.1821,0.1821,German
2179,6295,98.3193,1.0084,0.5042,0.1681,German
2180,6296,100.0,0.0,0.0,0.0,German
2181,6297,98.1609,1.3747,0.4087,0.0557,German
2182,6298,99.6965,0.2276,0.0,0.0759,German
2183,6299,99.0991,0.4505,0.4505,0.0,German
2184,6300,95.8137,3.2437,0.9149,0.0277,German
2185,6402,5.3793,93.8621,0.6207,0.1379,French
2186,6404,4.7011,94.7927,0.5063,0.0,French
2187,6405,4.6512,94.186,1.1628,0.0,French
2188,6407,5.4596,93.5534,0.9254,0.0617,French
2189,6408,4.4811,94.6934,0.8255,0.0,French
2190,6409,3.7209,95.814,0.4651,0.0,French
2191,6410,6.0546,93.7458,0.1996,0.0,French
2192,6411,1.1765,98.8235,0.0,0.0,French
2193,6412,4.7116,94.2327,0.9784,0.0772,French
2194,6413,5.492,94.0503,0.3432,0.1144,French
2195,6414,5.0931,94.3593,0.4929,0.0548,French
2196,6415,3.4483,95.977,0.5747,0.0,French
2197,6416,5.184,93.952,0.8342,0.0298,French
2198,6421,2.9257,96.2448,0.7847,0.0448,French
2199,6422,7.4074,92.5926,0.0,0.0,French
2200,6423,2.4236,96.9442,0.6322,0.0,French
2201,6431,2.1782,97.2277,0.5941,0.0,French
2202,6432,3.52,96.32,0.0,0.16,French
2203,6433,0.813,99.187,0.0,0.0,French
2204,6434,2.6578,97.3422,0.0,0.0,French
2205,6435,1.0363,98.7047,0.2591,0.0,French
2206,6436,2.3468,96.6402,1.0003,0.0128,French
2207,6437,3.7985,95.8712,0.2477,0.0826,French
2208,6451,5.7578,93.8188,0.4234,0.0,French
2209,6452,6.5649,92.4427,0.9924,0.0,French
2210,6453,8.2707,91.7293,0.0,0.0,French
2211,6454,7.1826,91.9069,0.8599,0.0506,French
2212,6455,8.6349,90.8806,0.456,0.0285,French
2213,6456,4.6398,95.116,0.1221,0.1221,French
2214,6458,7.3051,91.1632,1.5139,0.0179,French
2215,6459,8.7571,90.1533,1.0492,0.0404,French
2216,6461,9.1442,89.9447,0.9112,0.0,French
2217,6485,3.4591,95.5975,0.9434,0.0,French
2218,6487,3.3751,96.2352,0.3649,0.0249,French
2219,6504,4.4898,95.5102,0.0,0.0,French
2220,6511,4.8513,94.3662,0.313,0.4695,French
2221,6512,3.093,96.3206,0.5749,0.0115,French
2222,6601,3.2368,95.5707,0.8518,0.3407,French
2223,6602,4.0859,95.3601,0.4848,0.0693,French
2224,6603,2.6447,96.7119,0.6433,0.0,French
2225,6604,4.326,95.3722,0.3018,0.0,French
2226,6605,2.3018,96.9309,0.7033,0.0639,French
2227,6606,6.3682,92.4378,1.0945,0.0995,French
2228,6607,4.2353,94.9896,0.7336,0.0415,French
2229,6608,4.1064,93.1222,2.7346,0.0368,French
2230,6609,3.1196,96.3605,0.5199,0.0,French
2231,6610,6.3596,93.6404,0.0,0.0,French
2232,6611,2.7064,97.023,0.2706,0.0,French
2233,6612,5.3185,93.6749,0.9766,0.03,French
2234,6613,3.7473,95.0327,1.1111,0.1089,French
2235,6614,2.3066,97.1506,0.5427,0.0,French
2236,6615,3.5069,95.5367,0.8502,0.1063,French
2237,6616,4.933,94.0402,1.0045,0.0223,French
2238,6617,5.1092,93.6471,1.1765,0.0672,French
2239,6618,4.4788,95.0456,0.4756,0.0,French
2240,6619,4.4057,94.68,0.9144,0.0,French
2241,6620,4.4606,94.5021,1.0373,0.0,French
2242,6621,5.3826,92.714,1.8345,0.0688,French
2243,6622,3.7196,95.0644,1.1445,0.0715,French
2244,6623,5.3855,93.3184,1.2737,0.0223,French
2245,6624,2.2222,96.8254,0.9524,0.0,French
2246,6625,4.4925,94.1764,1.3311,0.0,French
2247,6626,3.4783,95.5435,0.9783,0.0,French
2248,6627,4.1002,95.672,0.2278,0.0,French
2249,6628,4.3868,94.4051,1.1836,0.0244,French
2250,6629,3.5794,95.0783,1.1931,0.1491,French
2251,6630,5.7618,92.9253,1.2374,0.0756,French
2252,6631,4.0972,94.7755,1.1174,0.0098,French
2253,6632,3.2369,96.0765,0.6376,0.049,French
2254,6633,3.8156,95.3532,0.8311,0.0,French
2255,6634,5.5423,93.8021,0.6555,0.0,French
2256,6635,2.5105,96.4435,1.046,0.0,French
2257,6636,4.7426,94.332,0.8676,0.0578,French
2258,6637,3.7855,95.8991,0.3155,0.0,French
2259,6638,4.6813,94.3227,0.8964,0.0996,French
2260,6639,2.1611,97.446,0.3929,0.0,French
2261,6640,5.0722,93.6502,1.2137,0.0639,French
2262,6641,3.8248,95.3115,0.802,0.0617,French
2263,6642,4.8141,94.3937,0.7313,0.0609,French
2264,6643,5.0256,93.7047,1.1833,0.0864,French
2265,6644,4.6691,94.6265,0.7045,0.0,French
2266,6645,5.3882,93.7806,0.8164,0.0148,French
2267,6702,4.2936,95.1524,0.4155,0.1385,French
2268,6703,5.036,94.964,0.0,0.0,French
2269,6704,2.7855,97.2145,0.0,0.0,French
2270,6705,5.0228,94.9772,0.0,0.0,French
2271,6706,1.023,98.977,0.0,0.0,French
2272,6708,5.583,94.0217,0.3953,0.0,French
2273,6709,3.5088,96.1988,0.2506,0.0418,French
2274,6710,2.2593,97.5256,0.2152,0.0,French
2275,6711,3.464,95.9008,0.6113,0.024,French
2276,6712,2.4978,97.5022,0.0,0.0,French
2277,6713,90.4348,8.6957,0.8696,0.0,German
2278,6715,5.4386,94.386,0.1754,0.0,French
2279,6716,12.1495,87.8505,0.0,0.0,French
2280,6718,22.4274,77.3087,0.2639,0.0,French
2281,6719,13.8889,86.1111,0.0,0.0,French
2282,6720,5.2459,94.0984,0.6557,0.0,French
2283,6721,4.1667,95.0,0.8333,0.0,French
2284,6722,2.3077,97.6923,0.0,0.0,French
2285,6724,17.9724,82.0276,0.0,0.0,French
2286,6728,8.4746,91.5254,0.0,0.0,French
2287,6729,3.8704,95.7156,0.396,0.018,French
2288,6730,6.4952,93.2432,0.2616,0.0,French
2289,6741,2.346,97.3607,0.2933,0.0,French
2290,6742,4.8026,94.7705,0.4269,0.0,French
2291,6743,2.1685,97.5813,0.2502,0.0,French
2292,6744,13.4831,86.5169,0.0,0.0,French
2293,6745,14.5161,85.4839,0.0,0.0,French
2294,6748,4.8485,94.9495,0.202,0.0,French
2295,6750,4.1166,95.3688,0.5146,0.0,French
2296,6751,8.0392,91.9608,0.0,0.0,French
2297,6753,6.1927,93.3486,0.2294,0.2294,French
2298,6754,3.365,96.0497,0.5852,0.0,French
2299,6757,4.2335,95.5437,0.1783,0.0446,French
2300,6758,8.5427,91.4573,0.0,0.0,French
2301,6759,16.9231,83.0769,0.0,0.0,French
2302,6771,1.7177,98.0583,0.224,0.0,French
2303,6773,16.0,83.3333,0.6667,0.0,French
2304,6774,2.1858,97.4239,0.3123,0.0781,French
2305,6775,12.1835,87.6582,0.1582,0.0,French
2306,6778,1.5198,98.3283,0.152,0.0,French
2307,6781,2.8192,97.0149,0.0,0.1658,French
2308,6782,3.9084,95.8221,0.2695,0.0,French
2309,6783,3.5587,96.4413,0.0,0.0,French
2310,6784,3.7358,96.1559,0.1083,0.0,French
2311,6785,2.6239,97.2303,0.0,0.1458,French
2312,6787,11.9497,87.4214,0.6289,0.0,French
2313,6789,1.9608,97.479,0.5602,0.0,French
2314,6790,4.1244,95.6728,0.2028,0.0,French
2315,6792,8.8608,91.1392,0.0,0.0,French
2316,6793,12.5,87.5,0.0,0.0,French
2317,6800,2.9705,96.4318,0.5796,0.0181,French
2318,6803,7.9137,92.0863,0.0,0.0,French
2319,6806,4.5614,94.386,1.0526,0.0,French
2320,6807,4.0161,95.8233,0.1606,0.0,French
2321,6808,6.2107,93.5535,0.2358,0.0,French
2322,6809,6.6597,92.924,0.4162,0.0,French
2323,6810,8.3744,91.133,0.4105,0.0821,French
