commune_id,FDP/PLR (PRD),CVP/PDC,SP/PS,SVP/UDC,GLP/PVL,GPS/PES,Other/Autres
1,18.69,2.08,18.65,30.93,8.44,7.08,14.16
2,14.23,4.59,19.08,33.79,7.36,6.21,14.75
3,16.47,3.38,20.4,29.1,11.86,6.66,12.12
4,12.79,2.88,19.39,34.94,8.75,8.02,13.22
5,15.81,3.92,22.48,30.11,9.63,6.47,11.59
6,10.95,2.74,10.29,48.62,5.62,4.38,17.39
7,11.46,3.13,18.44,32.88,10.42,5.8,17.88
8,4.89,3.5,22.73,43.38,4.86,5.17,15.45
9,13.18,3.65,18.8,35.67,9.62,5.06,14.01
10,14.41,6.49,16.92,36.17,7.39,3.71,14.92
11,16.84,4.13,18.61,34.89,8.22,4.82,12.51
12,9.32,1.72,21.13,30.52,9.02,10.77,17.52
13,18.81,3.46,17.62,40.46,6.64,3.99,9.03
14,24.85,4.5,14.39,32.09,9.23,4.61,10.33
21,7.39,0.86,8.32,56.82,3.92,3.83,18.87
22,10.86,1.59,11.94,43.81,3.84,9.44,18.52
23,10.59,2.88,7.67,50.15,7.91,4.22,16.58
24,12.91,2.0,7.54,51.42,9.52,2.28,14.33
25,12.09,5.17,19.79,32.06,8.85,6.94,15.1
26,10.47,1.97,10.52,49.15,3.22,2.62,22.04
27,10.62,3.7,23.27,36.59,6.12,5.71,13.98
28,11.0,1.22,11.06,50.95,3.79,3.23,18.75
29,16.93,4.22,21.96,28.05,9.03,6.46,13.34
30,16.43,2.33,11.77,34.09,10.4,6.72,18.27
31,13.5,2.21,15.41,37.78,8.55,4.95,17.62
32,15.03,1.77,9.36,50.01,7.54,2.77,13.52
33,12.59,1.59,14.19,42.63,8.66,5.39,14.97
34,16.71,3.89,11.15,39.72,7.14,4.41,16.99
35,7.8,2.06,11.17,47.76,7.06,8.02,16.12
36,27.43,1.5,9.33,36.37,5.73,6.03,13.62
37,12.29,2.75,12.65,44.07,7.78,5.24,15.2
38,7.42,7.46,20.66,30.48,6.71,9.54,17.75
39,9.52,0.31,10.74,53.99,3.88,3.55,18.01
40,7.73,0.57,14.18,50.03,4.59,5.5,17.39
41,9.0,1.2,12.59,40.26,4.14,6.08,26.71
42,20.39,1.45,12.43,37.28,8.05,7.49,12.92
43,14.07,0.43,7.62,56.45,4.86,2.93,13.63
44,14.78,0.5,13.41,43.76,6.64,5.81,15.1
51,15.81,3.34,16.58,35.42,7.18,3.69,17.96
52,13.7,4.77,17.87,37.11,6.89,4.65,15.02
53,13.17,3.18,19.69,35.5,6.7,5.63,16.15
54,15.93,3.12,20.83,32.0,10.29,4.49,13.35
55,14.01,3.17,19.66,31.87,9.99,5.44,15.87
56,11.8,5.14,16.35,40.92,5.99,3.71,16.09
57,9.1,3.11,15.98,37.63,6.86,5.81,21.52
58,7.74,2.0,16.53,45.12,9.66,5.01,13.92
59,7.98,2.03,17.31,49.15,3.98,3.4,16.15
60,7.84,1.63,10.42,57.56,5.92,2.67,13.97
61,12.48,1.84,16.31,46.07,6.39,3.31,13.59
62,10.45,5.11,17.77,43.53,5.73,4.54,12.88
63,16.87,3.13,11.43,44.64,7.39,3.5,13.06
64,17.38,2.68,11.46,46.22,5.88,3.41,12.97
65,8.27,2.94,10.12,52.31,4.17,3.31,18.88
66,13.08,5.83,18.16,39.88,8.12,2.84,12.1
67,10.92,2.25,19.18,37.59,6.82,5.01,18.24
68,10.88,2.82,20.16,39.48,5.74,5.0,15.92
69,18.8,4.21,19.66,35.1,7.38,4.01,10.83
70,8.42,1.34,18.21,52.52,5.45,3.53,10.52
71,12.78,2.82,12.49,44.08,7.64,4.7,15.49
72,20.35,3.09,12.0,44.9,6.53,2.11,11.02
81,5.47,0.6,12.34,54.29,5.09,5.48,16.74
82,16.73,2.98,14.0,40.21,7.89,4.59,13.61
83,13.56,3.44,13.07,47.41,6.36,4.21,11.94
84,12.33,3.08,13.97,48.25,8.78,4.07,9.52
85,10.91,3.8,16.69,47.07,9.63,2.41,9.5
86,12.86,3.5,17.35,41.28,5.2,5.61,14.2
87,16.8,5.28,9.06,53.74,4.48,3.47,7.17
88,15.9,3.15,9.56,51.31,5.68,2.71,11.67
89,12.4,3.3,14.41,48.59,5.29,3.47,12.53
90,10.51,4.22,16.89,47.3,6.46,3.58,11.04
91,14.07,2.71,17.63,34.46,7.37,7.53,16.22
92,12.12,3.1,16.6,45.01,5.06,3.27,14.83
93,13.39,2.19,13.59,44.72,5.98,3.59,16.54
94,13.6,3.96,15.05,41.09,10.03,4.43,11.84
95,14.8,5.53,18.76,33.58,6.12,8.8,12.42
96,11.52,3.99,17.41,47.54,5.71,4.08,9.73
97,8.58,2.11,21.17,46.98,5.19,3.63,12.35
98,8.42,1.9,19.39,44.18,8.71,6.23,11.17
99,12.09,3.54,12.77,42.72,8.51,5.05,15.31
100,12.26,2.49,9.18,53.19,4.67,4.54,13.67
101,13.05,2.37,11.44,41.73,6.03,8.02,17.36
102,8.17,2.04,12.64,56.72,4.7,2.39,13.34
111,12.24,2.67,10.25,43.27,5.24,5.05,21.28
112,10.82,4.64,15.26,36.12,8.67,6.01,18.49
113,11.41,6.84,14.82,38.35,7.27,5.05,16.26
114,5.55,1.31,12.51,55.91,3.56,5.13,16.03
115,14.76,3.53,13.84,38.69,6.06,4.06,19.07
116,13.0,1.95,13.9,43.18,6.73,5.27,15.97
117,11.73,3.76,13.93,43.9,6.67,5.05,14.96
118,11.88,8.74,17.27,31.44,6.4,5.69,18.57
119,13.33,2.6,17.01,33.55,8.52,7.07,17.93
120,11.07,4.5,18.12,38.33,6.33,8.86,12.78
121,12.54,3.54,17.21,33.89,7.41,7.22,18.18
131,15.36,7.62,20.85,33.37,6.18,5.27,11.36
132,13.85,6.67,15.53,33.61,11.51,4.16,14.67
133,20.02,5.81,18.64,31.49,8.06,5.17,10.81
134,6.69,5.34,10.12,54.37,6.82,2.88,13.77
135,32.86,5.02,13.15,27.21,9.28,5.22,7.27
136,19.77,8.13,17.57,33.21,6.45,4.28,10.6
137,21.94,6.16,18.94,29.01,8.05,5.4,10.48
138,15.87,6.89,18.86,35.44,7.39,5.5,10.05
139,28.93,5.34,14.74,29.31,8.04,4.96,8.69
140,16.29,7.31,10.3,46.54,5.96,3.83,9.77
141,22.15,6.4,19.09,25.68,9.81,5.82,11.04
142,14.39,9.44,18.99,30.97,6.89,6.89,12.43
151,35.58,4.29,12.94,28.62,7.48,5.31,5.78
152,32.17,3.66,8.98,38.54,6.87,3.89,5.89
153,13.27,3.6,15.17,39.05,7.63,5.22,16.06
154,32.64,3.4,13.61,32.18,6.96,4.27,6.92
155,18.74,5.6,19.65,28.39,8.51,6.55,12.55
156,28.37,3.87,15.52,32.4,7.48,4.76,7.6
157,11.76,4.27,14.97,45.46,5.71,3.99,13.85
158,20.11,4.23,21.81,28.33,10.03,5.41,10.08
159,21.9,4.06,18.04,31.89,7.57,5.27,11.27
160,36.75,4.49,11.87,29.76,7.35,3.91,5.87
161,34.11,3.73,15.68,25.36,8.74,4.05,8.33
172,15.18,2.87,15.44,39.0,8.56,5.62,13.32
173,11.03,3.54,12.94,41.07,7.21,6.2,18.01
174,13.23,3.63,19.27,35.66,7.38,6.64,14.19
175,12.3,2.76,16.88,43.18,5.81,4.79,14.28
176,13.01,3.16,16.46,41.05,6.51,4.12,15.69
177,12.74,3.22,17.57,32.96,7.89,6.91,18.69
178,15.31,2.5,13.06,42.81,7.94,3.76,14.62
180,12.45,2.67,13.14,42.13,9.21,4.35,16.04
181,5.7,1.46,13.26,54.54,5.55,6.0,13.49
182,6.68,2.38,12.14,50.32,7.91,3.55,17.04
191,12.0,4.82,16.65,36.72,12.33,4.45,13.02
192,18.69,3.78,16.21,36.07,7.48,5.85,11.93
193,18.78,4.39,20.76,30.11,9.82,5.34,10.8
194,16.42,5.85,22.54,26.09,10.4,5.95,12.73
195,24.02,3.64,14.69,35.68,8.29,3.42,10.27
196,13.62,2.39,20.99,33.08,7.05,4.66,18.2
197,16.04,4.7,16.03,29.98,12.07,5.99,15.19
198,13.11,3.45,23.56,27.72,9.52,8.03,14.61
199,12.51,4.34,13.58,45.6,7.36,3.25,13.36
200,15.84,2.52,16.54,41.16,8.18,4.28,11.49
211,5.37,2.94,11.91,52.85,2.89,4.46,19.59
213,20.57,2.72,13.02,37.63,9.39,3.92,12.74
214,11.47,0.88,12.89,41.96,6.56,4.41,21.82
215,12.39,2.85,18.38,40.05,8.55,3.79,14.0
216,10.87,2.17,13.82,46.28,8.53,4.41,13.92
217,11.34,3.11,17.37,37.77,11.62,4.43,14.36
218,7.2,2.26,7.1,40.87,5.45,3.26,33.86
219,11.68,2.59,16.99,38.21,10.01,5.25,15.27
220,4.48,0.84,10.9,61.3,6.61,2.09,13.8
221,19.52,3.8,12.37,34.14,12.52,4.62,13.03
222,3.97,0.66,7.3,61.59,4.96,1.22,20.3
223,14.09,2.61,15.31,38.27,9.7,4.26,15.76
224,9.58,3.6,17.03,42.56,7.71,4.59,14.93
225,12.17,3.66,11.85,39.91,8.68,5.61,18.11
226,8.15,0.6,13.24,46.89,5.64,9.45,16.05
227,18.46,3.71,13.2,40.38,6.4,3.22,14.62
228,8.08,1.72,15.24,46.13,4.56,5.85,18.43
230,12.05,4.03,26.06,23.43,8.78,8.82,16.82
231,8.94,3.41,16.16,39.84,5.85,5.3,20.51
241,19.89,6.11,12.55,39.13,8.08,3.12,11.13
242,15.97,6.81,17.45,37.1,8.6,4.86,9.22
243,10.75,10.59,20.22,34.86,5.78,5.67,12.14
244,18.3,5.94,12.08,45.25,6.14,2.74,9.56
245,18.41,5.47,22.87,35.33,5.15,2.82,9.94
246,23.75,4.8,11.61,46.12,5.19,2.25,6.27
247,13.23,6.8,23.53,32.35,7.39,5.09,11.61
248,32.55,4.26,10.43,32.98,8.63,3.59,7.56
249,23.65,4.2,11.81,41.98,6.52,2.17,9.67
250,13.37,6.92,20.68,37.1,6.92,4.47,10.55
251,14.54,4.8,15.68,46.78,6.36,2.99,8.84
261,14.23,3.78,31.31,18.08,9.17,10.69,12.74
297,8.08,2.73,13.05,45.55,4.52,5.17,20.9
298,14.69,4.53,12.5,41.66,8.08,4.0,14.56
301,10.3,1.08,16.84,36.36,5.96,5.07,24.39
302,4.72,1.46,17.62,38.98,4.19,5.69,27.34
303,9.35,2.09,16.22,34.77,5.38,7.56,24.63
304,5.45,1.13,12.41,47.43,4.37,3.82,25.39
305,6.48,1.56,12.44,48.13,4.35,3.1,23.93
306,12.46,1.93,20.28,30.2,5.67,4.88,24.57
307,12.12,1.53,19.28,28.97,7.39,8.88,21.86
309,4.59,0.96,17.05,40.45,7.53,6.16,23.24
310,6.06,1.54,14.14,44.96,5.37,6.54,21.4
311,5.59,1.26,17.97,34.92,5.21,7.76,27.3
312,4.67,0.96,12.23,44.89,3.7,6.8,26.74
321,12.31,1.44,17.61,38.13,4.18,4.77,21.56
322,3.45,0.55,6.55,58.44,2.93,6.17,21.9
323,6.3,0.82,16.37,50.51,3.46,4.81,17.73
324,4.1,0.58,15.31,51.57,3.79,5.3,19.35
325,5.81,0.56,6.94,53.09,2.72,3.37,27.5
326,5.28,0.47,6.32,55.66,3.28,3.08,25.91
329,16.9,2.06,22.06,26.74,6.26,7.21,18.78
331,9.52,1.69,16.25,37.82,5.34,4.75,24.61
332,7.48,1.17,9.67,43.6,3.72,8.86,25.5
333,8.58,0.47,15.05,44.27,4.25,6.85,20.53
334,3.81,0.06,6.4,51.12,6.23,4.52,27.87
335,5.44,1.85,5.13,49.08,1.08,1.18,36.26
336,1.33,0.13,6.73,67.75,0.32,1.71,22.03
337,8.3,0.73,19.51,38.74,4.5,4.33,23.89
338,5.74,0.45,10.62,47.22,1.91,3.7,30.37
339,0.86,0.06,3.52,44.25,1.75,0.72,48.85
340,8.7,0.34,7.03,49.97,6.79,4.07,23.09
341,5.24,0.73,13.77,58.06,3.07,3.54,15.6
342,13.23,0.51,14.18,40.71,4.05,4.05,23.26
344,3.91,1.18,5.64,49.53,3.32,6.62,29.8
345,11.11,1.62,20.4,40.49,3.58,3.3,19.5
351,9.92,2.57,34.33,12.39,9.38,17.39,14.03
352,16.47,2.63,21.05,24.28,6.22,8.21,21.12
353,15.78,2.9,24.97,19.56,9.81,11.33,15.65
354,14.64,1.35,18.06,29.76,7.79,9.65,18.76
355,11.06,2.95,25.53,21.87,7.92,11.75,18.91
356,23.93,2.62,18.87,21.98,7.28,8.2,17.11
357,2.36,0.27,10.29,58.65,4.14,6.55,17.73
358,15.81,2.64,16.72,25.27,5.79,5.98,27.78
359,12.0,2.09,16.03,33.5,6.31,8.56,21.51
360,12.22,2.13,24.19,26.05,7.35,10.2,17.87
361,12.95,3.36,21.14,26.54,5.67,9.36,20.99
362,16.39,2.98,19.83,25.29,6.18,8.03,21.3
363,10.34,3.16,23.44,25.61,6.68,8.08,22.67
371,9.42,2.04,32.01,22.05,5.68,13.93,14.86
372,19.2,1.92,23.09,19.74,7.17,12.93,15.95
381,7.81,1.46,9.92,45.96,4.0,3.43,27.43
382,8.16,1.7,15.93,43.74,5.33,4.26,20.88
383,10.12,1.68,16.56,36.11,6.32,4.59,24.63
385,7.45,0.86,15.01,45.72,3.69,4.89,22.37
386,4.52,0.88,18.11,38.28,4.81,6.31,27.09
387,11.5,1.32,21.56,38.05,4.51,4.84,18.23
388,12.3,1.02,12.52,37.59,2.94,4.22,29.4
389,0.0,0.0,0.0,0.0,0.0,0.0,0.0
390,6.39,1.88,17.3,41.39,3.94,4.92,24.16
391,4.63,0.83,14.26,47.33,4.17,4.81,23.96
392,10.84,1.25,15.45,41.54,4.17,5.08,21.66
393,4.42,1.76,13.09,34.15,3.13,2.55,40.91
394,4.21,1.1,14.89,46.88,3.73,4.25,24.94
401,4.05,1.04,14.13,47.9,5.62,4.24,23.03
402,2.5,0.95,11.01,48.24,3.82,3.92,29.56
403,5.34,2.65,14.98,36.79,9.35,6.34,24.54
404,9.34,1.76,24.8,22.01,7.39,9.82,24.87
405,7.24,1.39,11.9,46.51,5.41,3.79,23.74
406,4.96,0.77,10.7,40.52,4.59,6.14,32.32
407,3.0,0.4,10.83,50.5,3.87,5.78,25.61
408,0.0,0.0,0.0,0.0,0.0,0.0,0.0
409,8.18,1.87,13.83,40.33,7.55,4.93,23.3
410,5.79,0.64,9.11,55.17,3.05,4.62,21.61
411,3.7,1.76,8.02,52.79,6.56,4.25,22.93
412,10.76,1.62,17.38,32.9,5.36,4.58,27.4
413,8.56,2.14,15.87,38.17,4.98,4.71,25.56
414,8.06,1.0,13.54,46.27,2.52,4.48,24.13
415,5.43,1.51,13.86,46.14,6.33,4.34,22.38
416,3.08,1.05,11.69,47.19,6.1,7.62,23.28
417,0.0,0.0,0.0,0.0,0.0,0.0,0.0
418,5.19,1.65,14.53,45.06,5.27,4.28,24.04
419,0.0,0.0,0.0,0.0,0.0,0.0,0.0
420,7.7,1.73,16.13,45.09,3.28,5.6,20.48
421,3.29,0.44,0.89,61.42,3.91,4.53,25.52
422,0.0,0.0,0.0,0.0,0.0,0.0,0.0
423,2.61,0.13,6.53,54.76,5.27,5.19,25.5
424,4.44,0.64,10.0,47.52,4.86,4.38,28.16
431,8.06,0.77,19.34,45.46,1.84,11.01,13.52
432,4.49,0.84,20.29,34.49,0.29,16.75,22.86
433,3.39,2.19,23.63,43.87,3.47,10.89,12.56
434,7.03,1.93,25.4,45.07,1.25,9.98,9.35
435,6.83,0.03,18.95,37.69,5.26,9.16,22.1
437,2.61,0.07,6.24,48.3,1.96,6.38,34.44
438,5.48,1.57,23.91,40.5,2.13,9.87,16.54
441,10.11,0.76,19.42,35.92,0.85,13.17,19.79
442,3.1,0.39,21.83,55.1,0.52,10.59,8.46
443,17.43,2.5,28.67,32.65,1.43,5.33,12.01
444,8.33,2.72,21.12,36.99,1.09,7.22,22.53
445,5.68,1.73,19.83,41.39,3.08,5.51,22.77
446,9.74,1.43,35.5,28.2,0.81,6.61,17.71
448,12.04,1.58,29.05,28.34,3.97,8.14,16.87
449,5.49,2.55,23.9,37.76,5.21,8.0,17.09
450,9.25,1.87,20.41,44.71,2.19,7.44,14.14
491,6.06,0.66,11.89,53.51,6.49,5.13,16.25
492,10.52,0.74,21.08,28.47,6.73,12.02,20.44
493,2.84,0.74,12.78,36.46,4.94,3.07,39.16
494,7.52,0.39,17.75,35.06,5.6,6.82,26.86
495,8.55,2.93,13.07,42.75,4.74,3.84,24.12
496,10.05,1.59,19.74,34.63,5.66,8.42,19.9
497,5.28,1.18,17.8,52.28,7.28,3.95,12.24
498,6.79,0.98,5.9,50.71,4.04,3.4,28.2
499,5.7,0.48,12.91,51.73,1.61,5.58,21.97
500,4.16,0.18,6.3,58.87,1.72,5.9,22.87
501,7.37,1.33,14.89,29.86,5.23,15.65,25.67
502,9.93,1.09,14.66,33.56,7.53,8.53,24.7
532,7.34,0.19,8.15,47.95,8.52,4.23,23.62
533,7.28,1.58,23.09,30.28,6.06,7.91,23.79
535,0.0,0.0,0.0,0.0,0.0,0.0,0.0
536,13.22,1.22,7.02,44.61,7.27,10.94,15.72
538,6.3,1.66,14.76,35.6,6.05,6.63,29.02
540,11.29,2.26,18.59,26.16,6.43,7.22,28.05
541,7.02,0.8,7.2,38.25,4.31,8.64,33.78
543,8.64,3.16,14.15,35.06,5.7,6.1,27.19
544,9.18,2.53,22.37,35.47,5.9,4.05,20.51
546,9.07,2.61,21.73,29.35,6.33,8.02,22.87
551,8.63,2.85,20.36,34.6,6.05,4.84,22.68
552,8.37,1.78,19.47,37.85,5.65,5.7,21.18
553,2.92,1.03,11.1,58.02,0.34,4.43,22.15
554,6.02,2.49,16.32,33.73,9.76,3.71,27.96
556,7.62,0.82,13.22,55.0,2.97,5.47,14.9
557,7.81,2.37,12.62,35.23,5.28,6.18,30.52
561,5.33,0.45,4.73,46.03,3.52,1.74,38.2
562,6.79,0.83,8.22,48.39,3.97,6.44,25.36
563,5.69,0.71,6.85,43.01,8.92,2.62,32.21
564,3.65,0.58,6.87,68.28,3.98,1.64,15.0
565,7.7,0.96,11.89,48.5,6.71,4.98,19.27
566,4.81,1.64,11.46,33.76,5.43,4.91,37.97
567,6.38,0.62,7.4,55.8,5.74,3.61,20.45
571,3.97,0.8,9.85,50.55,3.69,7.78,23.35
572,6.13,0.86,19.08,40.7,3.25,8.71,21.27
573,7.81,0.69,13.49,41.78,4.36,9.75,22.11
574,4.09,3.2,10.98,56.58,3.76,9.3,12.1
575,7.19,0.43,16.05,38.94,2.6,5.98,28.79
576,13.47,0.67,6.3,54.56,2.18,9.24,13.57
577,3.09,1.23,14.14,41.68,4.14,11.71,24.02
578,9.54,0.44,7.28,49.53,1.86,8.9,22.44
579,1.14,0.68,4.6,74.68,1.26,2.15,15.48
580,5.04,0.21,14.2,42.75,1.97,9.28,26.56
581,11.35,1.51,18.57,30.67,4.15,7.9,25.85
582,4.1,0.19,8.66,55.03,2.47,4.63,24.92
584,11.3,0.71,13.56,39.83,4.44,6.12,24.04
585,9.17,1.79,12.79,37.66,4.9,5.32,28.37
586,2.03,2.36,3.33,68.01,1.25,13.31,9.71
587,8.35,0.78,17.51,33.59,4.95,8.77,26.03
588,6.92,1.63,12.44,44.86,3.13,13.19,17.82
589,5.23,0.57,13.83,38.73,4.49,8.99,28.16
590,5.14,1.0,14.97,43.44,4.23,8.69,22.53
591,5.03,0.11,8.1,55.25,0.66,15.21,15.65
592,8.56,0.69,19.09,34.16,3.74,11.38,22.38
593,9.45,0.96,18.71,32.14,5.53,8.36,24.84
594,8.41,1.08,12.02,43.22,3.52,7.62,24.12
602,4.93,0.61,7.11,59.49,3.02,4.79,20.06
603,6.44,1.73,12.75,38.06,5.18,4.3,31.54
605,3.32,0.48,9.67,53.83,4.06,4.86,23.78
606,7.25,1.05,9.58,51.94,4.59,4.79,20.82
607,5.82,2.24,5.02,38.99,7.31,4.72,35.88
608,10.35,1.34,15.21,29.2,4.41,5.73,33.75
609,3.19,1.26,4.03,65.45,1.55,1.26,23.26
610,5.22,0.56,8.88,41.13,5.89,3.91,34.41
611,11.78,2.7,12.39,33.14,5.79,3.8,30.4
612,8.61,1.43,16.01,34.21,6.31,6.05,27.37
613,1.13,0.14,3.39,67.66,1.98,3.77,21.92
614,3.57,0.92,7.18,61.72,1.94,2.41,22.26
615,4.19,1.09,5.92,51.38,2.44,0.66,34.32
616,9.87,1.98,18.78,25.68,7.52,11.57,24.61
617,5.13,1.2,13.88,35.94,6.44,7.65,29.77
619,12.4,0.92,12.39,39.97,5.56,5.91,22.83
620,3.22,0.32,6.84,51.01,4.13,3.34,31.13
622,5.47,0.77,12.16,43.73,9.27,7.52,21.06
623,8.28,2.04,21.48,26.22,8.03,7.47,26.48
624,7.2,0.79,12.83,38.83,7.75,5.53,27.06
625,5.16,0.71,9.71,41.98,6.93,4.18,31.34
626,3.94,0.4,12.51,51.16,4.54,5.77,21.69
627,12.85,1.72,19.31,28.9,6.23,8.01,22.98
628,6.04,0.87,14.57,40.2,4.62,6.0,27.69
629,3.26,0.41,6.96,52.19,4.74,4.22,28.22
630,14.48,2.48,9.67,39.79,3.68,8.09,21.82
632,9.6,1.48,13.79,36.76,5.08,6.21,27.09
661,0.0,0.0,0.0,0.0,0.0,0.0,0.0
662,6.24,0.84,11.13,49.46,3.43,6.6,22.3
663,9.31,3.21,13.89,34.83,5.81,8.11,24.86
664,7.88,0.34,1.28,55.5,2.9,5.26,26.85
665,2.22,2.59,13.11,57.11,3.29,4.44,17.26
666,11.42,0.29,11.17,43.96,2.85,3.32,26.98
667,9.93,2.95,24.14,28.29,7.0,6.06,21.63
668,10.22,1.23,14.11,43.38,3.28,4.47,23.32
669,7.54,1.91,12.57,46.86,3.69,5.09,22.33
670,7.71,2.06,16.47,41.22,4.71,4.58,23.24
671,3.52,1.14,11.69,53.53,2.81,5.12,22.21
681,9.92,12.33,22.13,31.45,2.21,4.19,17.78
683,4.0,1.26,5.35,63.82,0.0,1.57,24.01
687,4.5,0.61,8.51,49.85,1.52,1.76,33.25
690,7.54,2.72,18.34,51.94,1.02,3.22,15.22
691,4.7,4.03,24.59,38.08,3.0,6.36,19.25
692,9.35,0.67,21.01,37.6,4.63,5.52,21.21
694,4.48,1.22,14.43,39.99,1.63,9.05,29.19
696,4.06,1.05,23.73,42.05,1.69,9.14,18.29
700,8.16,9.78,29.57,31.44,1.46,5.27,14.32
701,2.14,4.14,19.33,44.64,2.89,3.87,22.98
703,8.24,0.85,20.87,43.7,1.07,4.75,20.52
704,0.55,2.98,9.93,62.33,3.92,2.76,17.54
706,3.59,0.21,12.88,56.5,0.58,4.42,21.82
707,2.88,0.06,12.81,59.05,1.23,4.05,19.92
708,0.0,0.0,18.35,58.82,0.0,21.88,0.94
709,0.0,0.0,2.0,59.08,0.0,10.46,28.47
711,3.45,0.82,36.44,23.51,3.45,5.92,26.41
713,6.2,2.23,27.55,36.14,2.61,3.84,21.44
715,0.0,4.5,8.67,60.83,0.33,4.5,21.17
716,3.31,0.28,16.18,47.53,0.53,10.15,22.04
717,9.43,2.71,26.77,38.73,2.23,3.15,16.98
723,15.24,2.03,34.53,19.99,6.53,9.22,12.46
724,8.43,0.79,24.38,40.06,3.52,6.95,15.87
726,8.35,1.4,28.9,32.52,5.47,10.02,13.32
731,8.21,1.63,22.98,38.89,4.14,2.34,21.83
732,19.32,2.0,14.53,28.4,7.18,5.49,23.08
733,8.99,1.74,23.16,32.18,6.71,7.88,19.34
734,7.54,1.01,7.64,46.06,8.06,4.37,25.33
735,1.06,2.84,19.05,55.11,4.55,2.3,15.09
736,5.33,0.2,21.1,41.12,7.45,5.09,19.7
737,5.82,1.82,5.58,60.85,2.46,4.48,18.99
738,5.91,0.26,18.49,33.95,4.67,4.25,32.48
739,13.77,1.79,22.03,30.68,7.24,6.7,17.79
740,14.33,0.79,15.7,22.72,6.44,13.65,26.35
741,11.1,1.36,18.52,29.25,4.77,6.7,28.32
742,20.13,1.37,7.45,43.26,5.7,3.48,18.6
743,14.75,1.37,27.79,23.97,6.32,11.15,14.65
744,7.78,1.72,24.48,37.02,3.61,4.94,20.45
745,14.66,1.77,19.84,32.42,5.02,6.03,20.26
746,8.42,0.5,19.58,42.73,3.72,3.21,21.84
747,4.27,0.71,15.44,41.34,3.95,5.68,28.61
748,8.3,1.05,13.15,50.36,4.43,2.96,19.74
749,8.78,1.52,15.27,41.11,5.71,2.66,24.94
750,10.09,1.06,16.84,30.44,8.4,9.27,23.89
751,11.84,1.27,18.5,35.15,6.88,5.68,20.68
754,6.58,1.43,10.18,50.88,4.78,2.31,23.84
755,6.99,0.86,18.32,36.83,4.68,4.2,28.12
756,17.0,0.51,19.33,29.89,8.29,10.63,14.34
761,2.54,0.44,3.94,72.51,1.97,2.33,16.28
762,2.39,0.61,5.22,71.62,3.81,2.46,13.88
763,3.16,0.44,8.52,57.81,2.84,4.89,22.34
766,1.34,0.07,5.92,64.41,1.66,3.64,22.95
767,3.79,0.48,6.0,52.46,4.02,3.75,29.5
768,7.73,1.43,18.37,31.29,6.61,7.39,27.18
769,4.88,0.4,9.69,49.03,3.75,4.59,27.66
770,2.92,1.57,7.01,58.54,3.53,5.24,21.19
782,5.35,2.54,8.15,54.6,2.65,10.9,15.81
783,4.83,1.23,13.35,49.58,3.25,8.54,19.22
784,3.38,1.75,9.02,62.15,2.38,7.5,13.84
785,6.88,0.9,16.73,44.28,3.46,10.48,17.27
786,4.04,2.28,9.44,54.87,3.44,6.17,19.76
791,2.92,0.23,5.63,71.0,2.71,3.46,14.05
792,9.63,0.47,6.45,57.54,3.91,2.67,19.33
793,4.15,0.24,4.05,68.94,3.27,2.21,17.16
794,8.2,0.56,8.65,54.1,7.57,2.9,18.01
841,5.73,0.12,6.98,61.14,5.32,3.41,17.3
842,6.26,1.04,5.57,67.03,1.97,2.73,15.41
843,14.4,0.84,5.38,52.86,5.21,2.94,18.38
852,2.03,0.62,9.32,59.14,2.13,6.26,20.49
853,5.0,2.6,12.96,49.08,3.66,6.46,20.25
855,6.89,1.56,20.52,39.2,4.52,6.95,20.34
861,8.92,2.2,17.73,34.08,6.14,5.79,25.14
863,3.69,1.44,15.76,47.03,3.16,6.06,22.85
865,1.18,0.32,14.72,55.35,2.85,2.42,23.17
866,5.86,1.5,12.51,45.02,6.73,4.96,23.41
867,4.03,1.33,10.57,48.88,5.47,4.65,25.08
868,0.0,0.0,0.0,0.0,0.0,0.0,0.0
869,5.57,1.68,22.49,28.59,5.33,10.31,26.04
870,12.97,3.51,19.2,27.07,6.67,6.43,24.16
872,5.85,1.96,12.51,44.73,6.76,6.17,22.02
873,5.13,0.4,9.02,50.49,4.79,3.02,27.16
874,6.04,0.79,12.43,48.95,3.67,9.78,18.35
875,7.68,0.22,9.86,44.85,4.11,3.82,29.47
876,8.01,1.32,18.01,31.3,7.41,12.57,21.4
877,0.0,0.0,0.0,0.0,0.0,0.0,0.0
878,0.0,0.0,0.0,0.0,0.0,0.0,0.0
879,6.58,0.67,9.0,55.21,4.26,5.13,19.13
880,2.63,0.48,11.36,55.13,2.09,4.13,24.18
881,2.81,0.68,10.38,47.04,5.67,8.22,25.19
883,3.96,2.99,14.73,42.74,4.95,4.76,25.87
884,7.12,2.07,15.12,35.72,6.0,5.52,28.45
885,6.48,1.69,15.07,38.56,5.63,7.19,25.36
886,4.23,1.6,14.13,40.4,3.98,5.75,29.9
888,5.14,0.87,13.03,38.89,5.52,7.74,28.81
901,2.58,0.35,3.36,68.14,1.72,2.67,21.17
902,7.1,1.13,17.78,34.94,5.07,8.8,25.18
903,3.36,0.5,8.8,53.61,3.84,3.6,26.3
904,1.86,0.33,3.1,69.09,1.34,2.17,22.11
905,3.73,1.15,8.55,47.86,3.4,4.1,31.22
906,2.98,0.44,2.05,75.37,1.98,2.63,14.55
907,4.36,0.95,10.14,49.49,3.0,4.03,28.02
908,1.61,0.81,5.71,61.33,2.87,6.92,20.75
909,3.43,0.42,9.8,38.43,2.92,6.99,38.01
921,5.3,1.19,13.48,47.4,5.84,6.68,20.12
922,3.01,0.72,11.4,51.47,2.63,3.48,27.29
923,4.24,0.52,6.44,59.74,3.29,1.98,23.8
924,1.28,0.52,6.4,75.8,0.92,1.44,13.64
925,4.67,0.85,10.27,52.6,3.86,5.66,22.09
927,4.02,0.67,12.2,47.2,4.28,4.55,27.07
928,7.06,2.31,14.13,40.19,4.69,4.97,26.66
929,14.37,1.78,16.19,27.96,7.66,9.92,22.13
931,1.44,1.59,4.35,63.7,2.61,3.83,22.47
932,1.89,0.13,0.75,84.49,1.11,1.37,10.29
934,17.0,1.54,12.94,34.12,8.24,7.31,18.86
935,2.52,0.19,4.42,73.51,3.69,1.73,13.93
936,2.49,0.04,5.06,67.67,1.8,3.22,19.71
937,0.77,1.32,4.18,62.27,2.91,3.5,25.05
938,6.49,1.0,9.37,56.18,3.24,5.39,18.33
939,9.29,1.49,15.05,33.79,6.63,7.28,26.45
940,0.72,0.05,4.78,70.13,1.7,1.54,21.08
941,4.65,0.89,15.19,41.24,3.89,5.23,28.92
942,8.62,2.2,18.99,30.85,6.82,9.48,23.03
943,3.21,1.31,7.88,46.47,2.94,5.54,32.66
944,5.08,1.54,10.71,50.17,4.61,6.25,21.64
945,2.05,0.53,6.9,63.34,3.18,3.78,20.22
946,0.04,0.04,1.75,72.89,0.2,3.7,21.38
947,2.45,1.18,10.15,51.61,5.28,11.16,18.17
948,3.01,0.88,8.36,54.59,4.68,4.34,24.15
951,5.13,1.11,9.24,52.72,2.23,2.77,26.79
952,2.77,0.91,6.01,57.73,2.18,2.96,27.44
953,4.02,0.9,11.75,47.36,4.62,3.86,27.48
954,7.79,1.44,14.26,37.87,5.21,4.48,28.94
955,5.98,0.86,10.37,46.39,3.27,5.52,27.6
956,6.27,0.83,9.81,40.59,2.75,3.33,36.41
957,6.72,1.52,10.22,42.77,5.25,3.84,29.69
958,3.0,0.51,10.0,56.52,2.04,6.66,21.27
959,1.41,0.16,6.35,63.26,1.59,1.92,25.29
960,2.78,0.9,5.5,54.84,1.75,2.25,31.98
971,11.4,1.5,15.78,47.91,2.23,2.57,18.62
972,3.69,0.46,0.0,73.23,6.15,0.0,16.46
973,5.13,1.23,17.64,48.41,4.23,2.18,21.17
975,6.91,1.59,12.57,52.66,3.57,3.45,19.24
976,4.3,2.03,8.44,54.17,5.2,5.13,20.73
977,7.7,1.34,12.14,42.28,5.1,3.2,28.24
978,4.38,0.19,8.29,23.43,11.33,3.52,48.85
979,12.38,1.67,20.16,29.87,5.98,6.58,23.34
980,4.45,1.32,15.73,39.47,6.19,4.57,28.27
981,13.32,1.89,15.07,46.11,4.52,3.03,16.05
982,8.46,2.67,18.65,30.72,5.44,6.39,27.66
983,11.69,1.06,13.69,43.13,5.44,4.52,20.46
985,2.88,0.14,6.94,49.22,3.11,4.69,32.99
987,5.65,0.78,9.12,62.62,3.74,3.78,14.3
988,3.7,1.05,11.14,39.73,5.74,4.4,34.25
989,6.62,0.81,8.31,53.13,4.82,2.45,23.87
990,8.78,0.52,18.02,50.12,6.86,1.57,14.13
991,4.68,0.54,13.98,49.76,3.64,3.77,23.63
992,17.89,2.18,10.65,40.44,5.02,3.26,20.57
993,8.08,0.81,14.19,44.79,4.1,1.84,26.19
995,10.12,0.68,17.13,40.32,4.4,5.64,21.69
996,10.92,1.63,20.26,43.9,6.3,5.49,11.51
1001,13.74,42.05,1.69,40.46,0.45,0.86,0.75
1002,24.76,31.32,3.12,35.52,1.92,1.75,1.6
1004,20.96,36.25,2.3,37.65,0.99,1.26,0.6
1005,15.9,35.14,3.92,41.86,0.91,0.95,1.33
1007,11.43,48.36,2.49,34.38,0.9,0.96,1.48
1008,16.16,33.55,8.21,34.4,2.78,3.23,1.67
1009,12.04,30.43,4.51,43.66,2.24,3.27,3.86
1010,13.86,40.33,3.45,36.78,1.45,1.87,2.25
1021,17.98,27.21,3.47,39.31,3.66,3.12,5.25
1022,11.98,29.75,9.79,32.39,5.02,8.05,3.03
1023,16.57,26.35,5.77,40.33,5.26,3.59,2.12
1024,16.38,16.41,15.46,36.36,4.83,7.19,3.37
1025,23.15,30.3,5.57,29.9,5.15,4.14,1.8
1026,20.31,32.59,7.39,28.68,4.66,3.15,3.21
1030,15.34,29.39,9.99,32.92,4.31,5.61,2.43
1031,16.98,31.27,11.05,26.84,5.28,5.88,2.69
1032,9.51,32.16,7.36,39.52,4.32,4.01,3.11
1033,20.78,26.8,6.67,34.26,5.61,3.47,2.4
1037,25.06,30.71,5.6,28.4,5.26,2.42,2.56
1039,11.95,31.04,5.65,39.88,3.69,4.18,3.6
1040,16.19,23.03,16.65,30.64,5.39,5.25,2.85
1041,12.62,27.04,6.62,41.54,4.66,5.26,2.26
1051,18.72,14.5,20.72,27.69,7.26,8.77,2.35
1052,22.29,19.44,13.62,27.77,7.65,4.87,4.36
1053,14.86,19.87,10.43,38.08,4.92,5.99,5.85
1054,16.21,20.47,15.42,30.18,6.33,8.08,3.32
1055,19.39,17.07,8.46,44.83,4.59,2.91,2.75
1056,19.06,20.0,9.93,32.88,9.44,5.58,3.12
1057,10.55,20.47,12.89,40.55,5.62,6.41,3.51
1058,19.13,19.42,15.75,27.1,6.32,8.99,3.28
1059,16.12,16.7,19.82,27.75,6.36,10.27,3.0
1061,15.39,14.06,25.76,19.54,8.71,13.34,3.21
1062,17.98,24.37,10.71,30.71,5.65,6.62,3.96
1063,30.09,15.35,11.03,28.15,8.28,5.53,1.56
1064,18.99,12.31,11.87,42.27,6.48,3.85,4.22
1065,18.92,19.99,11.56,34.08,6.3,4.97,4.16
1066,18.94,31.56,8.2,34.36,2.71,2.28,1.95
1067,24.04,17.43,8.78,30.39,12.23,5.68,1.46
1068,29.51,13.06,10.09,30.75,8.31,5.52,2.76
1069,25.67,18.0,9.54,30.5,6.5,6.13,3.67
1081,26.8,31.43,6.24,25.31,4.27,3.86,2.08
1082,26.73,18.88,8.66,34.68,4.42,4.55,2.09
1083,12.99,37.32,6.67,32.53,5.0,3.02,2.48
1084,23.14,25.16,5.93,32.97,5.31,5.06,2.43
1085,17.25,22.5,11.7,29.72,8.42,7.74,2.67
1086,25.49,34.5,4.73,27.56,3.21,2.99,1.53
1088,19.21,32.84,6.53,29.12,6.45,3.26,2.59
1089,21.18,28.25,9.13,28.76,4.53,5.82,2.33
1091,19.29,27.04,10.54,27.2,6.31,6.98,2.64
1093,22.19,25.52,9.9,29.07,5.54,4.63,3.15
1094,18.04,26.98,9.29,30.38,6.48,5.49,3.32
1095,24.11,25.39,10.15,22.64,7.12,8.35,2.26
1097,22.82,27.99,5.01,37.14,2.66,2.42,1.97
1098,14.32,35.57,8.02,31.31,4.37,4.06,2.36
1099,22.78,27.75,8.07,30.01,5.12,4.86,1.42
1100,34.89,29.56,3.71,25.64,3.14,2.07,0.99
1102,20.5,30.57,11.34,20.86,7.36,6.75,2.61
1103,17.71,25.5,16.81,20.49,7.5,9.34,2.63
1104,24.53,24.45,6.95,32.77,3.74,4.52,3.04
1107,14.91,36.46,6.8,33.11,2.51,4.51,1.68
1121,26.77,32.34,3.29,33.87,1.36,0.7,1.66
1122,27.87,26.93,3.07,31.29,4.69,2.62,3.53
1123,14.05,52.5,5.78,17.88,2.77,5.44,1.57
1125,20.1,31.53,7.7,32.54,2.78,3.1,2.26
1126,25.27,36.34,1.87,32.14,0.4,2.39,1.6
1127,22.63,36.85,4.97,24.94,4.26,3.61,2.74
1128,26.66,32.42,6.1,27.69,3.18,2.17,1.79
1129,14.2,30.6,2.28,46.87,1.02,2.32,2.71
1130,20.99,39.1,3.07,33.91,1.27,0.98,0.69
1131,16.11,41.28,4.26,30.7,3.17,3.27,1.21
1132,12.59,44.47,1.93,37.07,1.29,1.85,0.81
1135,8.62,50.13,2.56,33.38,1.87,2.0,1.44
1136,24.21,37.05,2.65,30.46,1.8,1.97,1.86
1137,41.03,22.37,4.74,25.21,3.46,2.17,1.01
1139,14.2,32.86,6.93,32.53,3.74,5.01,4.72
1140,21.01,25.93,8.81,32.89,4.89,3.2,3.27
1142,23.02,29.76,5.74,32.33,3.29,2.49,3.37
1143,17.04,33.88,5.99,35.28,3.45,2.71,1.66
1145,9.44,42.15,2.39,39.47,2.99,0.76,2.8
1146,19.34,29.84,8.62,30.5,4.68,4.22,2.78
1147,18.77,16.61,12.94,39.0,6.1,2.62,3.96
1150,21.23,31.91,5.23,33.81,1.93,3.05,2.83
1151,19.7,31.61,9.91,27.93,3.48,5.5,1.87
1201,0.0,20.47,0.0,36.31,0.0,40.09,3.13
1202,0.0,68.13,0.0,21.83,0.0,9.51,0.53
1203,0.0,35.44,0.0,42.34,0.0,19.07,3.15
1204,0.0,30.43,0.0,40.58,0.0,27.54,1.45
1205,0.0,23.91,0.0,50.06,0.0,23.86,2.17
1206,0.0,25.45,0.0,41.47,0.0,30.69,2.4
1207,0.0,15.81,0.0,49.44,0.0,29.36,5.4
1208,0.0,54.24,0.0,28.81,0.0,12.43,4.52
1209,0.0,52.4,0.0,29.81,0.0,15.87,1.92
1210,0.0,48.19,0.0,37.35,0.0,14.46,0.0
1211,0.0,53.5,0.0,28.0,0.0,17.0,1.5
1212,0.0,54.93,0.0,36.62,0.0,7.04,1.41
1213,0.0,18.97,0.0,56.54,0.0,22.08,2.4
1214,0.0,24.32,0.0,46.94,0.0,25.46,3.27
1215,0.0,34.63,0.0,45.37,0.0,17.56,2.44
1216,0.0,32.22,0.0,44.58,0.0,20.0,3.19
1217,0.0,11.21,0.0,63.55,0.0,25.23,0.0
1218,0.0,33.33,0.0,54.37,0.0,10.66,1.64
1219,0.0,27.86,0.0,63.79,0.0,6.96,1.39
1220,0.0,45.16,0.0,38.71,0.0,14.52,1.61
1301,18.04,25.28,13.59,38.71,3.19,1.19,0.0
1311,26.37,26.31,10.51,33.48,1.26,2.08,0.0
1321,27.42,13.72,9.37,44.96,3.45,1.09,0.0
1322,23.57,14.49,13.81,43.14,3.64,1.34,0.0
1323,29.1,13.97,9.94,42.47,3.21,1.3,0.0
1331,32.94,20.64,11.0,29.93,3.75,1.74,0.0
1341,18.92,17.19,11.28,48.29,2.76,1.56,0.0
1342,17.8,12.79,13.73,51.79,2.87,1.03,0.0
1343,10.6,35.87,5.71,44.29,2.17,1.36,0.0
1344,20.47,15.52,20.25,38.76,3.52,1.48,0.0
1345,16.25,13.63,16.1,49.79,2.91,1.31,0.0
1346,13.5,16.94,14.85,50.91,2.63,1.17,0.0
1347,17.96,14.3,9.92,55.06,1.73,1.04,0.0
1348,10.16,11.66,9.12,67.19,1.12,0.75,0.0
1349,14.91,15.13,18.8,47.44,2.44,1.28,0.0
1361,10.18,12.92,3.23,72.8,0.68,0.2,0.0
1362,20.58,20.34,15.54,38.32,3.56,1.66,0.0
1363,9.78,24.86,4.57,58.06,2.0,0.72,0.0
1364,20.26,25.72,15.37,34.32,2.31,2.02,0.0
1365,21.79,20.59,8.36,46.64,1.37,1.26,0.0
1366,13.71,20.13,13.71,46.73,3.24,2.48,0.0
1367,12.95,20.92,5.31,58.95,1.29,0.58,0.0
1368,14.33,19.36,9.71,55.06,1.54,0.0,0.0
1369,18.75,12.5,1.79,66.07,0.0,0.89,0.0
1370,13.37,21.75,6.89,56.8,0.95,0.24,0.0
1371,18.26,22.12,7.49,48.81,2.1,1.22,0.0
1372,19.89,24.18,16.54,35.66,1.96,1.76,0.0
1373,19.43,22.57,12.56,39.57,3.59,2.28,0.0
1374,17.69,15.67,6.25,57.3,2.56,0.54,0.0
1375,8.53,12.85,3.51,73.02,1.57,0.52,0.0
1401,0.0,0.0,0.0,37.24,0.0,0.0,62.76
1402,0.0,0.0,0.0,46.48,0.0,0.0,53.52
1403,0.0,0.0,0.0,36.97,0.0,0.0,63.03
1404,0.0,0.0,0.0,32.68,0.0,0.0,67.32
1405,0.0,0.0,0.0,23.51,0.0,0.0,76.49
1406,0.0,0.0,0.0,30.01,0.0,0.0,69.99
1407,0.0,0.0,0.0,34.35,0.0,0.0,65.65
1501,0.0,0.0,0.0,83.85,0.0,0.0,16.15
1502,0.0,0.0,0.0,83.82,0.0,0.0,16.18
1503,0.0,0.0,0.0,88.71,0.0,0.0,11.29
1504,0.0,0.0,0.0,83.91,0.0,0.0,16.09
1505,0.0,0.0,0.0,85.47,0.0,0.0,14.53
1506,0.0,0.0,0.0,84.35,0.0,0.0,15.65
1507,0.0,0.0,0.0,85.41,0.0,0.0,14.59
1508,0.0,0.0,0.0,84.64,0.0,0.0,15.36
1509,0.0,0.0,0.0,73.59,0.0,0.0,26.41
1510,0.0,0.0,0.0,83.83,0.0,0.0,16.17
1511,0.0,0.0,0.0,88.72,0.0,0.0,11.28
1630,0.0,0.0,38.44,0.0,0.0,0.0,61.56
1631,0.0,0.0,51.02,0.0,0.0,0.0,48.99
1632,0.0,0.0,47.75,0.0,0.0,0.0,52.25
1701,15.94,23.06,15.98,32.6,3.39,8.15,0.88
1702,15.76,26.4,14.81,31.4,3.92,6.69,1.03
1703,17.17,32.75,13.56,27.65,3.5,4.64,0.73
1704,18.84,34.75,9.81,28.29,1.68,5.35,1.27
1705,19.55,28.72,10.6,33.78,2.73,4.21,0.4
1706,16.53,33.98,6.63,35.67,2.13,4.46,0.6
1707,17.77,24.09,9.47,35.94,3.69,7.76,1.27
1708,15.46,30.05,13.48,27.3,3.6,8.87,1.25
1709,20.51,27.87,9.66,34.62,2.4,4.26,0.68
1710,19.53,26.34,12.06,36.73,2.57,2.49,0.27
1711,19.49,22.47,17.16,25.41,4.81,9.51,1.14
2004,23.43,26.46,17.13,21.68,1.52,6.06,3.73
2005,14.02,21.73,23.5,27.74,2.47,5.06,5.48
2008,13.69,30.65,17.58,21.2,2.65,5.12,9.09
2009,16.22,20.33,15.63,37.02,2.94,3.41,4.47
2010,12.81,14.74,29.32,27.79,1.07,5.7,8.56
2011,19.5,27.23,18.19,26.21,1.51,5.23,2.13
2013,14.64,24.13,29.11,23.13,1.24,3.64,4.12
2014,8.06,26.01,17.81,32.59,3.36,6.38,5.77
2015,13.8,29.1,23.34,22.27,2.29,5.07,4.15
2016,13.44,22.22,16.32,38.39,1.24,4.71,3.67
2022,11.43,17.4,22.02,37.96,2.16,3.76,5.26
2024,16.45,26.66,25.81,19.31,1.5,4.16,6.12
2025,8.87,30.85,20.72,29.22,2.41,2.45,5.47
2027,18.96,20.19,16.21,39.15,0.27,1.65,3.57
2029,10.93,21.25,25.17,29.2,2.16,5.01,6.3
2033,21.95,17.8,14.63,37.56,1.46,5.85,0.73
2034,20.2,19.14,22.92,19.67,1.36,8.4,8.32
2035,11.55,25.22,18.39,30.72,0.0,12.33,1.79
2038,22.01,15.09,27.04,25.16,4.4,6.29,0.0
2039,13.91,24.63,11.15,27.07,1.8,18.05,3.39
2040,10.1,21.4,19.91,20.8,2.53,5.5,19.76
2041,15.47,26.84,21.0,28.26,2.54,3.48,2.41
2043,26.11,21.28,19.73,19.54,0.97,9.86,2.51
2044,12.31,19.85,21.54,34.15,1.23,4.31,6.62
2045,10.53,23.66,34.2,20.42,1.46,5.83,3.89
2047,6.54,16.2,24.96,35.96,5.5,5.94,4.91
2049,13.27,37.76,12.04,16.73,1.63,6.94,11.62
2050,17.89,23.28,15.66,31.54,0.6,6.51,4.53
2051,10.49,22.31,16.83,38.87,1.96,5.06,4.47
2052,13.31,19.52,22.41,29.3,3.2,6.21,6.04
2061,13.26,23.4,12.95,42.28,3.28,2.34,2.5
2063,18.53,19.53,19.53,33.71,0.31,6.84,1.55
2066,11.3,23.59,19.44,34.55,0.33,5.98,4.82
2067,23.56,31.18,12.08,29.19,0.35,2.7,0.94
2068,19.63,16.98,21.21,31.92,0.73,3.27,6.27
2072,14.87,32.8,16.91,23.03,1.6,7.73,3.06
2079,12.24,22.36,15.19,45.99,1.48,1.27,1.47
2086,24.4,17.06,15.44,34.9,0.34,5.46,2.39
2087,19.0,25.62,17.68,27.37,1.54,4.01,4.78
2089,12.71,12.1,23.89,33.84,6.43,3.22,7.81
2096,18.29,27.48,21.83,21.05,1.59,6.33,3.44
2097,12.76,27.17,20.1,27.93,2.01,6.74,3.28
2099,17.6,23.8,22.77,27.51,2.07,3.42,2.83
2102,11.09,22.75,20.75,34.21,1.47,5.61,4.12
2111,15.51,21.06,26.04,28.0,1.88,4.78,2.73
2113,15.27,28.55,14.82,32.11,0.74,5.89,2.62
2114,13.37,19.64,16.71,40.04,1.85,3.93,4.46
2115,19.1,23.16,18.94,29.69,1.1,4.88,3.12
2116,17.33,23.25,23.29,26.49,2.1,4.3,3.25
2121,18.17,30.2,18.46,25.11,1.05,4.01,2.99
2122,19.28,21.93,24.06,23.47,3.67,4.9,2.69
2123,13.11,24.68,19.19,36.93,0.26,5.31,0.52
2124,20.81,24.2,24.94,22.45,1.93,3.39,2.27
2125,21.15,19.23,26.75,22.52,2.55,5.16,2.62
2128,18.17,13.13,22.12,36.69,0.36,5.4,4.14
2129,15.73,22.51,18.06,33.84,1.52,3.85,4.5
2130,15.41,28.61,14.67,35.39,1.73,2.71,1.48
2131,24.21,21.23,21.0,22.75,3.77,3.15,3.89
2134,18.89,35.23,17.1,20.24,1.03,5.52,2.01
2135,18.68,35.36,19.33,19.74,1.89,2.36,2.63
2137,19.96,20.86,15.67,25.43,6.27,5.73,6.09
2138,10.17,19.17,5.47,56.13,1.05,2.43,5.59
2140,18.53,26.28,22.78,19.36,2.75,4.78,5.53
2143,27.36,25.69,16.19,20.6,2.68,3.75,3.75
2145,16.14,26.29,25.93,22.91,2.24,3.95,2.53
2147,16.45,37.43,12.43,26.46,2.41,3.0,1.82
2148,19.93,21.16,24.83,24.4,3.16,4.91,1.6
2149,19.68,26.84,15.37,32.81,1.87,2.02,1.41
2152,14.96,31.87,20.6,24.69,1.05,4.29,2.54
2153,30.86,21.18,17.78,20.46,2.8,4.73,2.19
2155,20.99,27.05,16.87,28.27,0.72,3.41,2.7
2160,21.74,23.81,21.47,25.6,1.14,3.39,2.85
2162,19.56,32.13,19.13,20.86,2.04,2.67,3.61
2163,21.44,31.09,15.4,25.11,1.55,4.18,1.23
2171,15.03,22.01,27.87,22.21,4.58,4.23,4.07
2172,29.36,47.23,1.28,21.7,0.0,0.0,0.43
2173,13.11,20.52,20.64,31.57,1.78,6.64,5.74
2174,19.64,21.97,24.37,19.67,3.01,7.08,4.27
2175,7.62,30.34,33.12,17.71,2.14,4.83,4.25
2177,17.19,19.05,22.94,27.53,3.42,5.6,4.28
2179,17.59,26.23,16.67,25.0,3.7,5.56,5.25
2183,14.52,25.99,27.62,18.71,2.99,6.35,3.83
2184,16.72,19.02,29.35,22.18,1.19,5.35,6.2
2185,15.99,23.49,31.0,20.42,2.46,4.31,2.34
2186,15.68,23.72,30.76,20.58,3.11,3.68,2.47
2189,13.66,25.3,27.62,22.79,2.17,4.99,3.48
2192,19.2,22.75,22.5,22.89,1.68,4.48,6.5
2194,24.53,19.22,16.41,30.0,1.56,4.22,4.06
2196,8.75,22.51,36.27,13.79,3.67,9.81,5.2
2197,13.36,22.68,27.62,21.84,3.23,6.76,4.5
2198,12.89,23.09,27.24,21.45,3.22,8.32,3.79
2200,13.16,32.18,22.54,23.01,1.55,4.24,3.34
2206,13.7,21.26,30.83,21.28,3.43,5.72,3.78
2208,18.43,28.35,22.99,21.28,3.18,2.53,3.24
2211,13.97,23.69,28.94,20.85,3.32,5.75,3.49
2213,15.02,31.61,24.59,18.24,3.29,3.29,3.96
2216,31.89,17.65,12.69,29.72,0.93,4.33,2.79
2217,10.1,26.76,29.12,24.39,0.47,1.82,7.35
2220,15.97,21.81,21.59,31.26,1.75,4.81,2.82
2221,15.87,16.19,34.36,23.76,1.67,4.64,3.51
2222,19.62,24.21,26.84,17.98,1.73,5.09,4.53
2223,18.69,18.03,21.63,28.53,1.65,5.01,6.48
2225,19.66,14.99,18.67,36.86,2.46,6.14,1.23
2226,26.24,25.87,20.92,21.85,0.53,3.33,1.26
2228,13.64,23.19,32.0,15.83,4.0,6.74,4.6
2230,32.34,32.34,8.96,18.41,0.0,4.48,3.49
2231,9.28,27.5,25.91,23.15,3.76,6.87,3.53
2233,13.57,25.28,26.39,23.56,1.92,5.35,3.94
2234,17.86,22.92,26.37,18.78,2.48,6.25,5.35
2235,10.12,30.32,28.33,19.38,3.9,4.9,3.05
2243,15.1,23.83,17.93,26.9,1.99,8.66,5.6
2250,18.13,12.52,21.43,33.99,6.03,2.37,5.51
2251,14.29,12.94,19.68,43.13,1.21,4.45,4.31
2254,9.1,21.94,26.62,30.61,2.73,4.53,4.47
2257,13.74,17.47,27.95,25.87,3.35,7.84,3.78
2258,16.34,6.81,12.58,39.17,10.96,3.63,10.51
2259,15.21,7.4,16.68,44.87,4.95,1.95,8.93
2260,11.43,4.33,13.96,58.0,2.17,3.85,6.26
2261,18.69,6.07,19.02,48.2,3.93,0.82,3.29
2262,9.12,26.59,15.9,33.29,5.14,4.0,5.96
2264,18.03,9.38,22.35,30.18,7.42,7.34,5.3
2265,15.03,10.18,20.96,32.27,6.66,4.52,10.4
2266,8.69,20.84,17.65,38.29,3.78,3.65,7.1
2270,27.33,8.0,12.0,37.17,3.33,1.17,11.01
2271,17.01,7.45,24.41,33.78,7.83,6.2,3.31
2272,13.62,22.79,25.43,29.2,2.54,2.61,3.8
2274,20.36,9.76,26.32,21.5,10.39,6.99,4.68
2275,21.03,8.8,25.8,28.4,6.17,3.88,5.91
2276,24.35,7.14,13.62,43.04,4.55,3.22,4.07
2277,13.4,7.72,16.53,40.71,6.51,3.06,12.07
2278,10.91,6.13,17.78,46.36,5.61,4.37,8.84
2279,13.25,12.44,24.07,32.2,3.41,8.54,6.09
2280,20.64,10.33,24.29,25.58,7.24,5.32,6.61
2281,29.88,10.12,15.93,25.36,10.61,4.0,4.08
2283,16.19,16.39,21.22,37.22,2.27,2.37,4.34
2291,8.62,27.27,19.98,33.59,3.33,3.64,3.58
2292,5.13,23.25,11.23,51.69,1.21,3.38,4.11
2293,9.25,25.96,26.34,24.55,4.24,3.68,5.97
2294,8.46,20.51,17.62,43.65,3.25,2.72,3.79
2295,11.16,23.51,19.76,29.93,4.18,3.94,7.53
2296,12.69,27.56,12.28,28.87,4.82,4.6,9.18
2298,6.41,31.21,15.63,36.46,1.82,3.8,4.67
2299,4.99,24.34,11.39,48.32,2.69,2.42,5.86
2300,4.86,20.38,12.06,57.57,2.41,1.6,1.11
2301,7.2,27.34,12.34,42.37,3.95,2.65,4.15
2302,10.76,28.65,15.38,35.47,2.5,4.01,3.22
2303,15.34,15.38,11.14,51.14,2.39,0.54,4.09
2304,10.46,27.96,16.46,29.61,4.79,4.16,6.55
2305,8.13,25.24,25.28,26.93,5.15,3.89,5.38
2306,8.07,27.65,22.39,28.05,3.91,5.16,4.77
2307,9.01,25.25,15.45,37.28,3.39,3.02,6.6
2308,8.44,34.44,13.94,31.15,4.03,2.65,5.34
2309,9.88,21.89,23.28,27.52,5.43,4.11,7.9
2310,9.41,27.7,13.37,39.67,3.87,2.37,3.61
2321,11.83,20.13,24.99,28.0,3.22,6.68,5.15
2323,10.06,17.53,30.28,26.53,3.42,7.37,4.81
2325,12.61,21.52,23.58,34.72,1.7,3.5,2.39
2328,12.21,22.43,22.25,28.11,3.39,6.89,4.72
2333,11.7,22.09,31.71,26.68,1.4,3.19,3.24
2335,13.2,16.05,24.03,30.37,2.32,8.08,5.95
2336,18.9,21.05,20.12,33.08,2.22,3.83,0.8
2337,12.38,24.39,24.26,30.51,0.54,3.54,4.38
2338,15.2,20.77,15.58,36.89,2.68,5.65,3.23
2401,24.82,21.3,9.11,35.68,2.2,1.6,5.3
2402,19.25,17.13,9.96,43.4,3.82,1.19,5.24
2403,19.17,29.81,11.6,28.67,4.1,2.92,3.73
2404,14.13,32.47,9.19,34.25,3.29,1.94,4.74
2405,19.77,27.57,8.65,39.04,1.34,1.03,2.6
2406,16.74,24.42,10.99,34.0,3.88,3.12,6.84
2407,19.84,15.98,16.28,36.38,2.94,3.31,5.27
2408,31.31,29.28,6.63,24.96,2.37,2.11,3.34
2421,13.79,45.89,6.62,26.53,1.72,1.16,4.29
2422,23.52,22.12,13.0,31.74,2.29,2.0,5.34
2423,27.39,23.91,2.61,36.09,0.43,3.04,6.52
2424,15.0,45.12,7.08,26.04,1.85,1.6,3.32
2425,20.27,20.73,7.72,38.65,2.12,3.93,6.59
2426,17.34,42.23,4.83,25.79,2.29,3.36,4.15
2427,16.96,30.22,8.56,36.29,2.18,2.03,3.76
2428,12.81,33.69,6.28,41.07,1.11,1.42,3.61
2429,21.18,28.04,10.29,34.19,0.89,1.86,3.55
2445,35.57,5.14,8.7,31.36,2.5,4.74,11.99
2455,42.6,5.74,15.02,23.2,4.9,4.01,4.54
2456,32.43,4.42,16.57,28.41,3.11,4.42,10.64
2457,35.3,4.07,13.83,31.58,3.51,2.91,8.78
2461,31.85,4.16,13.7,29.22,4.66,3.73,12.68
2463,40.37,10.8,7.64,22.26,2.16,1.33,15.45
2464,26.02,5.16,25.04,22.82,4.35,9.81,6.78
2465,29.7,6.12,18.56,27.79,3.66,5.13,9.03
2471,17.93,16.53,17.84,30.0,3.59,6.3,7.83
2472,16.22,16.22,19.84,33.85,3.31,5.93,4.62
2473,15.15,9.73,20.2,22.35,7.22,19.85,5.5
2474,17.11,5.11,22.92,32.81,5.0,13.15,3.91
2475,19.23,14.42,15.45,28.78,4.08,12.03,6.01
2476,22.88,17.72,16.59,27.52,3.61,5.67,6.03
2477,12.39,24.24,13.64,35.95,1.75,6.37,5.65
2478,16.29,9.29,16.86,39.73,4.65,8.67,4.53
2479,14.65,10.08,29.88,20.99,5.1,15.17,4.14
2480,18.99,20.8,15.63,32.62,3.53,4.49,3.94
2481,23.2,15.73,17.73,25.71,4.54,8.55,4.54
2491,23.26,26.62,12.06,26.0,1.74,7.09,3.23
2492,22.76,19.95,10.83,34.1,2.05,3.41,6.91
2493,21.96,13.01,20.75,32.73,2.91,3.17,5.49
2495,18.22,17.29,15.38,38.2,1.94,2.86,6.11
2497,16.35,11.94,30.48,32.47,1.9,2.63,4.24
2498,11.33,33.33,6.67,30.67,0.67,12.0,5.33
2499,20.99,18.84,13.02,31.68,3.6,4.53,7.34
2500,12.33,14.01,32.49,27.41,2.35,5.84,5.57
2501,14.96,21.77,20.74,29.99,2.43,4.02,6.09
2502,17.17,19.56,18.23,26.9,4.78,7.79,5.57
2503,15.08,15.87,20.36,32.59,4.68,4.96,6.44
2511,20.74,16.31,18.0,28.34,5.27,4.66,6.69
2513,16.91,14.02,27.63,25.86,3.46,6.03,6.09
2514,19.19,12.99,19.86,28.69,4.07,3.65,11.53
2516,19.44,24.54,15.72,28.4,1.87,3.24,6.8
2517,25.0,11.45,23.22,26.4,2.62,4.51,6.81
2518,17.61,24.64,14.58,30.07,2.23,3.26,7.6
2519,16.22,8.17,33.01,29.56,3.54,3.5,5.99
2520,15.51,22.54,22.63,26.28,3.2,4.73,5.11
2523,18.67,17.12,19.59,29.2,4.71,3.16,7.55
2524,13.41,22.76,30.89,20.73,2.03,4.47,5.69
2525,20.16,12.52,17.79,36.38,1.67,3.0,8.48
2526,31.91,8.24,21.74,22.56,5.4,3.47,6.69
2527,16.66,14.08,25.54,29.27,2.09,5.02,7.34
2528,21.76,7.15,23.04,38.57,1.54,3.05,4.9
2529,23.72,16.99,15.88,27.32,3.81,3.86,8.42
2530,19.97,12.95,25.86,28.85,2.0,2.97,7.41
2532,22.8,15.79,19.02,30.41,3.36,2.86,5.77
2534,19.42,10.56,28.09,24.1,3.24,7.57,7.01
2535,16.58,12.45,18.45,31.44,4.13,5.04,11.91
2541,21.85,16.67,15.0,30.56,6.48,3.89,5.55
2542,23.36,13.76,17.23,31.61,2.26,6.19,5.6
2543,23.86,12.89,18.3,30.99,3.66,2.64,7.65
2544,44.05,10.46,11.77,22.19,3.15,3.31,5.07
2545,21.41,11.39,20.34,35.12,3.39,4.0,4.35
2546,19.51,9.13,22.6,32.93,4.83,2.91,8.09
2547,24.21,8.59,17.17,37.5,2.4,4.91,5.22
2548,24.82,21.64,13.76,19.97,5.81,6.68,7.32
2549,52.63,25.26,1.05,13.68,0.0,1.05,6.32
2550,24.64,10.96,28.57,21.05,2.69,6.79,5.3
2551,24.05,13.83,16.89,26.49,3.2,7.26,8.28
2553,26.34,13.52,19.79,20.93,4.61,8.53,6.29
2554,26.87,10.99,20.1,25.94,3.89,6.36,5.85
2555,22.84,8.88,24.01,22.47,4.02,11.13,6.65
2556,18.83,12.68,14.29,33.32,3.24,3.74,13.89
2571,19.68,12.2,15.59,40.69,2.19,1.97,7.69
2572,20.88,10.31,15.74,40.07,2.94,3.4,6.66
2573,15.05,12.67,26.31,34.11,2.18,3.85,5.83
2574,26.37,4.49,14.45,39.06,2.73,5.47,7.42
2575,15.96,23.23,18.43,31.41,1.76,1.79,7.41
2576,18.11,12.09,19.55,36.68,2.98,3.67,6.92
2578,16.39,21.61,14.95,39.51,2.44,1.0,4.1
2579,23.2,13.46,14.85,34.89,3.61,3.4,6.59
2580,20.91,16.53,17.21,32.58,3.16,2.57,7.03
2581,18.11,10.39,31.24,20.3,4.51,8.79,6.67
2582,25.54,12.52,14.57,36.68,1.55,4.1,5.03
2583,23.93,9.89,21.31,31.99,3.24,3.57,6.07
2584,24.49,10.91,26.36,22.54,3.58,5.17,6.94
2585,17.01,17.25,11.91,36.74,4.1,3.48,9.52
2586,22.43,12.91,22.56,26.94,4.07,4.17,6.91
2601,24.99,11.16,28.42,14.64,4.49,11.79,4.51
2611,18.43,23.78,7.89,38.03,1.58,5.7,4.57
2612,27.88,34.35,7.1,19.01,4.06,4.06,3.55
2613,37.53,10.51,10.39,30.71,2.92,3.7,4.26
2614,25.53,16.66,9.8,39.06,2.32,3.63,2.98
2615,22.54,28.21,9.02,32.24,1.41,2.22,4.35
2616,19.82,15.68,10.15,44.06,3.8,2.14,4.35
2617,17.53,10.6,7.61,47.5,3.56,5.39,7.8
2618,17.53,13.78,14.94,37.61,4.27,9.13,2.74
2619,16.78,17.61,16.91,33.15,3.02,7.77,4.76
2620,27.64,28.52,7.22,26.82,2.51,2.51,4.77
2621,21.35,20.87,8.3,39.06,2.05,3.44,4.92
2622,19.39,18.76,9.73,44.43,0.94,2.67,4.08
2701,20.22,6.04,35.05,16.83,4.97,12.15,4.73
2702,35.29,13.57,14.5,17.34,3.12,2.7,13.48
2703,28.14,8.95,23.01,23.57,3.22,5.44,7.68
2761,15.07,17.15,21.22,28.68,2.09,10.59,5.19
2762,14.39,11.03,25.93,27.25,4.12,10.7,6.58
2763,19.55,10.28,21.61,18.64,3.36,22.11,4.44
2764,17.77,19.88,17.03,26.42,2.98,9.77,6.14
2765,22.33,8.69,23.3,23.86,3.89,12.5,5.44
2766,15.22,8.1,28.98,25.05,2.07,11.86,8.72
2767,22.84,8.67,20.82,27.43,4.23,10.64,5.37
2768,15.78,11.15,22.11,32.28,2.31,10.24,6.14
2769,13.71,8.29,30.15,24.57,3.82,12.95,6.51
2770,14.43,7.07,27.24,28.88,2.37,12.23,7.79
2771,21.05,11.02,21.93,26.34,3.73,11.42,4.5
2772,20.26,16.5,14.23,31.66,2.13,9.6,5.62
2773,14.55,12.01,23.3,29.02,2.76,10.15,8.21
2774,17.79,12.97,16.8,33.52,2.41,10.04,6.47
2775,15.46,13.77,22.27,29.66,2.54,11.51,4.79
2781,12.29,24.46,15.7,31.29,2.37,10.8,3.09
2782,11.9,13.91,15.34,44.08,1.87,7.33,5.57
2783,3.69,15.38,27.23,34.77,4.0,10.46,4.46
2784,8.71,31.41,12.67,28.77,2.4,11.89,4.14
2785,16.27,10.32,18.47,35.69,1.97,10.58,6.7
2786,10.34,16.25,21.45,36.78,1.64,9.37,4.17
2787,17.44,25.83,16.87,24.61,1.62,9.71,3.92
2788,7.8,25.45,11.23,43.71,1.68,7.09,3.03
2789,10.17,16.28,10.68,43.44,0.81,12.72,5.91
2790,3.93,6.96,13.04,57.68,0.89,10.36,7.14
2791,13.6,20.45,13.02,39.38,1.9,8.28,3.36
2792,14.61,21.65,11.48,42.18,0.83,6.01,3.23
2793,9.83,22.59,18.99,35.56,1.47,6.29,5.28
2821,15.55,5.0,13.69,43.88,2.42,12.65,6.81
2822,15.26,7.88,21.3,33.29,2.44,13.65,6.17
2823,12.71,4.29,21.92,33.02,2.25,16.37,9.44
2824,16.84,4.4,29.87,30.6,2.7,11.61,3.99
2825,21.17,5.11,21.45,32.99,2.04,10.94,6.31
2826,16.77,4.67,14.99,49.6,0.64,7.68,5.64
2827,9.68,3.54,14.4,42.98,3.07,15.11,11.21
2828,13.53,4.88,25.84,33.98,2.23,12.78,6.76
2829,16.83,4.94,22.32,24.88,3.37,20.97,6.69
2830,14.78,4.66,22.58,29.45,3.3,20.39,4.85
2831,13.69,6.68,25.31,30.7,2.47,15.58,5.57
2832,16.68,5.39,17.76,32.08,3.9,19.15,5.02
2833,19.21,5.94,18.49,26.72,3.22,20.11,6.31
2834,8.7,3.96,22.83,31.3,2.36,21.84,9.01
2841,6.99,3.07,13.2,36.66,3.78,25.82,10.48
2842,14.64,4.32,17.34,35.77,1.67,18.74,7.52
2843,13.18,2.27,19.26,33.24,1.59,23.24,7.22
2844,7.26,3.51,13.24,52.82,2.22,18.32,2.62
2845,15.94,4.64,13.92,43.71,2.15,14.53,5.12
2846,13.73,3.71,25.97,29.23,1.96,19.73,5.66
2847,10.85,2.91,11.9,38.62,1.06,26.19,8.47
2848,8.21,2.43,12.01,54.71,1.37,19.15,2.13
2849,14.81,2.72,20.09,32.63,2.9,21.37,5.49
2850,13.94,3.48,16.53,38.4,1.41,19.35,6.89
2851,14.24,4.64,17.6,30.56,1.6,26.72,4.64
2852,12.91,4.15,20.41,36.44,1.62,18.27,6.19
2853,10.6,3.55,19.45,35.85,3.3,23.41,3.83
2854,17.86,3.82,16.95,34.05,1.07,24.12,2.14
2855,10.07,2.94,15.24,34.48,0.63,32.45,4.2
2856,14.75,4.0,16.81,33.83,2.75,22.22,5.64
2857,12.43,5.28,23.19,39.86,1.46,13.68,4.1
2858,10.21,2.39,20.37,30.73,2.25,23.64,10.41
2859,11.02,4.41,15.56,40.08,0.14,18.6,10.2
2860,13.27,2.45,18.94,39.96,2.0,19.8,3.59
2861,18.84,3.95,17.18,24.98,2.07,27.46,5.53
2862,9.98,3.95,15.61,45.01,2.75,15.81,6.9
2863,12.23,4.06,22.75,25.02,2.44,26.26,7.23
2864,22.65,4.16,13.55,38.24,1.16,15.11,5.13
2865,15.18,3.55,15.61,37.85,1.25,19.36,7.2
2866,17.84,3.64,9.19,41.17,1.37,22.32,4.48
2867,16.38,4.12,13.36,36.96,1.83,18.21,9.15
2868,15.06,3.42,19.04,34.17,1.6,23.57,3.14
2869,13.22,3.52,20.17,35.69,1.75,19.83,5.83
2881,13.98,3.71,14.1,46.32,0.68,13.36,7.86
2882,12.06,4.7,11.94,47.8,2.66,14.78,6.05
2883,8.63,5.46,11.03,56.14,2.08,10.1,6.55
2884,11.57,5.38,15.96,43.57,2.01,14.73,6.78
2885,14.45,3.5,13.94,47.52,1.82,13.14,5.62
2886,16.17,4.27,20.88,32.27,2.2,14.32,9.9
2887,13.02,6.22,12.89,38.81,3.27,17.28,8.5
2888,8.79,3.26,18.09,39.19,4.57,20.4,5.69
2889,9.93,3.66,14.64,40.13,1.44,19.35,10.85
2890,6.5,4.64,17.4,53.36,3.02,6.73,8.35
2891,13.94,6.96,19.62,38.85,1.49,11.71,7.43
2892,14.48,5.41,20.45,33.63,2.26,15.1,8.67
2893,9.32,3.01,23.9,35.55,1.58,16.32,10.32
2894,11.53,5.42,20.2,30.88,1.39,17.8,12.78
2895,13.33,2.75,21.0,41.43,2.66,14.82,4.01
2901,8.67,0.0,20.0,43.86,0.0,1.2,26.27
2903,9.58,0.0,22.36,51.94,0.0,3.27,12.85
2904,15.47,0.0,29.17,43.87,0.0,2.71,8.78
2914,10.0,0.0,22.65,54.12,0.0,4.41,8.82
2915,12.7,0.0,22.42,55.56,0.0,2.68,6.65
2917,13.14,0.0,17.66,55.23,0.0,3.39,10.59
2919,19.26,0.0,22.72,49.58,0.0,2.11,6.33
2920,13.52,0.0,23.08,52.03,0.0,3.35,8.02
2931,7.5,0.0,15.0,68.33,0.0,4.58,4.59
2932,13.78,0.0,24.71,50.44,0.0,2.68,8.39
2933,16.51,0.0,25.17,53.23,0.0,1.15,3.92
2936,7.4,0.0,20.09,62.4,0.0,4.11,5.99
2937,11.92,0.0,32.4,44.4,0.0,3.42,7.85
2938,16.71,0.0,23.65,51.03,0.0,4.11,4.5
2939,12.7,0.0,34.04,39.05,0.0,4.28,9.94
2951,6.61,0.0,10.71,66.43,0.0,1.43,14.82
2952,13.03,0.0,23.29,46.31,0.0,1.38,15.99
2953,13.13,0.0,23.54,42.39,0.0,3.38,17.55
2961,4.86,0.0,20.65,65.18,0.0,1.21,8.09
2962,11.44,0.0,19.22,55.96,0.0,8.03,5.35
2963,7.45,0.0,19.44,64.02,0.0,1.64,7.45
2964,13.1,0.0,29.07,48.69,0.0,3.28,5.86
2971,14.26,0.0,24.35,48.14,0.0,1.31,11.95
2972,6.7,0.0,16.63,62.59,0.0,2.08,12.01
2973,33.47,0.0,15.48,43.1,0.0,1.46,6.48
2974,14.54,0.0,25.18,46.47,0.0,1.4,12.41
3001,29.08,0.0,26.78,42.8,0.0,0.0,1.34
3002,21.38,0.0,13.45,64.83,0.0,0.0,0.34
3003,27.37,0.0,10.61,60.89,0.0,0.0,1.12
3004,20.7,0.0,16.99,61.52,0.0,0.0,0.78
3005,33.93,0.0,25.93,38.9,0.0,0.0,1.24
3006,27.52,0.0,15.3,55.97,0.0,0.0,1.21
3007,35.16,0.0,18.05,45.53,0.0,0.0,1.26
3021,33.84,0.0,22.84,41.81,0.0,0.0,1.51
3022,33.27,0.0,27.36,37.73,0.0,0.0,1.64
3023,35.26,0.0,39.47,23.27,0.0,0.0,2.01
3024,56.5,0.0,20.66,19.78,0.0,0.0,3.07
3025,30.37,0.0,53.58,14.46,0.0,0.0,1.59
3031,24.76,0.0,32.48,42.12,0.0,0.0,0.64
3032,28.39,0.0,37.44,32.91,0.0,0.0,1.26
3033,25.39,0.0,26.32,44.89,0.0,0.0,3.41
3034,26.92,0.0,47.08,24.77,0.0,0.0,1.23
3035,36.15,0.0,23.94,34.74,0.0,0.0,5.16
3036,23.26,0.0,41.32,33.33,0.0,0.0,2.08
3037,23.89,0.0,29.6,43.55,0.0,0.0,2.96
3038,28.39,0.0,32.36,37.37,0.0,0.0,1.88
3101,0.0,71.79,21.97,0.0,0.0,0.0,6.24
3102,0.0,83.62,13.45,0.0,0.0,0.0,2.93
3103,0.0,74.84,17.4,0.0,0.0,0.0,7.76
3104,0.0,86.53,9.43,0.0,0.0,0.0,4.04
3105,0.0,80.63,15.85,0.0,0.0,0.0,3.52
3111,0.0,76.56,18.28,0.0,0.0,0.0,5.16
3201,12.44,32.98,7.49,32.37,3.82,3.35,7.56
3202,12.04,33.06,6.24,35.98,2.69,2.49,7.5
3203,14.28,12.24,28.12,21.13,6.57,9.16,8.51
3204,16.56,14.53,16.66,34.26,4.21,4.35,9.44
3211,11.46,16.96,11.24,36.62,5.14,3.82,14.75
3212,11.78,18.43,13.57,34.53,4.65,7.46,9.57
3213,15.48,17.52,16.12,35.15,3.61,4.08,8.04
3214,20.74,23.4,9.16,31.05,4.61,5.02,6.03
3215,14.11,15.37,25.85,29.1,3.74,5.48,6.35
3216,17.59,14.55,15.61,36.52,4.36,4.13,7.25
3217,13.58,17.66,13.08,38.01,5.11,5.3,7.25
3218,13.6,21.16,10.72,35.06,4.2,4.24,11.04
3219,8.64,20.92,11.61,37.65,5.3,6.39,9.5
3231,15.04,16.59,11.41,40.06,5.26,4.79,6.87
3232,18.58,17.31,10.7,36.29,6.0,4.85,6.26
3233,19.24,15.63,10.36,36.06,5.78,5.07,7.86
3234,17.34,20.83,6.13,40.93,4.86,3.62,6.29
3235,15.18,14.0,14.14,40.83,3.75,3.83,8.26
3236,16.28,11.82,13.31,48.41,1.7,2.38,6.09
3237,13.95,15.94,11.54,43.26,3.77,3.47,8.07
3238,14.32,17.28,9.95,43.53,4.38,4.15,6.39
3251,9.73,22.76,9.31,40.64,6.54,4.45,6.57
3252,11.6,13.71,5.76,51.13,4.79,4.33,8.68
3253,13.17,18.36,7.33,41.98,7.45,5.46,6.25
3254,9.03,23.55,4.11,51.57,4.01,2.17,5.56
3255,11.88,15.64,10.92,44.16,7.25,3.75,6.4
3256,8.7,31.91,5.42,43.86,3.63,2.52,3.95
3271,15.83,9.43,18.75,33.84,4.12,4.5,13.53
3272,11.31,26.24,7.14,37.44,5.31,4.26,8.31
3273,15.75,10.26,15.44,33.95,5.6,4.78,14.22
3274,17.36,10.27,8.92,44.08,4.52,3.51,11.33
3275,15.92,7.15,16.86,40.85,2.43,3.11,13.67
3276,21.34,7.48,15.65,38.27,5.95,3.51,7.8
3291,16.37,14.3,11.63,37.57,6.07,3.78,10.27
3292,11.62,16.15,10.43,47.79,4.0,2.26,7.75
3293,13.24,25.44,8.93,39.22,4.54,2.11,6.51
3294,11.51,19.29,9.43,42.32,4.5,2.4,10.54
3295,11.36,17.81,8.47,47.06,4.08,4.03,7.19
3296,12.15,14.87,20.29,31.7,10.11,3.7,7.19
3297,16.87,14.72,11.93,39.17,6.56,3.35,7.4
3298,12.06,18.35,13.18,39.4,5.95,3.8,7.25
3311,7.91,19.52,5.89,46.5,4.01,4.61,11.58
3312,10.05,25.8,5.57,43.26,3.16,4.11,8.06
3313,9.71,21.22,8.09,40.82,2.69,6.53,10.94
3315,9.74,24.0,7.61,40.47,3.4,5.34,9.43
3316,13.75,13.14,12.83,32.2,6.93,7.45,13.7
3338,18.43,14.66,12.38,34.46,4.27,7.97,7.82
3339,13.17,18.91,13.84,34.13,4.04,7.49,8.42
3340,15.93,12.92,15.97,30.34,7.11,9.92,7.81
3341,11.56,16.55,10.42,46.83,3.46,3.88,7.3
3342,10.23,18.83,7.51,46.02,3.82,5.17,8.43
3352,14.14,9.99,13.46,43.07,3.58,5.54,10.23
3359,17.47,18.28,7.1,41.58,2.93,3.36,9.27
3360,15.45,13.73,9.1,44.61,3.78,4.78,8.55
3372,14.77,15.25,5.79,42.02,4.1,5.93,12.14
3374,17.67,15.89,13.98,34.68,2.65,5.6,9.54
3375,14.36,21.44,8.46,35.39,3.31,6.01,11.02
3378,15.02,13.77,10.12,41.27,3.86,4.46,11.5
3379,14.56,13.12,14.19,37.55,3.91,6.91,9.77
3392,11.19,23.15,8.67,41.83,2.85,5.05,7.25
3393,17.82,20.63,6.72,36.98,2.91,4.37,10.55
3394,10.06,29.58,4.93,43.9,2.06,3.69,5.77
3395,12.11,23.62,7.41,42.63,2.44,3.45,8.32
3401,13.54,15.35,13.87,33.8,3.87,6.47,13.1
3402,15.33,15.05,15.49,33.1,4.08,7.7,9.25
3405,12.17,21.02,8.08,39.45,3.12,4.38,11.77
3407,16.28,15.71,12.45,34.79,4.04,5.84,10.89
3408,13.93,14.65,12.65,38.9,4.07,5.34,10.46
3422,13.11,22.45,4.68,45.75,2.3,2.45,9.25
3423,15.57,17.28,6.66,43.44,4.47,3.59,9.0
3424,11.54,17.33,7.23,50.46,2.89,3.37,7.19
3426,20.18,16.16,9.43,37.81,3.24,5.17,8.0
3427,15.14,15.52,15.19,32.3,4.45,9.25,8.15
3441,14.82,24.14,8.09,34.24,8.47,2.59,7.65
3442,17.81,18.26,12.03,32.72,4.8,4.56,9.82
3443,13.14,21.64,10.99,37.13,4.92,4.0,8.19
3444,12.35,25.37,6.25,43.25,3.91,2.53,6.34
3503,8.44,12.34,12.34,40.26,3.25,0.0,23.38
3506,15.6,20.13,10.62,30.67,8.72,0.0,14.26
3513,18.49,27.05,6.7,25.56,4.59,0.0,17.61
3514,6.27,32.7,6.54,34.6,6.27,0.0,13.62
3521,12.41,7.59,28.41,24.97,15.03,0.0,11.59
3522,24.42,7.08,17.83,20.63,12.94,0.0,17.09
3531,18.64,11.36,19.09,24.55,11.82,0.0,14.55
3532,11.82,44.55,13.03,15.76,4.85,0.0,10.0
3533,3.7,22.22,9.26,33.33,11.11,0.0,20.37
3534,18.18,43.64,0.0,9.09,9.09,0.0,20.0
3536,28.67,24.58,16.87,14.7,4.82,0.0,10.36
3538,15.9,34.33,8.99,13.82,11.29,0.0,15.67
3539,14.55,31.7,10.72,24.66,6.05,0.0,12.33
3540,17.05,23.86,17.05,26.14,2.27,0.0,13.64
3541,15.66,24.1,19.76,11.57,9.64,0.0,19.27
3542,7.85,38.68,12.08,24.59,5.69,0.0,11.1
3551,6.49,16.84,14.27,55.59,1.99,0.0,4.82
3561,6.99,30.2,17.1,37.58,3.39,0.0,4.74
3572,8.63,46.28,6.73,29.31,4.35,0.0,4.7
3575,15.36,32.17,7.8,30.12,5.11,0.0,9.45
3581,14.22,30.51,19.11,21.34,6.6,0.0,8.23
3582,7.15,43.52,7.75,24.89,8.05,0.0,8.64
3603,8.27,46.96,11.52,12.76,5.49,0.0,15.0
3611,7.24,49.35,4.91,23.77,4.13,0.0,10.59
3612,10.0,51.89,5.74,22.43,2.9,0.0,7.04
3616,9.36,15.14,20.52,19.92,9.96,0.0,25.1
3617,5.66,41.87,7.92,25.18,3.82,0.0,15.55
3618,3.0,56.62,7.05,22.52,4.03,0.0,6.77
3619,7.91,36.31,12.38,27.85,5.34,0.0,10.19
3633,19.14,5.71,19.6,28.4,8.49,0.0,18.68
3637,5.8,6.4,31.6,32.0,4.2,0.0,20.0
3638,12.42,6.85,28.21,28.61,10.45,0.0,13.46
3640,12.72,9.38,15.12,35.83,6.9,0.0,20.06
3661,8.3,18.24,14.38,34.52,6.36,0.0,18.21
3662,17.88,14.57,9.27,20.97,3.75,0.0,33.55
3663,15.63,5.86,28.16,19.2,12.18,0.0,18.96
3668,19.92,10.65,17.25,26.73,6.81,0.0,18.63
3669,12.12,7.27,11.52,16.36,14.24,0.0,38.48
3670,13.71,7.87,8.63,24.11,5.08,0.0,40.61
3672,6.57,6.92,18.08,23.47,5.14,0.0,39.82
3673,10.67,11.29,27.49,22.81,10.42,0.0,17.33
3681,8.92,12.43,11.35,27.3,7.3,0.0,32.7
3691,10.67,3.37,0.0,15.17,1.69,0.0,69.1
3693,10.21,3.52,11.27,37.68,8.45,0.0,28.87
3694,18.76,4.94,17.36,28.01,3.68,0.0,27.25
3695,15.47,4.87,6.02,19.77,6.3,0.0,47.57
3701,18.21,7.01,14.7,25.96,7.08,0.0,27.04
3703,21.67,7.5,10.83,36.67,10.0,0.0,13.33
3705,25.05,7.52,16.08,12.94,4.8,0.0,33.61
3707,20.56,10.0,30.56,15.0,7.22,0.0,16.67
3708,28.28,2.07,19.31,6.9,2.76,0.0,40.69
3711,10.83,10.83,15.0,42.5,7.5,0.0,13.34
3712,12.01,6.55,12.32,33.07,4.99,0.0,31.05
3713,0.67,4.0,10.0,61.33,2.0,0.0,22.0
3721,11.98,22.74,16.7,28.56,9.51,0.0,10.51
3722,10.29,20.53,21.12,32.97,5.85,0.0,9.24
3723,9.71,19.2,22.05,26.64,10.3,0.0,12.1
3731,10.08,9.68,17.92,28.9,9.24,0.0,24.17
3732,20.32,11.87,18.13,28.98,7.8,0.0,12.91
3733,15.91,8.29,21.47,29.37,9.06,0.0,15.91
3734,24.17,6.54,25.15,17.97,12.32,0.0,13.85
3746,9.65,6.8,15.8,34.45,6.33,0.0,26.97
3752,13.03,14.68,4.27,44.8,4.16,0.0,19.06
3762,12.29,5.65,24.84,25.3,8.53,0.0,23.4
3764,13.68,7.0,25.54,25.62,6.44,0.0,21.72
3781,15.54,7.01,26.01,28.38,8.7,0.0,14.36
3782,28.73,5.41,12.06,26.08,9.18,0.0,18.54
3783,14.67,3.73,24.0,27.2,16.0,0.0,14.4
3784,22.01,7.6,14.4,30.91,6.8,0.0,18.27
3785,17.98,5.27,15.23,36.77,8.13,0.0,16.61
3786,22.5,9.48,16.36,23.85,8.1,0.0,19.7
3787,30.97,10.98,10.17,27.0,5.5,0.0,15.38
3788,8.82,4.09,20.61,29.67,5.85,0.0,30.95
3789,28.52,5.63,16.89,18.48,6.24,0.0,24.23
3790,35.17,5.78,9.91,31.38,5.17,0.0,12.59
3791,20.81,4.86,17.26,28.54,6.6,0.0,21.93
3792,28.29,4.79,12.16,28.21,5.09,0.0,21.46
3804,1.56,52.73,9.38,34.77,0.0,0.0,1.56
3805,4.68,35.67,17.84,37.13,1.46,0.0,3.22
3808,13.8,10.44,20.2,39.06,3.37,0.0,13.13
3810,3.14,19.5,20.75,47.17,0.0,0.0,9.43
3821,27.69,13.02,17.56,31.51,4.03,0.0,6.2
3822,8.48,21.68,23.39,36.79,1.84,0.0,7.82
3823,11.86,13.65,21.92,33.33,1.34,0.0,17.9
3831,15.52,29.67,11.59,37.52,2.36,0.0,3.34
3832,10.31,18.74,21.51,41.02,2.11,0.0,6.32
3833,11.19,34.97,9.09,44.06,0.7,0.0,0.0
3834,8.79,10.24,27.39,47.83,2.11,0.0,3.64
3835,13.63,14.13,32.59,35.19,1.12,0.0,3.35
3836,14.85,17.33,37.13,23.27,2.48,0.0,4.95
3837,4.74,17.15,36.86,21.53,1.82,0.0,17.88
3847,6.36,23.75,14.91,31.85,4.33,0.0,18.8
3851,20.43,5.23,14.66,30.02,12.11,0.0,17.55
3861,18.12,2.94,15.49,32.39,14.17,0.0,16.9
3862,10.51,4.1,12.05,50.51,2.31,0.0,20.52
3863,19.36,2.34,8.11,37.58,11.02,0.0,21.59
3871,18.74,4.03,10.81,41.27,6.98,0.0,18.18
3881,4.33,1.67,13.67,54.0,8.33,0.0,18.0
3882,11.16,1.05,9.7,52.22,7.84,0.0,18.02
3883,11.03,3.02,9.56,51.96,6.94,0.0,17.49
3891,19.93,2.99,12.26,39.55,9.32,0.0,15.96
3893,17.87,3.95,5.33,49.48,3.26,0.0,20.1
3901,12.06,13.74,25.96,26.43,9.71,0.0,12.1
3911,16.93,10.01,18.36,30.43,9.78,0.0,14.49
3921,15.41,7.24,13.68,37.42,7.9,0.0,18.34
3926,4.25,2.67,16.02,51.21,11.41,0.0,14.44
3932,16.97,6.87,15.35,25.45,5.05,0.0,30.3
3941,9.74,5.91,19.79,21.35,20.16,0.0,23.06
3945,8.63,13.78,13.83,40.83,10.18,0.0,12.76
3946,10.14,15.32,17.94,35.58,8.53,0.0,12.5
3947,10.74,12.2,16.4,34.15,7.54,0.0,18.97
3951,18.65,3.77,13.5,39.7,13.5,0.0,10.88
3952,14.56,8.49,15.01,39.18,7.98,0.0,14.79
3953,16.9,7.17,13.3,34.83,10.85,0.0,16.96
3954,15.16,6.81,24.24,26.47,11.31,0.0,16.01
3955,8.91,11.38,21.36,34.73,8.62,0.0,15.0
3961,14.88,4.83,15.43,36.5,10.94,0.0,17.42
3962,12.89,4.23,21.19,36.35,7.66,0.0,17.68
3972,7.54,4.18,17.51,33.78,9.24,0.0,27.76
3981,4.35,59.51,6.4,21.25,2.0,0.0,6.48
3982,2.98,69.59,5.83,13.73,3.79,0.0,4.08
3983,1.02,63.23,9.01,16.42,3.2,0.0,7.12
3985,2.98,68.42,5.73,14.59,2.52,0.0,5.76
3986,2.98,68.0,3.56,18.05,3.27,0.0,4.14
3987,3.96,64.97,7.83,16.43,2.66,0.0,4.14
4001,18.09,5.32,26.52,22.66,7.9,8.85,10.66
4002,18.36,4.58,20.39,30.81,6.06,7.07,12.74
4003,15.2,7.11,18.34,36.52,4.99,5.75,12.1
4004,13.8,4.69,11.78,51.05,4.07,4.61,10.01
4005,20.74,7.1,15.39,36.76,5.53,5.32,9.16
4006,16.09,4.29,17.14,39.72,4.25,4.29,14.24
4007,16.24,4.24,11.19,48.22,5.6,2.71,11.81
4008,19.16,5.73,20.46,27.59,6.5,7.48,13.09
4009,14.59,4.18,13.49,48.24,4.24,2.63,12.64
4010,16.23,5.11,17.26,39.46,4.48,3.15,14.31
4012,16.28,5.58,20.53,30.08,5.89,7.35,14.31
4013,19.69,5.3,15.5,34.48,5.43,5.54,14.04
4021,18.32,10.08,22.67,20.03,8.73,11.57,8.59
4022,16.42,9.68,14.01,41.53,4.41,3.52,10.44
4023,19.54,4.36,9.33,45.03,6.69,3.93,11.11
4024,13.4,19.22,9.85,37.43,4.85,4.95,10.31
4026,20.26,9.3,26.76,16.38,9.04,11.63,6.62
4027,15.47,11.78,13.68,35.62,7.18,4.12,12.14
4028,14.14,9.15,16.67,30.43,7.34,9.23,13.03
4029,16.09,9.07,17.71,35.22,5.57,5.74,10.6
4030,14.41,13.1,13.88,36.46,3.96,3.9,14.28
4031,10.46,12.39,12.89,44.94,4.08,2.81,12.43
4032,18.51,11.94,8.73,44.68,4.04,2.68,9.42
4033,17.18,8.57,14.46,40.15,5.19,3.47,10.98
4034,9.44,17.11,16.5,37.17,4.72,3.93,11.13
4035,17.87,9.75,11.64,31.53,5.23,5.29,18.69
4037,22.78,12.45,11.55,31.49,5.94,3.82,11.97
4038,17.38,13.36,19.49,27.94,5.32,5.89,10.61
4039,18.03,10.84,9.16,37.37,6.89,4.59,13.13
4040,14.62,10.51,16.73,41.22,4.22,2.64,10.06
4041,15.14,10.54,13.06,41.71,4.13,5.5,9.91
4042,13.65,7.78,24.9,27.08,5.37,11.82,9.39
4044,14.47,9.61,18.64,35.18,5.18,6.75,10.18
4045,14.42,12.66,18.82,28.96,6.42,7.75,10.98
4046,12.9,9.92,14.36,38.09,8.17,4.37,12.18
4047,14.13,16.13,8.78,45.12,3.29,3.65,8.91
4048,15.04,11.45,13.5,37.55,5.48,4.32,12.67
4049,13.56,13.96,12.46,37.44,5.29,5.54,11.75
4061,18.17,7.51,11.62,39.19,6.83,5.17,11.52
4062,15.97,11.61,15.57,37.21,5.94,4.3,9.39
4063,13.36,10.74,20.47,34.38,5.66,5.32,10.07
4064,15.7,8.1,5.9,54.44,4.6,1.97,9.28
4065,15.66,9.47,14.31,43.93,3.97,3.32,9.34
4066,15.91,8.24,14.53,40.19,4.01,5.29,11.82
4067,11.67,9.87,8.63,50.7,3.64,3.07,12.41
4068,14.23,13.76,11.81,41.19,4.91,4.42,9.68
4071,14.04,12.61,13.65,37.88,7.12,5.56,9.13
4072,12.83,14.37,11.18,43.5,4.37,3.08,10.68
4073,17.35,11.57,12.49,36.86,7.61,4.14,9.98
4074,21.1,5.75,10.96,42.7,6.56,4.91,8.02
4075,12.9,9.22,15.93,42.21,5.58,3.99,10.18
4076,16.0,10.99,11.72,42.91,3.56,3.57,11.25
4077,9.82,12.33,12.65,41.13,5.89,3.33,14.84
4078,10.87,14.2,12.8,47.5,2.18,2.58,9.87
4079,11.28,9.55,11.69,47.28,7.65,3.45,9.1
4080,14.37,9.92,12.17,49.34,3.29,3.11,7.79
4081,18.59,9.33,13.28,39.42,5.4,3.84,10.13
4082,15.22,12.26,16.54,37.66,4.03,5.86,8.43
4083,15.65,11.13,13.97,39.78,5.63,4.37,9.47
4084,10.4,12.08,12.68,43.43,7.11,4.16,10.14
4091,17.89,3.84,13.35,37.62,8.3,3.55,15.45
4092,13.89,5.4,15.44,45.41,3.61,1.99,14.27
4093,15.97,3.21,8.98,54.12,3.36,3.68,10.67
4094,9.78,5.77,13.15,51.05,3.27,3.35,13.63
4095,19.14,7.49,20.24,25.91,5.16,9.57,12.49
4096,12.76,5.66,11.56,40.24,4.37,4.51,20.9
4097,6.64,6.7,19.29,33.25,5.21,11.29,17.61
4099,23.22,4.06,12.29,38.12,4.51,5.01,12.79
4100,16.51,6.94,13.3,40.16,5.03,3.57,14.48
4104,12.41,5.73,11.89,45.06,4.86,4.59,15.45
4105,8.83,4.56,3.81,68.0,3.51,2.16,9.12
4106,12.02,5.89,7.39,51.08,2.53,6.78,14.32
4107,12.23,2.77,19.74,43.23,3.82,6.8,11.41
4110,17.78,5.97,13.76,42.3,3.89,3.66,12.66
4111,16.03,9.12,14.21,35.34,4.86,5.95,14.49
4112,13.18,8.21,14.91,43.04,5.16,4.28,11.23
4113,10.52,3.12,20.06,42.09,4.8,7.49,11.92
4114,21.45,5.2,13.16,40.64,4.32,2.86,12.36
4117,10.21,3.67,11.48,50.23,2.09,3.69,18.62
4120,12.83,4.28,17.17,39.99,3.74,6.41,15.59
4121,16.15,7.52,14.12,42.05,4.85,5.23,10.06
4122,14.93,6.19,16.8,36.03,6.4,5.67,13.98
4123,14.22,7.86,23.55,26.83,5.53,8.88,13.12
4124,12.97,5.91,13.75,45.03,4.56,4.68,13.12
4125,16.01,4.31,11.92,40.52,4.52,10.09,12.63
4131,18.59,3.15,16.79,37.28,4.79,6.62,12.77
4132,20.95,4.9,13.74,42.39,3.83,4.04,10.15
4133,19.2,2.38,12.64,48.67,3.41,4.44,9.26
4134,13.77,2.91,6.42,53.71,0.97,1.96,20.26
4135,19.27,2.03,7.62,46.66,2.06,4.17,18.19
4136,10.22,2.94,9.05,62.59,2.84,0.96,11.41
4137,14.7,2.93,11.59,51.18,1.81,3.95,13.84
4138,15.34,1.77,6.99,58.95,2.69,2.97,11.3
4139,19.95,3.05,12.86,46.04,2.68,3.63,11.79
4140,18.07,2.96,10.31,50.48,3.01,4.39,10.78
4141,20.89,2.5,12.92,46.2,3.26,3.2,11.03
4142,7.8,2.23,7.19,62.91,2.25,1.59,16.04
4143,6.6,3.07,5.61,60.01,3.1,3.34,18.25
4144,16.57,4.04,14.33,42.25,3.18,4.69,14.93
4145,15.47,3.58,14.7,45.66,3.46,3.69,13.44
4146,14.57,2.52,15.16,45.91,2.64,5.96,13.24
4147,19.41,1.77,8.05,49.35,3.01,2.36,16.05
4161,10.34,9.78,15.49,41.74,4.14,4.8,13.71
4163,14.31,12.31,12.92,37.59,5.74,5.13,12.0
4164,6.88,30.31,7.68,42.62,3.61,3.03,5.89
4165,12.46,11.32,18.64,30.51,6.64,8.13,12.31
4166,10.95,5.39,14.34,47.19,4.14,5.87,12.12
4167,6.28,16.6,13.27,46.77,3.47,2.67,10.95
4169,12.1,17.02,16.21,38.38,2.52,4.43,9.34
4170,13.87,18.4,14.6,38.07,2.28,5.2,7.58
4172,17.16,6.8,14.22,45.79,2.85,4.33,8.86
4173,9.74,10.45,14.2,39.79,4.05,6.08,15.7
4175,7.45,16.28,8.68,45.61,5.32,5.41,11.25
4176,9.82,6.59,12.54,56.09,0.87,2.78,11.31
4177,10.54,8.08,13.89,52.12,4.2,3.7,7.47
4179,9.2,9.1,14.57,44.62,5.32,6.02,11.17
4181,8.14,15.87,11.56,42.57,3.23,9.75,8.89
4182,8.13,14.75,10.02,44.46,2.21,6.57,13.85
4183,9.28,8.54,18.68,42.2,3.5,6.7,11.12
4184,11.07,17.74,10.17,44.82,3.26,4.63,8.3
4191,12.16,3.6,20.35,45.06,5.7,6.34,6.81
4192,19.42,4.13,14.04,43.66,3.51,4.99,10.23
4193,14.36,2.85,12.08,47.55,2.85,3.39,16.93
4194,16.38,3.43,8.55,50.85,3.64,3.92,13.23
4195,12.29,4.39,14.12,43.97,3.92,4.62,16.69
4196,12.4,6.76,13.18,45.07,4.63,4.16,13.8
4197,14.09,4.27,9.88,52.85,4.24,3.37,11.31
4198,9.94,5.13,16.75,48.48,3.46,3.36,12.87
4199,12.42,4.54,8.94,60.07,3.52,1.66,8.84
4200,14.43,3.9,11.4,50.59,3.53,3.6,12.57
4201,19.54,5.76,22.29,25.56,8.82,7.46,10.56
4202,21.83,4.12,11.85,43.6,4.77,3.64,10.19
4203,17.83,4.72,14.77,40.18,5.39,4.09,13.02
4204,11.75,4.68,23.03,35.19,7.06,6.97,11.32
4205,12.57,4.89,13.95,45.04,3.81,4.75,15.0
4206,16.83,3.01,15.77,41.7,5.08,3.95,13.66
4207,14.65,2.86,17.01,39.91,4.52,6.32,14.74
4208,20.52,3.64,10.71,44.98,5.36,3.98,10.81
4209,13.07,6.39,15.19,44.05,4.08,5.26,11.96
4210,15.16,6.35,18.86,32.74,7.29,6.14,13.46
4221,12.11,14.6,6.5,48.56,6.75,3.28,8.2
4222,11.54,15.18,8.1,46.69,4.31,5.18,9.0
4223,10.37,24.11,6.93,42.22,2.86,2.54,10.98
4224,10.66,20.87,3.46,47.09,3.51,3.77,10.64
4226,5.26,8.43,8.52,51.44,6.58,4.88,14.9
4227,12.08,17.47,6.43,46.88,4.27,2.7,10.16
4228,8.17,14.92,9.72,53.33,1.89,4.19,7.79
4229,6.88,11.68,10.54,50.16,2.88,9.83,8.03
4230,11.31,12.51,11.38,43.26,6.45,6.39,8.71
4231,7.62,19.11,7.13,52.21,3.65,1.29,8.99
4232,28.67,12.95,10.25,35.45,3.3,5.13,4.26
4233,8.74,11.23,9.29,48.68,3.53,4.02,14.51
4234,13.28,18.88,10.14,40.41,3.8,4.25,9.23
4235,7.83,16.13,7.9,50.79,4.61,3.52,9.23
4236,12.98,15.45,15.63,37.85,4.59,5.65,7.86
4237,11.78,18.16,12.82,38.93,6.26,2.0,10.05
4238,9.04,8.73,10.7,56.67,5.02,2.86,6.97
4239,13.27,19.79,8.78,41.0,5.86,3.12,8.18
4240,12.62,13.34,12.5,45.3,3.68,4.42,8.14
4251,6.16,15.65,7.92,56.85,3.69,2.89,6.84
4252,13.29,7.45,21.69,37.7,4.71,4.39,10.78
4253,16.39,9.24,18.13,34.17,7.15,3.87,11.05
4254,12.07,7.74,17.32,39.92,5.23,6.01,11.71
4255,11.74,8.09,14.11,46.25,5.32,3.34,11.16
4256,9.84,14.62,15.56,36.11,3.23,5.65,14.99
4257,21.78,9.15,16.5,33.24,4.31,3.67,11.36
4258,15.97,7.46,24.7,27.81,6.46,6.51,11.1
4259,11.34,13.09,6.71,50.18,3.04,3.07,12.57
4260,13.4,11.05,19.51,41.34,2.85,3.05,8.79
4261,11.64,7.39,13.85,45.71,6.59,5.18,9.65
4262,9.16,16.73,11.23,38.5,5.7,7.05,11.63
4263,14.62,10.81,17.94,36.21,3.46,5.43,11.54
4264,7.86,7.48,15.36,44.89,3.95,6.11,14.35
4271,14.1,4.71,21.73,38.21,4.33,4.01,12.89
4272,7.26,2.0,9.67,62.14,0.93,4.0,13.99
4273,12.64,2.91,11.59,45.22,2.38,3.66,21.61
4274,9.04,3.03,15.77,45.0,5.45,4.7,17.02
4275,11.35,2.78,11.59,54.09,2.35,2.96,14.87
4276,15.64,2.99,16.57,39.87,4.03,5.28,15.61
4277,10.39,2.27,10.85,60.07,2.89,2.49,11.05
4279,12.44,2.42,12.53,48.38,4.58,3.73,15.92
4280,12.0,4.43,18.31,41.28,4.68,3.34,15.96
4281,7.31,3.36,7.1,51.43,2.53,5.43,22.84
4282,14.44,3.19,15.07,43.61,3.26,2.79,17.65
4283,13.05,3.08,14.62,52.19,3.02,2.54,11.5
4284,7.41,3.77,7.7,60.2,3.1,3.01,14.83
4285,12.02,4.0,17.7,38.75,5.24,4.33,17.96
4286,12.36,3.64,9.86,53.32,4.26,3.72,12.84
4287,13.39,3.0,16.85,40.91,3.84,4.56,17.45
4288,5.8,1.87,8.12,63.06,3.16,1.61,16.37
4289,17.88,4.72,21.18,28.18,7.74,6.31,13.99
4301,13.64,9.41,11.49,44.61,5.9,4.11,10.84
4302,7.3,7.79,5.25,64.64,4.76,5.5,4.76
4303,13.29,12.56,8.98,53.04,2.63,2.63,6.85
4304,16.5,15.28,11.78,43.42,3.04,3.23,6.74
4305,15.32,15.34,18.23,36.29,3.09,4.28,7.45
4306,5.02,16.65,11.08,52.19,1.24,6.61,7.21
4307,13.22,8.07,9.65,49.17,1.98,4.81,13.1
4308,12.38,6.62,24.55,32.25,5.91,7.49,10.79
4309,19.45,13.51,13.75,37.69,4.0,4.1,7.5
4310,10.5,9.32,17.17,47.91,3.61,3.06,8.43
4311,9.15,11.34,6.95,63.91,1.45,1.49,5.7
4312,13.39,12.53,12.83,43.37,5.08,4.54,8.26
4313,9.2,13.88,7.09,60.4,2.31,2.57,4.56
4314,8.9,9.37,19.69,33.62,4.33,8.9,15.19
4315,8.2,7.28,13.83,53.48,1.44,4.86,10.91
4316,10.63,7.78,22.74,45.21,3.05,2.29,8.3
4317,8.33,4.46,11.08,56.8,2.38,5.95,10.99
4318,11.2,14.06,11.28,44.75,4.36,4.26,10.1
4319,6.69,9.95,12.61,57.12,3.43,2.48,7.71
4320,11.02,13.68,6.72,55.35,3.66,3.1,6.46
4322,10.73,16.14,8.65,42.32,5.63,6.71,9.82
4323,13.37,12.98,18.35,39.56,3.19,4.24,8.31
4401,14.3,15.99,18.37,33.56,4.2,6.35,7.22
4406,8.23,5.47,5.99,51.78,2.5,3.82,22.2
4411,13.75,10.47,9.95,44.22,5.56,4.54,11.53
4416,11.03,7.39,12.33,44.27,5.13,5.85,14.0
4421,20.92,13.81,11.3,39.04,4.58,3.04,7.32
4426,16.33,9.83,11.35,38.59,5.24,8.75,9.92
4431,12.62,10.46,12.76,43.06,5.89,5.77,9.44
4436,15.83,11.21,18.57,32.61,5.29,6.61,9.88
4441,7.98,10.85,14.09,39.41,4.93,11.84,10.89
4446,5.44,12.0,9.93,47.24,6.56,7.6,11.22
4451,21.31,6.48,11.77,43.34,5.83,5.35,5.92
4461,16.64,10.86,11.57,39.97,4.13,4.93,11.9
4471,10.05,15.88,12.5,36.33,6.13,4.7,14.41
4476,11.59,9.88,9.86,47.11,4.78,4.35,12.43
4486,9.69,12.57,7.67,47.38,4.09,3.11,15.49
4495,5.96,8.12,6.88,55.99,6.65,3.87,12.53
4501,12.87,10.59,10.92,44.39,4.64,4.6,12.0
4506,13.04,12.16,10.97,42.09,5.33,3.5,12.92
4511,8.71,11.73,8.34,45.67,3.89,2.12,19.55
4536,8.03,6.71,13.57,52.34,4.93,4.32,10.1
4545,12.62,9.66,19.9,40.33,4.52,4.98,7.97
4546,11.0,5.3,14.59,49.3,5.13,4.39,10.29
4551,10.09,20.07,10.42,40.3,5.81,5.19,8.13
4561,10.15,9.55,13.89,44.7,5.38,4.73,11.62
4566,16.17,11.32,19.44,30.08,7.83,6.16,8.99
4571,11.29,11.39,11.97,42.41,8.9,5.02,9.02
4590,4.87,11.11,12.47,46.67,6.39,6.23,12.26
4591,6.56,11.05,18.44,44.95,6.46,4.46,8.09
4601,9.46,6.26,11.66,53.59,6.9,3.31,8.83
4606,9.66,16.35,11.08,39.56,7.59,5.56,10.22
4611,8.62,9.49,9.75,46.03,7.43,4.66,14.02
4616,9.5,13.89,9.93,51.8,5.46,3.92,5.5
4621,10.26,13.04,11.7,48.07,6.61,3.79,6.53
4641,15.48,9.14,13.4,36.67,10.08,8.63,6.6
4643,25.44,13.95,14.49,24.64,10.44,5.44,5.62
4646,18.43,12.24,12.75,34.02,8.88,6.43,7.25
4651,23.24,7.05,11.06,28.69,8.33,9.29,12.34
4656,10.61,10.85,11.84,47.02,5.97,5.61,8.1
4666,8.92,12.17,8.28,48.42,7.19,4.78,10.24
4671,17.42,14.71,19.4,28.04,7.79,7.36,5.28
4681,9.66,10.41,5.07,55.5,5.54,3.56,10.26
4683,10.3,14.87,8.54,38.78,11.95,5.77,9.79
4691,17.01,10.56,14.05,35.19,7.89,8.37,6.92
4696,16.28,13.96,12.48,32.63,10.5,3.49,10.66
4701,7.2,7.91,5.12,61.25,6.02,3.36,9.15
4711,8.31,10.43,6.76,53.72,4.92,4.15,11.71
4716,10.56,21.34,5.42,49.12,6.01,1.29,6.27
4721,10.31,25.79,7.58,42.51,3.25,5.32,5.24
4723,6.43,9.82,6.79,54.03,6.06,4.31,12.55
4724,17.34,13.72,9.12,37.36,7.39,6.99,8.09
4726,9.2,24.51,5.54,46.23,3.48,5.53,5.51
4741,8.06,11.7,7.27,51.34,5.95,3.71,11.98
4746,13.76,14.4,9.41,43.74,5.82,5.69,7.18
4751,11.19,17.59,9.07,47.99,4.23,3.7,6.23
4756,7.98,14.12,6.54,52.87,5.05,3.67,9.76
4761,10.57,16.31,10.18,44.13,4.46,5.45,8.9
4776,6.16,15.69,6.05,52.41,5.4,4.17,10.1
4781,9.54,16.44,9.3,43.58,5.81,4.97,10.36
4786,13.39,18.86,10.83,33.28,6.84,6.64,10.15
4791,6.27,17.14,6.01,51.2,7.11,3.0,9.28
4801,15.65,10.79,15.86,34.71,7.64,5.97,9.37
4806,8.01,19.4,10.58,43.02,6.64,5.99,6.36
4811,9.71,18.28,9.85,45.87,6.62,3.84,5.83
4816,7.05,12.69,6.51,56.21,3.99,2.94,10.62
4821,14.2,14.89,11.18,37.67,6.24,5.57,10.25
4826,18.26,12.45,10.04,40.41,4.98,4.98,8.88
4831,12.04,15.01,10.44,46.16,4.97,4.42,6.95
4841,7.93,9.92,7.72,55.87,5.82,4.97,7.76
4846,4.42,8.0,5.05,70.84,2.63,1.26,7.79
4851,17.47,11.43,12.54,41.8,6.55,3.37,6.83
4864,15.01,11.67,16.44,32.89,8.08,5.34,10.57
4871,7.33,5.73,14.29,47.78,5.8,7.26,11.81
4881,7.04,9.85,6.43,52.29,2.94,3.58,17.89
4891,12.83,15.68,6.49,41.14,6.74,2.92,14.2
4901,6.11,9.81,9.15,49.57,6.39,5.32,13.65
4911,9.96,12.68,7.98,46.44,5.43,5.38,12.13
4921,6.22,11.87,9.22,50.9,3.46,4.74,13.59
4941,13.55,13.77,11.77,39.46,7.04,5.0,9.41
4946,15.84,15.14,12.87,31.24,7.21,6.08,11.61
4951,8.08,10.89,14.02,46.39,4.91,3.96,11.76
5001,25.01,17.02,17.61,9.41,0.81,3.79,26.34
5002,28.22,17.15,23.47,7.8,0.84,3.88,18.62
5003,31.24,17.31,12.09,8.61,0.33,2.83,27.58
5004,28.07,20.11,19.96,7.71,0.55,3.2,20.39
5005,29.25,16.95,20.33,10.07,0.51,3.51,19.37
5006,24.55,29.43,19.19,5.29,0.71,2.57,18.26
5007,32.42,30.47,13.03,5.42,0.17,2.27,16.2
5008,26.71,24.79,11.83,13.79,1.09,2.7,19.09
5009,14.65,43.55,1.11,12.08,0.06,1.23,27.31
5010,29.16,20.36,20.57,9.68,1.72,4.36,14.15
5012,24.07,11.62,31.12,12.45,0.62,5.81,14.32
5013,27.07,32.46,13.73,5.62,0.41,2.81,17.9
5014,35.82,18.95,16.38,7.13,2.49,4.76,14.46
5015,39.74,9.15,15.46,7.06,0.08,2.42,26.08
5017,33.79,21.12,11.76,9.72,0.59,2.68,20.35
5018,34.26,15.19,14.52,7.1,1.44,2.22,25.28
5019,41.81,18.07,10.45,9.14,0.6,3.09,16.83
5048,21.03,30.58,15.87,7.42,0.53,2.44,22.14
5049,26.13,18.75,16.52,11.56,0.29,2.2,24.55
5050,21.85,21.19,14.1,11.43,0.71,3.03,27.7
5061,27.54,35.68,5.86,8.75,0.28,1.65,20.25
5063,13.79,46.8,2.14,14.56,0.0,2.14,20.58
5064,14.41,38.49,19.62,8.4,0.05,0.9,18.13
5071,25.11,35.57,7.6,11.67,0.11,2.53,17.4
5072,21.47,33.26,15.1,9.45,0.59,2.13,18.02
5073,19.13,31.94,13.11,9.86,0.13,1.58,24.26
5076,26.22,20.28,17.01,2.39,0.09,0.27,33.75
5077,6.8,16.67,39.19,8.92,0.33,1.06,27.03
5078,38.24,22.9,9.15,8.73,0.0,2.68,18.3
5079,34.26,21.78,9.38,6.42,0.03,0.93,27.21
5081,14.64,31.43,12.14,11.43,0.0,2.86,27.5
5091,32.49,18.01,11.17,17.32,1.33,3.16,16.51
5095,17.01,31.46,8.16,9.69,0.0,6.29,27.38
5096,26.28,24.34,13.2,17.38,1.06,3.95,13.79
5097,27.8,12.15,19.28,18.67,0.76,2.53,18.81
5102,16.67,45.83,16.67,4.17,0.0,0.0,16.67
5105,3.05,21.34,13.72,15.24,0.61,2.13,43.91
5108,18.16,30.03,16.7,10.42,0.7,2.31,21.69
5109,43.98,11.11,15.28,3.7,0.0,3.7,22.22
5112,17.4,28.6,14.96,11.99,0.83,3.24,22.98
5113,26.11,16.19,19.52,11.73,0.8,3.58,22.06
5115,20.49,15.97,15.17,22.46,0.87,3.57,21.46
5117,19.16,9.58,32.18,10.73,4.47,6.77,17.11
5118,26.59,17.8,18.57,12.42,1.43,3.79,19.4
5119,6.11,16.11,30.0,11.67,0.56,4.44,31.12
5120,23.77,26.81,12.16,13.88,0.81,2.56,20.01
5121,26.25,17.27,17.11,22.64,2.89,3.82,10.03
5125,23.56,5.47,17.84,29.62,1.33,1.97,20.21
5129,2.56,33.01,25.32,10.9,2.56,1.6,24.03
5131,20.53,17.11,20.24,15.6,1.28,3.7,21.54
5132,31.22,37.57,12.96,0.79,0.0,2.12,15.35
5135,25.46,15.48,20.18,7.0,2.06,2.75,27.06
5136,22.43,12.28,30.69,8.25,0.85,1.16,24.34
5137,31.29,10.34,24.27,9.2,3.32,7.66,13.92
5138,20.9,26.38,15.64,11.84,1.08,4.46,19.69
5141,18.54,18.75,12.82,13.53,0.64,4.01,31.7
5143,12.26,19.74,27.74,12.9,0.13,7.74,19.48
5144,25.83,10.35,21.14,5.24,0.38,4.62,32.44
5146,8.38,4.88,20.15,19.41,2.97,8.91,35.31
5148,21.74,15.09,15.87,12.19,1.01,2.18,31.92
5149,14.01,19.12,21.44,11.52,2.26,1.19,30.47
5151,22.46,20.28,11.84,13.39,0.31,4.58,27.14
5154,20.57,18.27,14.27,16.43,0.64,2.58,27.24
5160,20.59,23.36,18.28,8.77,0.46,3.81,24.74
5161,27.25,12.09,17.08,13.79,0.28,2.4,27.11
5162,22.48,25.21,9.07,12.97,0.21,2.63,27.44
5167,16.39,28.81,14.4,13.56,0.57,1.92,24.35
5171,20.47,19.57,16.92,14.34,1.42,3.31,23.97
5176,27.05,14.5,21.1,13.02,0.63,3.96,19.75
5178,17.99,17.7,15.7,13.99,1.84,3.38,29.4
5180,31.29,17.03,14.89,13.68,0.79,2.65,19.69
5181,10.52,21.72,14.2,13.95,2.54,4.98,32.09
5186,26.69,30.56,3.88,6.28,1.57,5.08,25.94
5187,29.05,12.99,9.18,13.79,0.89,2.89,31.23
5189,21.0,18.82,14.63,11.82,0.88,2.55,30.3
5192,22.34,15.13,15.2,13.31,0.91,4.11,29.0
5193,21.51,19.08,12.49,14.96,1.54,3.73,26.7
5194,17.27,23.58,15.07,11.88,0.1,2.2,29.9
5195,14.74,18.68,20.08,7.87,0.0,4.2,34.42
5196,15.18,33.13,18.86,9.61,1.0,3.01,19.22
5197,25.19,17.11,15.43,12.82,0.84,3.23,25.37
5198,34.37,14.28,14.01,12.16,1.51,5.26,18.42
5199,21.25,23.98,8.3,8.71,0.52,2.12,35.11
5200,14.2,12.74,22.55,9.22,1.9,8.2,31.19
5202,18.12,15.15,11.84,24.44,0.86,3.35,26.24
5203,49.33,6.89,10.77,13.19,0.54,2.37,16.91
5205,18.15,13.85,19.07,14.35,1.3,3.84,29.43
5206,12.37,37.56,14.96,10.52,1.41,4.37,18.81
5207,22.06,13.48,17.52,13.52,0.91,4.98,27.52
5208,24.2,7.96,21.68,12.56,1.06,4.01,28.53
5210,27.88,13.29,13.37,12.58,0.93,5.7,26.27
5212,23.95,9.44,17.48,13.28,1.1,3.37,31.38
5213,33.56,12.73,7.22,12.99,0.99,3.01,29.51
5214,30.64,18.55,12.03,15.2,2.53,1.61,19.45
5216,16.31,24.74,16.4,13.7,0.71,3.11,25.03
5219,18.55,11.76,24.97,11.24,0.84,3.65,28.98
5221,15.87,25.04,13.44,14.93,0.82,6.01,23.89
5222,17.24,20.14,18.78,12.08,2.08,5.29,24.39
5225,21.95,24.43,15.28,15.38,1.11,3.07,18.78
5226,17.56,19.52,19.9,8.38,0.75,4.67,29.23
5227,22.15,15.18,13.74,11.2,1.22,3.12,33.4
5230,27.83,16.79,15.61,13.6,1.25,3.54,21.37
5231,28.41,16.91,14.52,10.56,1.25,2.94,25.42
5233,34.83,11.83,10.93,13.88,3.21,3.73,21.6
5236,33.61,14.8,11.41,13.36,1.49,3.06,22.28
5237,18.14,20.99,20.79,10.32,0.76,6.08,22.92
5238,28.18,21.0,11.33,10.21,0.56,2.47,26.25
5242,21.8,21.71,16.54,7.01,0.56,4.06,28.32
5249,16.52,26.71,13.52,9.5,0.46,4.43,28.88
5250,22.87,14.01,16.32,7.82,0.52,3.84,34.62
5251,28.94,14.46,14.01,9.2,0.5,3.14,29.77
5254,21.81,28.95,13.09,8.64,0.53,4.59,22.38
5257,16.38,21.58,14.52,11.87,1.04,3.97,30.63
5260,21.63,25.37,10.99,8.05,0.68,3.07,30.22
5263,14.06,31.56,12.76,9.48,0.61,2.55,28.99
5266,17.32,20.02,15.87,9.96,0.35,4.2,32.27
5268,21.02,23.66,13.07,9.93,1.2,3.03,28.1
5269,25.0,23.95,16.88,6.96,0.59,4.11,22.5
5281,25.07,19.0,19.67,8.88,0.71,1.44,25.23
5282,21.89,21.19,15.66,12.35,0.74,3.23,24.95
5283,17.77,21.39,11.02,8.95,0.24,4.62,36.02
5284,21.74,14.42,22.47,5.03,0.55,0.61,35.19
5285,14.2,39.74,16.29,6.91,0.35,1.06,21.44
5286,33.58,23.84,6.92,8.2,0.9,2.37,24.18
5304,3.92,42.65,9.8,0.0,2.45,0.49,40.69
5307,11.45,28.31,15.06,16.87,9.64,0.0,18.68
5309,29.66,7.59,23.45,4.83,0.0,1.38,33.1
5310,20.61,32.03,11.51,8.73,0.57,3.75,22.81
5315,43.08,4.62,20.51,14.87,0.0,4.62,12.31
5317,27.24,24.56,13.61,9.5,0.61,2.18,22.29
5323,15.2,40.44,8.67,8.06,0.0,2.14,25.5
5324,19.24,26.73,18.66,11.43,0.82,3.4,19.73
5396,22.24,17.77,21.81,10.68,1.89,3.94,21.67
5397,22.1,15.8,17.68,10.01,1.63,3.51,29.27
5398,25.66,19.72,15.45,13.7,1.29,3.51,20.67
5401,34.99,3.09,18.23,21.23,2.44,9.68,10.33
5402,19.16,3.78,26.67,30.58,3.02,8.29,8.51
5403,24.5,3.1,12.02,31.28,1.91,18.44,8.74
5404,17.14,1.81,18.63,36.9,1.41,15.15,8.95
5405,28.94,8.59,15.36,25.97,4.16,8.6,8.38
5406,23.54,3.89,20.1,35.21,2.6,6.97,7.69
5407,37.68,3.57,18.72,21.21,2.86,9.5,6.47
5408,32.74,3.93,16.83,30.82,2.4,8.2,5.08
5409,32.61,3.82,15.51,25.49,3.45,10.38,8.74
5410,29.47,3.18,14.22,31.85,2.54,6.4,12.34
5411,47.9,1.71,12.36,23.53,2.06,6.94,5.5
5412,29.36,2.4,20.66,27.94,2.91,6.93,9.8
5413,24.82,1.7,33.33,28.77,0.89,3.97,6.51
5414,31.1,5.05,19.6,26.93,2.56,7.59,7.18
5415,44.81,2.75,13.02,21.68,2.14,8.66,6.92
5421,29.39,3.71,21.47,17.34,11.95,10.36,5.77
5422,31.6,4.17,19.32,19.92,5.24,10.28,9.47
5423,25.51,2.69,16.71,32.94,4.54,5.78,11.84
5424,15.02,1.52,27.93,33.73,2.24,8.76,10.81
5425,27.71,1.82,19.84,31.41,3.39,6.41,9.44
5426,29.11,5.18,15.08,30.74,8.54,7.67,3.68
5427,42.37,3.05,11.64,24.79,4.16,8.13,5.87
5428,37.23,4.13,12.67,26.46,3.89,7.22,8.39
5429,33.29,3.59,13.03,28.55,3.02,7.88,10.62
5430,26.0,2.31,16.79,22.94,9.45,14.03,8.47
5431,23.77,2.52,14.07,38.14,2.03,8.23,11.23
5432,26.81,5.02,11.0,27.66,4.28,17.35,7.88
5434,32.41,3.27,18.91,18.67,5.94,10.9,9.88
5435,21.95,2.87,25.85,28.09,5.29,9.13,6.82
5436,32.65,3.2,8.85,37.15,3.97,6.68,7.5
5437,17.21,4.74,19.04,37.65,1.64,18.13,1.59
5451,23.06,2.85,23.63,27.54,3.2,5.46,14.24
5456,29.38,1.84,20.79,28.66,4.71,7.99,6.64
5458,16.99,8.53,19.28,23.69,5.82,10.55,15.12
5464,32.42,4.26,13.58,30.2,3.84,5.69,10.0
5471,24.35,6.71,14.46,30.94,2.5,9.94,11.1
5472,25.71,1.13,17.65,36.32,5.81,7.52,5.86
5473,22.06,4.21,16.67,34.47,2.68,11.24,8.67
5474,21.49,3.48,16.18,29.06,4.74,17.14,7.91
5475,17.18,0.35,21.76,34.94,2.71,15.18,7.89
5476,35.49,2.11,14.71,22.75,4.7,13.62,6.61
5477,24.02,4.23,25.14,21.72,4.09,12.77,8.04
5478,30.97,3.89,14.36,23.62,4.11,13.01,10.03
5479,22.42,4.43,21.19,31.25,2.79,4.58,13.34
5480,26.54,3.51,19.6,24.04,1.26,15.33,9.71
5481,15.38,4.88,17.65,27.2,6.39,20.54,7.97
5482,21.94,4.28,25.21,29.21,2.24,10.63,6.49
5483,12.67,0.64,27.01,21.48,3.71,18.69,15.79
5484,22.05,5.35,17.6,34.09,3.01,8.43,9.47
5485,34.86,2.85,18.14,24.46,4.54,9.68,5.45
5486,19.88,1.36,22.5,32.18,2.68,10.19,11.23
5487,20.03,2.88,24.77,30.78,6.84,6.35,8.36
5488,17.53,0.22,30.09,34.2,10.82,4.55,2.59
5489,32.07,5.92,16.23,31.51,4.44,4.73,5.1
5490,14.46,1.13,20.92,28.15,3.48,16.76,15.09
5491,20.62,2.62,18.26,29.55,4.73,12.71,11.51
5492,26.5,1.15,19.74,32.45,2.67,10.28,7.21
5493,33.55,3.29,11.78,21.76,4.09,12.31,13.22
5494,23.25,4.18,21.18,24.72,4.18,11.69,10.8
5495,22.73,2.75,25.49,28.49,3.51,9.95,7.07
5496,25.52,4.75,18.81,27.88,4.78,9.93,8.33
5497,17.97,2.89,25.53,27.07,3.22,13.28,10.03
5498,27.34,3.88,23.04,20.98,3.86,12.7,8.2
5499,35.23,3.72,10.98,28.81,2.48,9.45,9.33
5500,40.54,2.33,13.07,27.24,4.9,9.18,2.73
5501,23.89,3.79,14.8,37.87,4.75,8.58,6.34
5503,25.4,4.52,18.58,26.94,5.23,10.42,8.92
5511,26.87,12.1,18.22,26.03,3.84,7.8,5.14
5512,25.59,4.54,19.2,24.66,3.97,11.19,10.85
5513,34.27,9.6,8.49,30.71,3.33,8.62,4.98
5514,21.84,9.37,15.46,33.87,2.72,11.25,5.48
5515,20.96,2.46,24.74,33.51,1.88,9.95,6.5
5516,28.1,4.38,22.23,24.05,4.49,10.03,6.71
5518,23.89,7.31,19.94,22.82,6.21,11.72,8.1
5520,24.16,2.46,13.81,30.89,3.78,11.87,13.03
5521,24.73,9.42,17.93,26.69,4.67,10.31,6.27
5522,26.04,1.71,20.4,26.36,4.61,10.5,10.37
5523,23.56,3.6,18.39,35.42,3.58,8.32,7.12
5527,23.04,3.85,21.91,27.79,3.87,11.91,7.62
5529,31.63,4.41,12.49,25.14,5.86,10.81,9.67
5530,28.17,2.76,10.66,32.75,3.04,8.03,14.6
5531,26.01,6.87,20.77,28.94,3.56,9.84,4.03
5533,24.44,13.87,17.44,28.23,3.72,7.51,4.78
5534,21.25,3.45,9.57,39.44,5.74,8.93,11.62
5535,18.07,10.2,20.75,28.41,1.89,11.96,8.71
5537,24.07,15.28,12.48,28.41,6.52,7.07,6.17
5539,24.07,2.19,16.15,32.64,4.57,8.25,12.14
5540,25.85,4.59,17.85,31.87,3.41,7.98,8.45
5541,29.9,2.37,16.1,30.15,6.15,9.5,5.81
5551,27.21,1.35,15.63,30.77,4.52,12.7,7.81
5552,23.42,1.31,16.68,39.0,2.7,8.15,8.74
5553,24.06,2.0,15.57,30.65,7.31,9.82,10.6
5554,24.31,2.58,16.87,27.57,5.16,11.04,12.46
5555,25.83,5.6,21.78,22.9,3.22,6.63,14.04
5556,25.74,2.84,19.05,25.7,9.48,11.9,5.28
5557,20.13,2.14,12.31,55.57,0.43,6.1,3.32
5559,29.45,0.92,17.36,28.21,2.59,11.61,9.86
5560,16.54,3.17,13.82,33.98,2.97,19.7,9.81
5561,30.85,3.21,21.64,20.49,4.44,10.9,8.48
5562,11.26,9.89,10.09,53.09,4.21,4.51,6.95
5563,17.54,1.22,19.98,35.96,8.77,10.21,6.32
5564,18.17,0.81,15.05,37.62,6.02,11.0,11.35
5565,22.31,2.32,32.39,18.81,5.68,10.13,8.35
5566,8.62,3.81,17.48,44.83,3.53,14.82,6.91
5568,19.79,1.84,29.17,28.81,2.57,7.85,9.95
5571,17.47,2.8,21.67,23.88,4.47,17.94,11.77
5581,32.09,6.18,20.32,16.03,4.94,11.49,8.96
5582,23.47,5.18,26.25,22.42,3.14,11.36,8.18
5583,26.6,4.37,22.74,24.12,3.59,9.19,9.38
5584,30.25,4.67,25.23,17.02,3.53,12.6,6.7
5585,31.38,6.55,16.17,16.06,5.11,15.92,8.8
5586,18.65,3.52,30.83,15.36,3.57,15.91,12.16
5587,31.85,4.13,20.05,20.89,4.94,10.35,7.79
5588,37.75,3.23,19.98,18.43,5.11,9.3,6.2
5589,22.7,4.74,28.95,19.04,3.26,12.86,8.46
5590,37.24,4.31,19.93,15.45,5.02,11.38,6.65
5591,17.5,3.7,30.2,19.34,3.12,12.36,13.77
5592,28.65,3.26,22.38,22.45,3.38,9.97,9.9
5601,33.09,2.51,22.86,18.87,4.11,12.17,6.39
5604,34.98,2.81,15.2,26.91,2.79,10.0,7.31
5606,37.6,3.71,19.17,17.64,4.22,11.39,6.28
5607,32.71,2.75,17.83,20.86,4.41,12.57,8.85
5609,37.1,4.58,18.2,20.19,2.55,6.76,10.64
5610,35.78,2.93,25.38,11.88,4.14,13.64,6.27
5611,37.11,2.91,17.6,20.15,4.04,11.99,6.2
5613,37.78,3.5,21.23,15.15,4.33,11.99,6.02
5621,27.0,1.86,19.88,25.26,2.98,11.91,11.11
5622,31.87,2.67,14.52,29.08,5.21,9.64,7.01
5623,39.99,3.43,13.75,20.26,5.08,8.27,9.21
5624,25.45,3.28,26.3,22.69,4.09,9.67,8.53
5625,44.59,5.16,18.98,16.6,3.59,7.04,4.04
5627,16.47,3.57,34.83,21.95,3.03,10.93,9.23
5628,42.49,2.25,18.4,14.67,10.06,6.8,5.33
5629,23.51,0.72,30.43,25.89,4.65,10.14,4.65
5631,35.61,3.3,18.15,16.29,8.54,10.24,7.88
5632,21.86,4.27,26.03,20.97,5.26,11.09,10.53
5633,30.7,4.41,20.19,22.23,3.61,10.94,7.93
5634,31.65,4.65,17.82,21.41,4.57,11.73,8.16
5635,24.24,4.53,25.27,22.88,2.78,11.58,8.73
5636,30.26,4.61,24.04,16.99,5.29,10.82,7.99
5637,35.84,5.94,15.67,17.94,4.37,7.26,12.97
5638,31.69,3.21,21.13,21.27,4.16,10.56,7.97
5639,38.29,5.62,15.67,13.5,7.65,13.2,6.05
5640,35.01,5.67,20.11,11.89,6.24,14.14,6.95
5642,27.47,3.47,27.93,18.04,4.43,10.37,8.29
5643,30.58,3.26,22.01,18.28,4.73,13.05,8.09
5644,32.5,1.82,23.98,19.2,5.86,10.78,5.85
5645,36.69,5.73,16.29,24.25,5.97,7.55,3.51
5646,31.18,5.44,19.74,21.09,6.07,9.81,6.68
5648,36.57,5.82,16.56,21.42,3.43,9.61,6.59
5649,28.27,2.32,19.58,23.13,5.31,11.45,9.96
5650,34.79,3.53,18.57,24.2,11.18,4.29,3.44
5651,30.91,2.83,14.22,33.07,2.61,8.91,7.44
5652,26.0,6.48,19.99,22.54,3.58,10.02,11.4
5653,39.32,3.0,15.06,21.88,6.05,9.4,5.28
5654,22.47,3.48,22.93,28.48,7.37,7.27,7.99
5655,38.27,3.38,15.59,21.49,5.01,9.16,7.1
5661,23.64,0.76,16.47,27.01,9.08,14.62,8.42
5662,18.94,3.64,10.38,42.9,2.55,14.75,6.83
5663,25.66,2.65,18.09,24.53,0.28,12.69,16.09
5665,30.11,0.47,10.26,44.3,1.27,9.13,4.47
5666,15.53,2.1,24.25,25.45,6.21,9.92,16.54
5668,24.15,0.0,4.83,57.25,1.21,8.7,3.86
5669,27.1,1.61,17.24,29.07,1.5,8.94,14.52
5671,22.91,2.77,4.81,39.2,3.17,8.71,18.43
5672,31.68,1.32,9.22,24.07,4.24,8.78,20.7
5673,28.59,1.98,13.03,41.29,2.64,6.1,6.36
5674,22.72,0.74,21.34,36.94,7.11,8.07,3.07
5675,22.43,2.0,25.6,29.76,2.33,9.55,8.34
5678,27.77,1.56,22.5,25.32,1.84,11.19,9.82
5680,16.77,0.78,11.74,44.61,2.1,14.55,9.48
5683,28.01,1.18,12.65,39.95,4.02,6.74,7.45
5684,63.72,0.66,4.42,21.24,0.44,5.53,3.98
5686,32.43,0.26,13.57,33.85,1.03,6.46,12.4
5688,31.58,5.26,13.45,36.11,0.0,3.22,10.38
5690,14.54,0.85,11.46,52.02,2.23,10.4,8.5
5692,26.61,6.0,20.99,20.82,1.61,11.73,12.24
5693,27.85,2.32,13.92,34.2,3.16,7.17,11.39
5701,39.51,4.41,7.11,22.86,4.41,14.58,7.11
5702,24.81,6.86,14.46,29.63,5.83,8.9,9.52
5703,22.66,5.34,19.43,29.89,5.16,10.21,7.3
5704,27.02,6.91,17.76,23.8,4.07,12.0,8.44
5705,29.64,9.81,10.22,25.86,7.57,8.17,8.73
5706,35.69,4.6,16.12,23.04,4.96,8.73,6.87
5707,26.96,10.6,11.96,34.86,4.6,4.6,6.42
5708,32.26,7.29,14.12,24.2,7.39,9.59,5.14
5709,34.53,3.62,12.31,29.26,6.68,8.08,5.51
5710,26.42,5.53,19.91,23.54,4.6,6.11,13.89
5711,35.78,7.34,11.58,25.33,5.22,8.35,6.4
5712,38.03,7.18,12.8,23.88,4.59,7.82,5.7
5713,38.77,7.61,13.28,24.1,5.21,7.21,3.83
5714,34.89,4.46,12.71,21.3,4.42,8.54,13.68
5715,34.67,6.36,14.22,21.81,7.04,10.15,5.76
5716,22.85,7.38,15.24,25.01,5.43,11.3,12.8
5717,38.42,6.63,11.79,24.58,5.99,8.01,4.6
5718,42.68,5.76,12.69,16.89,4.77,8.05,9.16
5719,33.62,5.36,14.2,24.83,7.22,6.33,8.44
5720,33.23,3.16,13.39,24.04,5.3,11.84,9.04
5721,25.78,8.08,18.32,24.24,4.77,8.66,10.16
5722,27.06,4.96,17.57,22.05,4.58,10.89,12.9
5723,37.26,10.0,11.48,20.75,4.58,9.08,6.84
5724,25.2,5.34,23.26,19.04,5.45,12.02,9.68
5725,29.32,7.78,21.16,16.67,6.38,11.04,7.66
5726,37.07,6.14,12.46,15.41,5.17,12.44,11.32
5727,19.61,4.58,15.94,31.22,3.7,10.94,13.99
5728,40.06,7.7,12.1,23.33,4.55,4.86,7.39
5729,38.75,5.86,10.17,20.39,6.27,7.97,10.58
5730,29.49,7.93,16.71,22.45,5.09,10.03,8.31
5731,28.72,6.52,20.14,20.21,5.15,8.64,10.62
5732,27.1,8.3,17.58,22.13,3.52,11.02,10.34
5741,13.12,3.19,15.67,44.81,3.31,12.94,6.96
5742,23.23,4.78,17.24,32.37,2.0,13.07,7.32
5743,19.88,1.9,22.78,31.16,3.58,11.44,9.29
5744,17.66,4.25,20.59,38.13,3.26,8.04,8.06
5745,14.89,3.01,23.84,34.45,0.84,11.52,11.46
5746,11.83,3.75,18.37,40.22,4.05,9.91,11.89
5747,18.69,0.33,19.02,41.28,2.33,11.38,6.97
5748,20.17,1.19,19.61,27.92,1.69,13.93,15.48
5749,25.94,2.72,20.09,28.18,2.87,9.31,10.9
5750,24.24,2.18,27.58,27.89,1.86,11.03,5.22
5751,24.8,1.99,23.39,20.47,3.93,14.19,11.23
5752,20.29,2.85,21.33,20.13,2.59,15.89,16.92
5754,27.07,4.13,17.95,22.79,5.98,12.3,9.78
5755,13.78,1.54,17.2,45.98,1.5,8.74,11.26
5756,29.25,2.08,7.17,45.13,1.85,8.4,6.12
5757,22.83,4.49,24.54,26.53,3.4,9.32,8.9
5758,16.7,2.06,32.32,34.77,5.4,4.62,4.13
5759,16.16,1.51,17.87,28.53,3.34,7.46,25.12
5760,17.76,2.13,21.79,41.93,2.41,4.54,9.43
5761,10.53,1.49,23.59,23.98,3.1,20.49,16.82
5762,13.44,4.29,11.12,59.44,0.81,7.3,3.58
5763,22.24,3.71,17.08,38.0,3.67,8.41,6.89
5764,27.59,1.94,24.41,28.6,1.22,6.66,9.59
5765,28.52,0.78,14.13,29.51,2.08,11.95,13.04
5766,14.8,3.33,14.46,32.0,2.07,11.85,21.49
5782,28.0,4.52,20.3,19.36,4.14,11.98,11.69
5785,48.48,1.18,11.1,21.89,2.71,7.36,7.27
5788,25.6,5.4,16.2,33.23,1.3,8.57,9.71
5789,22.66,4.34,20.66,29.39,4.14,13.4,5.4
5790,19.93,4.35,15.9,26.61,3.12,14.64,15.46
5791,27.85,3.13,24.03,21.06,3.25,10.38,10.29
5792,15.21,3.43,28.99,21.22,0.82,13.33,17.01
5798,42.4,1.78,6.15,26.35,5.62,8.38,9.31
5799,25.47,3.04,21.17,23.43,3.6,14.58,8.7
5803,37.39,1.74,11.56,27.5,3.68,10.29,7.84
5804,32.26,2.34,16.71,26.97,4.37,8.36,9.0
5805,21.29,3.2,20.11,27.62,2.73,13.32,11.74
5812,19.26,3.11,30.38,30.02,0.96,3.83,12.44
5813,25.27,3.14,20.66,34.33,2.96,4.9,8.75
5816,35.98,2.1,18.56,31.56,1.27,4.95,5.58
5817,34.62,2.15,12.25,32.77,2.34,4.28,11.58
5819,25.85,1.26,16.91,31.2,6.22,2.72,15.85
5821,23.81,2.19,20.15,30.21,5.81,5.68,12.16
5822,33.61,2.46,20.62,29.64,1.66,5.18,6.84
5827,40.5,2.01,15.53,23.96,0.75,10.82,6.41
5828,28.37,0.12,4.02,48.46,2.48,6.26,10.3
5830,24.81,2.42,14.8,37.32,1.13,11.26,8.27
5831,31.11,2.36,14.32,33.06,2.36,8.37,8.44
5841,38.77,2.15,13.34,30.92,2.58,5.69,6.55
5842,36.73,1.53,11.94,29.4,2.51,11.35,6.54
5843,32.24,2.61,16.04,35.05,2.77,5.05,6.23
5851,35.03,4.21,19.7,19.65,4.56,10.78,6.08
5852,32.45,7.11,11.96,35.39,5.93,4.85,2.3
5853,23.01,4.58,19.27,34.2,2.3,10.94,5.7
5854,20.8,0.6,8.64,39.98,4.51,7.93,17.55
5855,31.26,5.82,10.34,32.59,5.61,7.19,7.19
5856,34.28,6.42,15.14,22.5,2.8,9.01,9.84
5857,20.76,5.7,15.44,39.68,2.68,8.45,7.29
5858,25.71,4.4,10.75,39.91,5.85,7.89,5.5
5859,34.48,3.12,15.76,27.67,4.94,8.98,5.08
5860,27.41,3.56,18.26,29.53,4.18,7.62,9.44
5861,28.74,4.84,22.45,22.05,4.79,9.97,7.16
5862,27.09,3.67,17.52,36.39,1.63,10.32,3.39
5863,26.01,8.61,20.35,19.39,4.27,9.57,11.79
5871,32.12,2.05,23.65,20.08,1.56,8.39,12.16
5872,27.4,3.17,32.35,21.21,1.58,6.25,8.05
5873,29.99,2.82,28.04,17.21,2.01,6.78,13.14
5881,31.52,4.94,18.89,21.01,5.53,10.68,7.43
5882,33.54,4.17,20.61,18.2,4.8,11.6,7.08
5883,42.43,3.91,17.22,16.94,4.58,8.48,6.44
5884,22.77,3.09,23.51,25.45,3.21,12.74,9.25
5885,26.85,3.25,19.99,20.32,5.73,12.7,11.16
5886,34.89,3.82,20.49,21.6,3.02,9.71,6.45
5888,36.7,4.09,19.07,19.54,5.11,9.45,6.04
5889,29.97,5.42,24.9,19.28,2.91,10.56,6.95
5890,20.65,4.57,26.62,18.3,3.91,15.17,10.79
5891,42.25,4.17,14.13,19.31,3.63,8.92,7.59
5902,26.73,3.73,13.26,33.08,2.93,12.27,8.0
5903,18.8,2.68,13.83,47.35,5.13,7.42,4.8
5904,36.54,3.29,21.04,19.49,3.29,7.62,8.72
5905,18.31,1.46,14.72,42.35,3.48,10.25,9.43
5907,29.44,0.84,9.79,43.78,0.7,8.95,6.51
5908,25.93,1.05,14.6,28.86,0.7,10.98,17.87
5909,35.75,4.77,17.17,21.4,5.3,9.37,6.24
5910,26.8,2.39,23.32,29.93,2.19,8.48,6.9
5911,14.1,2.2,2.41,49.89,3.76,6.45,21.2
5912,23.86,1.43,5.42,44.96,6.46,7.89,9.99
5913,17.46,1.84,14.5,40.76,2.66,12.22,10.57
5914,23.1,0.39,20.36,36.63,3.3,8.17,8.06
5915,23.44,0.49,12.35,34.34,5.25,4.86,19.27
5919,21.15,1.98,13.34,38.91,2.98,12.96,8.68
5921,25.07,1.99,10.68,36.47,4.06,14.67,7.04
5922,21.63,3.72,26.38,24.01,2.91,9.17,12.19
5923,19.08,0.95,15.88,34.0,4.38,14.1,11.62
5924,21.94,3.44,14.03,30.74,6.25,7.27,16.32
5925,16.61,2.07,8.05,42.98,3.06,12.26,14.96
5926,18.6,3.5,11.65,36.92,3.89,9.8,15.64
5928,12.07,0.72,11.14,53.52,1.8,6.18,14.59
5929,22.61,3.36,19.97,31.2,4.59,9.03,9.24
5930,16.48,2.24,16.22,45.64,0.6,12.42,6.38
5931,19.57,2.51,20.96,34.79,2.35,9.72,10.08
5932,21.93,0.81,9.56,46.0,3.7,8.07,9.92
5933,22.53,2.19,21.07,26.47,4.28,9.53,13.94
5934,13.76,1.04,18.58,46.0,3.48,6.91,10.24
5935,20.49,3.21,10.4,47.09,2.45,4.13,12.23
5937,16.16,0.15,11.18,52.42,4.98,10.12,4.99
5938,21.59,2.34,27.45,21.74,3.22,12.81,10.84
5939,19.03,2.43,27.61,29.47,2.16,10.29,9.01
6002,4.33,48.55,10.35,32.71,0.0,3.81,0.24
6004,0.53,48.03,16.84,33.16,0.0,1.45,0.0
6007,2.0,44.7,10.31,40.45,0.0,2.41,0.13
6008,2.19,57.57,7.04,29.63,0.0,3.33,0.24
6009,2.47,59.07,6.79,28.83,0.0,2.53,0.31
6010,0.96,65.45,5.54,23.83,0.0,3.9,0.33
6011,0.0,28.57,0.32,70.16,0.0,0.95,0.0
6021,28.18,36.92,11.23,17.52,0.0,4.51,1.64
6022,27.06,31.72,11.59,22.51,0.0,5.45,1.66
6023,30.6,29.41,13.83,18.96,0.0,5.23,1.97
6024,20.84,40.0,17.67,14.11,0.0,6.06,1.31
6025,32.99,29.38,11.92,19.41,0.0,4.45,1.86
6031,26.29,41.39,9.45,15.55,0.0,5.12,2.2
6032,53.18,22.16,7.24,14.48,0.0,0.59,2.36
6033,22.09,48.34,8.5,13.78,0.0,1.96,5.33
6034,26.64,49.11,6.43,11.38,0.0,2.99,3.46
6035,26.75,43.1,8.73,17.59,0.0,2.63,1.21
6036,17.61,48.03,15.37,9.57,0.0,6.75,2.68
6052,3.49,49.02,13.58,28.61,0.0,5.3,0.0
6054,1.0,68.75,3.0,21.0,0.0,6.25,0.0
6055,0.0,63.98,19.54,14.18,0.0,2.3,0.0
6056,3.36,52.9,9.22,25.71,0.0,8.81,0.0
6057,4.31,55.03,9.42,27.87,0.0,3.33,0.03
6058,1.78,42.06,6.16,46.6,0.0,2.76,0.65
6061,3.08,58.93,9.23,25.2,0.0,2.68,0.89
6064,0.85,61.54,6.41,24.79,0.0,6.41,0.0
6073,1.83,53.39,8.88,31.98,0.0,3.79,0.13
6074,4.4,51.51,7.8,31.45,0.0,4.78,0.06
6075,3.83,59.21,9.0,24.5,0.0,3.28,0.18
6076,4.96,53.21,5.25,33.17,0.0,3.25,0.16
6081,15.13,34.52,15.41,18.04,0.0,12.22,4.69
6082,12.79,35.7,27.21,15.47,0.0,6.54,2.3
6083,24.59,45.65,8.1,17.86,0.0,2.67,1.13
6084,8.68,43.64,8.28,36.07,0.0,2.27,1.07
6087,14.03,51.46,12.55,19.28,0.0,1.76,0.93
6089,29.12,32.54,12.75,18.6,0.0,5.23,1.75
6090,16.33,25.92,26.34,21.47,0.0,8.78,1.15
6101,1.3,73.55,7.44,17.12,0.0,0.53,0.06
6102,1.89,68.89,7.82,17.04,0.0,4.28,0.08
6104,2.37,59.58,2.81,33.92,0.0,1.23,0.09
6109,2.55,67.35,8.16,21.17,0.0,0.77,0.0
6110,1.56,70.94,9.83,15.7,0.0,1.78,0.19
6111,4.66,64.8,4.56,21.14,0.0,4.71,0.13
6112,4.77,54.58,10.31,27.48,0.0,1.91,0.95
6113,3.27,68.0,6.04,20.42,0.0,1.68,0.6
6116,1.48,69.19,6.64,19.68,0.0,2.49,0.51
6117,1.83,69.92,9.07,17.51,0.0,1.62,0.05
6118,2.13,61.08,5.62,29.66,0.0,1.32,0.18
6119,6.61,62.97,9.87,19.34,0.0,0.97,0.24
6131,20.88,35.7,30.5,9.84,0.0,2.05,1.02
6132,41.15,23.76,10.51,17.08,0.0,4.5,3.01
6133,29.21,29.77,11.66,20.01,0.0,6.67,2.68
6134,51.26,22.36,5.68,18.52,0.0,1.87,0.31
6135,31.5,34.18,8.45,19.86,0.0,4.54,1.48
6136,35.09,21.68,16.92,16.7,0.0,5.9,3.71
6137,30.01,27.21,17.62,16.86,0.0,5.76,2.54
6139,41.49,15.4,14.98,23.74,0.0,2.55,1.84
6140,20.31,42.47,11.38,18.62,0.0,4.88,2.34
6141,27.3,19.0,14.99,29.63,0.0,6.18,2.9
6142,31.71,23.58,14.23,18.5,0.0,7.72,4.27
6151,35.23,30.76,7.24,21.71,0.0,3.91,1.14
6152,17.33,38.46,16.46,20.81,0.0,4.53,2.42
6153,30.74,24.23,15.0,22.18,0.0,4.61,3.23
6154,28.67,23.9,12.34,27.98,0.0,5.48,1.63
6155,31.54,25.73,16.86,20.16,0.0,4.91,0.8
6156,26.59,28.59,10.73,28.96,0.0,3.38,1.76
6157,24.75,29.56,5.02,36.85,0.0,2.92,0.9
6158,21.02,33.15,11.68,26.15,0.0,5.32,2.67
6159,39.9,19.03,9.64,24.22,0.0,4.86,2.35
6172,4.05,52.03,2.03,35.14,0.0,6.76,0.0
6173,2.24,44.65,8.49,37.52,0.0,6.9,0.21
6177,7.18,50.83,8.08,30.58,0.0,3.01,0.32
6181,5.83,49.26,9.91,31.37,0.0,3.63,0.0
6191,1.75,63.94,8.92,22.46,0.0,2.58,0.36
6192,0.53,77.86,2.69,15.7,0.0,2.83,0.39
6193,3.96,63.29,10.27,20.77,0.0,1.02,0.69
6194,1.19,65.72,2.01,30.89,0.0,0.18,0.0
6195,0.89,75.34,3.8,18.26,0.0,1.71,0.0
6197,0.25,83.06,4.94,8.62,0.0,2.87,0.25
6198,1.76,79.03,3.2,14.64,0.0,1.22,0.16
6199,2.73,66.86,6.61,21.29,0.0,2.45,0.05
6201,3.06,68.69,8.09,16.79,0.0,3.37,0.0
6202,1.2,80.1,3.16,12.96,0.0,2.23,0.34
6203,4.78,52.13,10.41,28.28,0.0,4.25,0.15
6204,1.0,69.79,5.39,22.47,0.0,1.08,0.27
6205,2.64,57.33,6.29,28.66,0.0,4.86,0.21
6211,38.62,26.33,11.32,18.53,0.0,3.95,1.24
6212,44.44,19.02,11.47,20.77,0.0,1.99,2.3
6213,19.6,28.73,20.65,23.26,0.0,4.07,3.68
6214,15.21,44.92,17.24,11.85,0.0,7.16,3.63
6215,23.29,36.1,13.78,21.73,0.0,3.72,1.37
6217,24.7,38.12,13.46,16.14,0.0,4.33,3.24
6218,29.49,26.17,18.72,14.39,0.0,9.4,1.84
6219,27.1,32.27,18.18,12.4,0.0,3.94,6.1
6220,22.21,39.0,15.67,14.19,0.0,5.74,3.19
6232,25.16,23.05,19.91,21.31,0.0,7.39,3.18
6234,20.76,37.75,11.87,21.74,0.0,6.32,1.56
6235,18.97,26.0,27.25,20.86,0.0,5.03,1.89
6238,25.33,32.21,15.71,20.66,0.0,4.17,1.93
6239,18.56,22.19,24.43,21.43,0.0,12.69,0.7
6240,27.77,32.22,12.0,21.85,0.0,4.99,1.16
6241,26.58,26.38,19.74,16.47,0.0,8.12,2.71
6242,17.74,42.81,9.47,20.05,0.0,9.08,0.85
6243,21.38,34.32,12.95,22.36,0.0,7.46,1.54
6244,26.49,35.88,9.43,19.3,0.0,7.47,1.43
6246,22.15,41.57,14.08,17.67,0.0,3.07,1.44
6248,20.0,29.83,20.22,19.42,0.0,7.14,3.39
6249,26.32,26.85,17.07,16.7,0.0,10.74,2.31
6250,22.02,28.05,18.73,21.78,0.0,6.16,3.26
6252,14.65,39.46,22.68,15.95,0.0,4.56,2.7
6261,15.62,35.4,19.51,17.28,0.0,10.44,1.76
6263,11.77,46.76,15.74,12.94,0.0,7.2,5.58
6265,20.42,28.14,24.22,20.75,0.0,4.84,1.63
6266,19.86,31.33,17.92,18.67,0.0,9.28,2.95
6267,7.35,66.49,12.25,7.66,0.0,5.25,1.01
6281,2.82,54.15,11.98,29.89,0.0,1.09,0.06
6282,0.92,51.79,3.89,43.4,0.0,0.0,0.0
6283,1.14,53.18,6.53,38.01,0.0,1.14,0.0
6285,1.83,55.07,11.09,30.85,0.0,1.16,0.0
6286,3.42,69.92,9.16,15.65,0.0,1.78,0.07
6287,2.57,61.75,13.74,20.92,0.0,1.03,0.0
6288,0.8,75.14,1.34,22.53,0.0,0.2,0.0
6289,0.56,72.15,3.52,23.72,0.0,0.0,0.06
6290,5.7,78.76,1.9,11.85,0.0,1.71,0.09
6291,3.54,63.75,2.5,29.83,0.0,0.15,0.22
6292,1.82,48.96,4.96,42.86,0.0,1.09,0.31
6293,1.91,65.09,4.3,27.93,0.0,0.73,0.04
6294,1.58,73.76,8.12,15.85,0.0,0.38,0.31
6295,6.22,51.87,5.33,35.34,0.0,1.14,0.1
6296,0.98,75.57,1.96,21.16,0.0,0.33,0.0
6297,4.58,53.1,10.5,29.39,0.0,2.24,0.2
6298,1.46,63.67,13.25,18.34,0.0,3.03,0.24
6299,1.38,69.03,13.15,10.12,0.0,5.8,0.52
6300,13.37,51.61,3.14,29.6,0.0,1.98,0.3
6402,30.64,3.09,27.34,19.44,3.77,7.1,8.62
6404,29.88,3.47,24.24,19.42,3.6,8.86,10.52
6405,5.71,6.43,18.57,33.57,5.0,12.14,18.57
6407,32.1,3.47,25.86,16.73,4.85,8.73,8.26
6408,29.85,3.29,20.91,20.68,3.81,13.35,8.12
6409,15.34,8.31,16.61,31.31,1.6,17.89,8.95
6410,28.35,3.41,23.31,23.23,4.88,9.89,6.93
6411,35.05,6.53,15.46,22.34,2.06,13.75,4.8
6412,29.57,2.48,24.53,20.9,4.09,7.39,11.05
6413,31.07,3.24,21.42,18.96,4.44,13.26,7.62
6414,29.44,3.18,28.13,17.48,4.25,7.9,9.62
6415,38.26,1.74,21.45,19.13,0.58,7.83,11.02
6416,34.93,3.79,22.61,17.51,3.75,7.51,9.91
6421,12.49,2.57,22.32,21.48,2.0,11.98,27.15
6422,18.92,0.68,18.24,29.39,1.35,10.81,20.61
6423,23.86,2.29,16.71,29.86,2.93,8.86,15.5
6431,18.11,2.1,14.27,26.15,1.47,7.13,30.77
6432,21.78,2.77,11.27,48.71,0.38,4.11,10.98
6433,26.63,4.73,13.41,40.43,0.39,5.33,9.08
6434,29.76,2.03,14.79,32.35,1.66,7.76,11.64
6435,20.41,2.59,19.73,27.48,1.36,4.49,23.94
6436,19.58,2.56,17.53,15.79,1.92,8.08,34.54
6437,23.09,2.63,29.08,29.66,0.93,4.77,9.83
6451,30.48,4.36,20.49,30.25,1.55,5.4,7.45
6452,40.05,7.17,21.33,15.72,1.28,4.96,9.49
6453,33.18,2.52,18.54,19.91,9.15,10.3,6.41
6454,35.98,3.83,22.46,17.42,4.47,8.04,7.79
6455,33.8,4.46,20.78,23.69,3.53,5.29,8.44
6456,34.25,3.65,15.84,27.76,3.83,8.19,6.49
6458,22.81,3.76,29.32,13.56,5.53,12.05,12.98
6459,38.57,2.99,25.43,13.97,4.06,7.44,7.53
6461,27.18,8.8,27.39,17.15,3.3,6.0,10.18
6485,26.32,1.42,34.41,13.36,3.04,12.15,9.32
6487,27.27,4.23,21.91,23.43,2.61,8.32,12.23
6504,25.33,6.44,15.08,38.65,3.51,5.42,5.56
6511,27.1,2.4,21.36,36.45,1.34,1.74,9.62
6512,20.15,4.2,23.91,32.78,3.08,5.52,10.35
6601,18.51,16.47,17.1,23.59,2.88,10.22,11.23
6602,39.51,12.58,10.91,18.17,1.79,7.67,9.37
6603,15.0,10.7,24.61,19.16,2.25,13.73,14.54
6604,22.99,20.5,13.51,15.64,2.15,12.71,12.51
6605,22.62,25.64,13.09,12.59,1.88,11.65,12.52
6606,28.81,11.34,15.46,19.02,3.22,11.98,10.18
6607,19.39,18.53,19.42,15.64,1.95,12.41,12.65
6608,18.67,11.02,22.17,14.91,1.95,11.97,19.32
6609,28.61,11.82,14.36,16.58,2.04,15.61,10.99
6610,34.45,9.32,20.01,15.05,1.6,7.88,11.69
6611,16.81,10.09,14.39,20.11,4.16,13.85,20.6
6612,34.54,10.81,13.9,17.63,2.97,9.61,10.53
6613,19.14,12.43,19.41,15.79,2.05,13.8,17.37
6614,30.84,10.68,12.85,20.65,2.99,12.18,9.81
6615,26.58,15.67,13.89,19.79,2.76,9.12,12.2
6616,41.1,14.39,8.3,18.51,2.28,7.07,8.34
6617,45.51,12.18,8.87,18.42,1.99,5.38,7.65
6618,21.22,15.27,18.51,15.25,2.95,13.14,13.66
6619,40.97,11.79,9.53,18.28,1.94,8.01,9.48
6620,25.08,15.07,15.09,19.05,2.5,9.64,13.57
6621,17.56,10.69,23.76,16.32,2.12,11.41,18.16
6622,31.64,11.43,13.9,18.5,3.89,11.18,9.45
6623,18.62,11.14,20.5,19.96,1.97,14.54,13.27
6624,21.66,9.03,11.28,16.96,4.58,11.15,25.35
6625,26.07,14.23,12.0,14.33,3.34,7.2,22.82
6626,33.02,9.82,9.04,27.33,1.43,10.97,8.4
6627,15.19,30.76,11.74,14.04,3.71,12.17,12.4
6628,13.52,13.34,20.9,18.76,1.98,10.3,21.2
6629,21.79,12.86,15.94,21.74,2.25,10.47,14.96
6630,13.69,11.91,18.19,21.89,1.67,11.65,20.99
6631,14.32,10.81,21.39,20.2,1.85,9.23,22.2
6632,17.47,15.21,15.68,20.65,2.25,9.13,19.6
6633,20.47,16.73,16.15,16.25,5.89,10.24,14.27
6634,41.2,7.6,14.97,16.45,1.5,10.29,8.0
6635,20.72,10.17,14.27,16.39,1.1,22.05,15.28
6636,20.31,11.17,16.16,17.04,3.61,20.27,11.44
6637,31.09,13.62,13.1,14.13,2.21,8.74,17.12
6638,27.27,10.99,14.89,20.67,2.58,12.78,10.82
6639,23.49,29.06,9.59,20.44,1.68,7.5,8.25
6640,25.12,12.22,16.02,20.83,1.86,10.76,13.17
6641,34.47,13.2,13.43,13.11,2.59,12.54,10.67
6642,44.12,10.35,5.93,20.89,1.28,9.06,8.38
6643,11.53,9.67,24.1,20.69,1.69,10.39,21.92
6644,19.65,14.75,16.98,18.86,2.05,13.3,14.39
6645,31.23,15.25,14.07,17.85,2.75,10.01,8.83
6702,29.71,19.46,13.73,16.44,0.0,9.05,11.62
6703,8.78,28.72,18.58,28.38,0.0,2.7,12.84
6704,12.21,26.23,22.08,18.44,0.0,5.71,15.32
6705,2.45,27.94,33.33,19.85,0.0,4.41,12.01
6706,4.92,31.08,26.77,13.54,0.0,4.0,19.69
6708,10.08,18.67,31.2,22.09,0.0,6.33,11.64
6709,9.11,16.58,29.07,22.22,0.0,6.49,16.54
6710,12.41,21.44,31.16,13.04,0.0,6.86,15.1
6711,11.86,18.49,32.59,9.7,0.0,10.07,17.29
6712,12.26,26.53,18.97,15.52,0.0,6.03,20.7
6713,0.0,20.0,0.0,80.0,0.0,0.0,0.0
6715,5.59,22.15,23.23,23.66,0.0,8.39,16.99
6716,6.67,33.33,26.67,13.33,0.0,8.89,11.11
6718,7.05,28.52,10.74,37.25,0.0,10.74,5.71
6719,16.71,27.95,19.45,26.3,0.0,4.66,4.93
6720,6.93,18.25,21.9,21.53,0.0,9.85,21.53
6721,13.93,18.24,28.69,17.01,0.0,9.84,12.29
6722,4.76,31.6,26.84,16.88,0.0,10.82,9.09
6724,5.49,17.34,15.61,41.33,0.0,5.78,14.45
6728,3.41,17.05,38.64,20.45,0.0,9.09,11.37
6729,22.93,21.41,20.32,13.84,0.0,8.72,12.78
6730,5.66,23.6,24.74,17.07,0.0,7.29,21.65
6741,7.97,33.33,25.36,19.57,0.0,7.61,6.16
6742,18.89,18.49,18.89,14.3,0.0,11.47,17.95
6743,33.84,17.81,22.26,9.08,0.0,4.81,12.21
6744,18.29,42.68,12.2,15.85,0.0,2.44,8.54
6745,14.02,21.95,15.24,21.34,0.0,18.9,8.54
6748,18.27,18.03,22.84,20.43,0.0,8.89,11.54
6750,9.91,18.1,29.96,7.54,0.0,12.93,21.55
6751,16.33,24.49,19.73,19.5,0.0,8.84,11.11
6753,40.33,20.37,8.64,14.61,0.0,8.64,7.41
6754,29.02,15.83,25.66,8.35,0.0,7.33,13.8
6757,15.07,25.28,24.77,9.32,0.0,9.14,16.43
6758,7.47,46.47,8.71,13.69,0.0,6.22,17.43
6759,11.59,42.03,15.22,21.74,0.0,8.7,0.72
6771,18.61,48.34,14.56,8.11,0.0,4.18,6.2
6773,11.63,48.06,6.98,16.28,0.0,6.2,10.85
6774,11.33,44.97,22.76,8.32,0.0,2.29,10.33
6775,18.92,31.42,15.37,21.45,0.0,6.42,6.41
6778,32.75,49.4,8.86,5.5,0.0,1.21,2.28
6781,16.11,36.53,24.72,8.19,0.0,5.0,9.44
6782,21.31,32.51,9.26,8.61,0.0,5.81,22.49
6783,18.61,60.25,8.52,4.42,0.0,4.1,4.11
6784,23.79,37.98,15.89,9.86,0.0,6.6,5.88
6785,25.88,34.37,19.38,10.33,0.0,4.95,5.1
6787,18.54,37.64,15.17,17.42,0.0,2.81,8.43
6789,19.79,35.69,17.67,16.61,0.0,6.01,4.24
6790,9.92,24.17,50.07,8.13,0.0,3.72,4.0
6792,7.79,41.04,25.45,15.58,0.0,5.71,4.42
6793,23.75,36.25,15.62,18.75,0.0,0.0,5.62
6800,25.23,30.41,24.42,5.3,0.0,7.39,7.26
6803,13.23,42.33,26.46,6.88,0.0,4.76,6.35
6806,17.42,38.29,16.52,18.87,0.0,6.9,1.99
6807,21.4,47.75,17.68,6.98,0.0,3.45,2.74
6808,9.78,44.45,18.65,12.74,0.0,8.87,5.5
6809,12.46,47.2,15.42,14.36,0.0,7.39,3.17
6810,18.8,35.1,16.78,18.9,0.0,6.94,3.48
