id,area_km^2
4551,19.9
4001,12.33
301,7.92
4271,4.42
321,9.87
4221,4.15
5621,3.9
5048,61.63
561,88.23
1051,6.99
21,6.64
131,7.8
2421,12.89
401,2.05
731,2.16
2761,7.4
1021,4.66
241,5.2
2511,5.44
562,30.92
1,7.87
4711,14.36
2,10.6
951,11.47
6101,7.65
5742,5.47
5141,2.49
5401,16.47
6601,2.88
5061,94.5
1121,3.56
6102,15.53
3542,93.98
402,6.62
5851,2.55
6771,10.63
630,3.78
2762,8.92
1401,53.78
1361,22.93
1122,6.78
1201,10.23
1341,20.45
2291,16.08
211,7.68
1123,5.74
4641,6.7
5237,21.93
3251,39.54
1022,2.9
3311,43.01
4881,14.45
4191,3.2
4461,19.01
921,4.69
3701,46.36
30,6.69
1202,62.16
3611,13.63
3441,6.25
6602,3.83
6252,243.07
2841,3.99
3101,16.86
5421,12.97
5143,2.72
6261,19.28
5001,21.3
2881,3.44
4401,5.93
381,6.41
2171,6.11
6021,20.37
2821,9.99
4222,8.71
2763,6.97
5701,2.1
5743,7.63
4061,3.45
602,10.41
5144,8.55
3921,154.73
1362,42.1
5091,4.98
5511,5.31
5146,3.83
2321,9.81
4272,2.2
1203,46.82
971,7.64
3231,4.71
5422,9.41
2061,1.92
4091,5.72
2822,1.62
6191,14.89
322,4.6
2172,2.43
2173,6.22
4223,8.55
5324,27.34
5451,19.43
3681,93.08
2174,5.81
6603,4.64
6604,5.19
6082,55.04
1701,24.78
51,4.29
81,9.15
3291,25.44
4323,6.53
4021,13.18
6031,282.21
4301,2.81
5242,2.59
3232,6.54
5744,9.05
5423,8.48
1023,8.73
2541,5.46
2422,15.69
6281,31.39
532,2.2
323,4.75
2243,9.13
6605,5.03
302,7.89
2931,8.3
2162,33.27
2280,9.95
4536,15.67
2701,23.95
6807,22.99
52,8.99
5703,20.87
1204,3.79
5745,22.55
297,29.49
5746,9.3
571,29.22
1501,24.27
5148,1.92
5149,2.47
5063,75.19
2951,12.64
5704,4.79
4224,11.32
2612,22.65
4131,3.85
2175,6.43
2542,5.26
6606,4.39
4022,4.94
5002,19.09
732,3.81
6052,13.72
5581,2.6
5902,6.51
861,23.27
681,3.84
3312,16.41
22,5.67
2882,6.52
5512,4.24
3211,3.78
4891,13.13
23,7.06
4023,6.02
3521,145.64
4062,5.38
2932,18.62
972,1.4
4801,3.55
351,51.59
3233,5.58
6607,12.97
5424,9.59
1081,42.19
4226,2.35
973,3.96
5471,3.75
2702,2.18
2543,12.22
6205,29.36
4716,3.85
4227,4.26
6773,5.1
6402,10.81
3781,45.65
5402,96.6
5281,59.12
2513,12.24
4002,4.14
4721,12.15
2764,4.09
371,21.25
2445,4.18
603,3.58
2063,4.9
6054,65.04
2765,4.45
5151,6.49
5903,4.29
5513,3.1
242,11.43
4024,7.75
4092,5.04
4093,3.01
4132,3.44
2766,2.54
4901,12.3
4471,11.68
5154,1.83
6172,5.83
6173,4.07
3531,76.7
5425,24.97
6192,90.66
2781,7.11
324,5.69
5049,202.21
6055,11.81
5881,16.04
922,15.53
5064,6.35
5747,4.21
5705,2.45
2514,2.13
352,16.56
791,76.96
3721,14.45
6774,9.02
6775,13.57
2571,2.81
4192,2.35
3,7.45
5551,7.48
82,3.92
5706,1.95
5304,22.08
2323,4.08
4228,11.75
5514,6.94
4273,5.1
2123,4.17
4643,2.4
2767,2.96
6404,16.74
5426,1.78
5661,3.42
6032,90.15
5613,9.65
5472,3.88
6703,13.55
5473,3.18
6131,12.91
605,14.7
6702,12.31
4723,9.19
3792,251.37
5269,25.55
3981,50.83
2613,6.83
5622,2.95
4063,11.31
353,1.88
5662,3.81
606,2.21
5515,2.85
5748,5.48
2883,7.36
573,48.02
574,17.64
6002,38.0
5095,48.5
5096,3.8
2782,9.37
5097,17.79
4274,13.68
2124,10.06
6405,4.96
6433,16.06
4095,6.34
4193,1.51
5160,4.08
3551,46.25
733,5.01
2292,3.24
491,6.61
213,6.65
2823,10.84
112,11.64
2961,3.83
24,10.12
2933,5.86
2465,22.77
923,15.27
5623,2.15
1052,4.79
4003,5.33
3271,15.95
83,5.88
2843,2.0
2125,23.86
5552,16.86
1502,9.94
6778,13.7
4133,0.92
2783,2.82
404,15.57
863,7.5
5852,1.8
5853,3.41
5854,5.66
3804,11.24
4921,18.98
325,2.84
2004,3.62
5625,3.05
5663,3.09
1083,16.77
4230,4.51
2844,8.87
111,22.19
403,2.77
2611,11.18
533,10.11
2471,1.69
4302,2.61
2842,2.29
572,15.07
2295,14.32
4303,7.45
4124,15.56
4094,3.92
382,3.62
734,2.98
3021,5.58
53,16.1
4229,5.77
6193,13.4
2472,6.22
383,12.63
4911,11.67
1205,53.13
1082,5.39
2614,7.55
3395,21.8
2914,4.02
4064,2.82
5161,3.91
5162,0.76
5003,8.44
3837,37.68
3831,15.06
5004,8.27
5307,43.34
5167,1.3
5226,36.26
6608,2.65
5782,5.41
6609,4.41
5171,2.81
3805,3.94
5249,11.8
3703,25.59
3661,31.2
3782,24.03
5397,51.42
5309,20.11
5310,151.32
6232,24.45
1702,17.76
5904,2.87
6022,32.4
5553,3.93
683,7.19
5812,3.03
5905,9.01
6151,38.95
6611,5.37
2066,2.03
5882,10.29
6132,7.6
5707,2.87
5708,2.17
5907,4.0
5475,2.66
5627,1.66
5665,5.15
5749,11.07
2009,6.48
6234,5.36
5666,1.66
5909,6.07
5582,4.57
5403,3.55
5476,3.78
5813,4.35
5601,2.16
2010,5.13
5250,5.3
5628,0.87
6235,2.0
6614,3.9
3901,28.01
3911,48.58
2005,4.77
5841,113.61
2325,47.88
2128,2.0
2008,1.3
6704,5.25
2068,6.33
2177,3.97
5709,10.56
2179,1.66
6612,4.14
6613,1.27
5908,2.08
5629,1.01
5282,21.2
661,0.98
6808,61.82
6781,11.58
5710,2.94
5251,2.48
6615,6.86
5236,6.12
6152,29.81
6616,6.13
6211,12.24
6617,3.69
5176,2.03
5711,6.49
5554,11.37
6618,2.75
3881,18.39
6023,85.09
5712,1.87
6705,7.89
5404,22.0
2129,9.6
687,6.78
6407,4.86
5785,7.95
5555,4.09
5816,12.14
5751,5.46
431,17.57
5102,7.72
2183,5.62
432,13.51
6451,4.72
6782,10.47
2184,4.47
5883,1.06
2185,3.46
6619,2.78
5884,6.74
6408,3.66
433,14.82
5477,8.24
2186,4.97
5478,2.4
6706,6.44
6783,6.25
6784,18.42
2250,3.41
2251,3.27
6708,11.03
6709,19.74
690,24.58
6785,8.15
434,22.09
2254,4.08
6710,13.58
5713,4.27
5714,2.04
5668,1.65
5283,17.23
2257,4.15
6452,8.6
5583,5.52
5178,4.37
5910,6.59
5752,4.48
691,9.51
2130,1.8
5479,7.09
5911,4.6
5456,15.86
5138,35.77
2011,9.87
5516,2.9
3532,7.11
5180,1.08
5181,2.85
5669,4.98
6610,4.7
25,2.69
1125,23.86
5480,5.49
1503,15.49
5071,14.5
6787,5.66
6620,8.59
3851,283.97
3401,14.44
535,2.13
2516,7.63
2051,7.26
6711,21.99
5631,3.29
5632,1.68
4004,12.59
2517,5.61
6712,12.46
2884,9.65
86,5.87
536,2.81
762,130.02
2845,1.42
3234,11.18
1053,2.82
385,6.28
4545,10.04
243,9.28
54,4.22
4231,5.52
216,7.08
4194,3.72
3982,91.07
2784,6.74
5481,3.1
3722,24.24
2013,8.93
3673,45.94
2014,4.44
5671,3.22
3705,4.66
5913,8.95
1001,6.97
26,5.54
2473,5.75
6212,12.54
4065,3.88
386,4.22
4406,1.31
2535,4.51
2785,5.9
5715,4.07
2573,6.03
5855,1.61
214,7.97
84,4.48
2572,5.37
85,2.8
575,6.85
761,32.79
215,2.9
5912,4.28
2915,5.77
4304,6.95
191,13.61
2293,30.82
113,10.21
952,14.04
4134,5.9
1126,8.56
1054,9.69
3352,43.57
5518,6.67
5633,3.89
2131,4.61
5634,13.28
5482,5.82
2072,4.87
5635,5.69
6713,3.34
4096,6.87
2401,6.92
192,14.5
4066,2.53
6004,5.99
3212,8.89
901,60.25
55,9.08
4195,6.33
4411,18.46
1127,4.17
4049,7.27
1084,5.89
3252,5.47
4161,7.01
1301,99.06
6194,13.75
6282,37.97
4097,4.21
217,15.56
218,5.0
219,8.04
6283,13.37
56,12.74
1024,20.34
1504,24.99
4305,11.89
1402,74.76
6453,9.54
4026,2.13
1505,9.39
1506,14.1
1002,56.96
5584,4.62
2189,5.63
5914,4.83
2574,1.83
735,3.41
2885,11.24
6104,30.07
953,11.33
924,21.78
492,3.45
4476,12.23
151,2.96
763,36.68
4005,9.85
2503,8.87
4646,10.42
1025,5.7
6056,35.37
2615,7.45
405,8.74
1206,59.2
1026,13.19
3342,54.93
4806,12.01
692,6.6
4724,6.15
1010,106.35
5915,2.76
5788,1.66
5856,7.0
5520,9.72
2015,8.93
5521,3.77
5636,4.94
2768,6.38
1128,12.51
2518,3.38
372,3.64
6213,48.0
6083,209.99
5716,2.34
925,6.67
4196,3.96
6789,7.78
5072,126.14
3572,22.35
5458,3.47
975,3.65
2192,10.03
172,9.5
2616,1.5
4561,7.34
2544,2.49
3731,13.39
6195,27.9
662,9.23
5789,2.16
2194,1.03
3713,75.42
5483,3.19
27,2.5
1321,17.48
5522,7.4
3861,25.32
6057,11.27
6058,172.96
5556,6.83
3522,44.58
6214,22.79
493,3.57
1129,8.05
4067,3.1
114,30.16
4726,30.7
4306,5.77
4027,5.13
28,10.2
3402,11.49
3662,6.06
3732,50.45
2545,3.09
3292,75.14
29,2.4
3951,19.95
1207,12.42
1004,108.11
5557,7.92
6790,20.01
5604,18.49
5672,2.85
948,4.52
5717,4.77
5105,25.75
538,32.03
4566,27.36
663,9.29
1322,13.77
57,8.33
4028,4.02
607,2.93
2824,4.6
6409,1.59
2196,9.32
4163,9.98
5523,7.07
563,71.78
2258,3.14
2575,4.48
4307,4.86
6133,37.84
3862,33.25
193,6.41
5427,2.71
2016,4.07
2825,4.63
3633,1.3
4571,9.81
3022,21.19
3442,12.68
1342,13.26
2259,9.05
494,7.91
5398,51.74
6118,23.11
495,10.8
3272,22.31
4164,8.76
4029,5.7
865,3.47
2846,9.82
4232,3.31
2474,5.97
2260,1.66
5718,4.87
6622,2.81
6621,15.88
2519,1.91
244,1.9
1311,14.36
866,7.84
1130,6.02
1085,6.43
2826,1.34
5559,4.76
2294,5.22
5857,7.73
5428,18.94
5719,12.58
5073,19.48
4165,10.2
1055,1.1
1403,85.94
5005,6.23
2197,3.45
5720,3.95
5721,8.37
1632,103.62
1630,146.98
1631,430.18
58,12.31
2022,2.93
5006,7.45
664,2.78
3213,4.74
5484,5.46
3341,33.59
326,9.36
3102,24.72
4135,9.77
5108,7.01
5007,9.22
6410,13.98
3443,27.46
115,18.28
4651,0.36
5541,10.69
976,3.17
3273,54.68
6073,22.6
5186,0.63
5485,5.66
5817,10.23
5560,3.45
6792,8.94
5561,7.9
694,8.19
2134,24.2
2328,4.46
2198,3.98
2079,3.36
5187,0.64
194,2.33
2786,3.33
2546,26.05
2261,1.01
6177,58.5
5722,2.57
1056,3.3
5109,11.11
2576,5.81
6263,4.45
2617,3.0
576,171.13
2200,5.32
3832,14.83
303,15.1
1131,10.23
608,3.44
1086,19.69
3031,4.23
2135,28.39
5405,15.24
6285,14.29
4006,17.27
6238,21.1
116,8.8
3961,43.28
841,62.41
577,7.03
5008,9.89
852,54.87
2578,3.91
665,1.83
2262,17.21
1209,83.35
867,4.51
782,200.73
6117,10.5
6624,3.21
2901,7.26
2423,11.36
1208,104.14
578,16.88
2547,5.28
4656,9.5
579,51.08
4099,2.23
220,8.16
736,1.81
3941,18.55
2971,15.34
4197,2.23
2520,1.85
1005,40.31
406,21.87
783,41.69
2491,5.31
4486,12.49
4100,3.18
4,13.68
2121,60.47
2281,7.57
6809,36.46
6729,71.05
2233,11.92
6454,2.16
2137,10.55
5,6.53
4416,6.14
3032,7.52
927,5.57
928,5.36
977,5.83
407,23.37
2296,9.05
4251,7.05
408,1.51
3372,20.21
2962,7.94
2848,3.43
4198,3.51
31,3.06
5819,2.6
2424,16.35
610,2.74
4811,13.67
1507,14.22
1132,31.3
3001,25.16
6625,1.46
5673,4.77
978,1.05
737,3.45
152,8.96
2827,1.69
4166,6.25
979,9.82
221,5.79
1088,6.99
929,2.79
2618,6.0
409,6.72
3691,48.38
117,22.31
4007,3.53
132,9.7
173,13.01
1030,24.61
1031,9.59
59,6.15
2475,8.28
222,8.85
580,8.7
2476,7.52
1032,23.39
4495,7.99
4199,2.32
2425,7.79
4136,2.87
931,6.48
153,12.16
4816,24.11
1057,1.25
133,21.13
4421,1.74
4167,7.32
932,20.4
2523,2.6
1058,12.82
1210,34.97
2548,1.36
32,3.68
3002,24.07
4200,3.26
954,17.28
2847,3.94
2579,13.87
3201,9.15
4068,7.75
2402,5.57
609,3.04
6084,107.57
410,2.6
2886,5.96
60,4.77
1703,18.41
2524,1.01
61,4.93
134,7.24
87,1.6
4590,11.59
4821,17.68
6239,24.98
541,5.03
3619,133.43
1363,10.94
174,25.3
6109,9.89
1364,13.47
980,3.38
1343,50.18
784,236.55
496,23.9
581,4.36
1033,10.33
739,1.9
5284,18.34
582,21.85
1211,60.99
4084,1.65
5009,12.89
5137,17.06
6134,15.28
2849,3.14
362,4.21
868,1.28
2138,55.24
540,13.49
3863,25.95
3952,10.5
738,4.6
2264,1.77
4071,5.7
5885,2.16
3405,11.05
5804,17.65
5585,1.92
5754,9.33
6626,11.35
4252,4.92
4308,0.31
4169,18.09
4233,2.69
304,15.17
3313,18.63
2549,0.94
564,32.02
565,134.49
2580,5.1
6,7.83
305,10.88
869,2.1
870,4.43
4666,25.05
411,3.32
1404,92.62
2265,12.22
4426,4.42
2403,8.6
2492,8.55
611,4.71
2851,1.6
135,2.6
4030,2.4
6197,11.67
412,9.05
3392,42.55
872,6.1
873,1.26
4275,4.36
354,11.92
33,10.29
2266,3.01
2619,16.32
4309,6.72
3871,193.16
62,19.3
7,6.51
1089,9.78
4310,4.06
612,12.78
413,6.92
4501,10.94
566,6.03
414,19.36
4671,11.48
666,4.76
2525,1.13
1059,27.34
175,7.61
2850,1.44
4276,8.84
355,51.08
3882,8.13
4031,4.88
154,12.33
1331,29.45
4008,11.89
5871,31.91
5741,5.82
5486,16.26
6810,31.11
2234,10.26
6432,41.96
5474,6.79
6421,55.67
6744,4.07
6435,17.3
6504,12.86
435,14.18
2116,9.9
723,6.81
5758,5.12
3785,63.22
5726,16.6
2149,24.04
6423,25.6
5498,7.74
2235,6.9
5889,3.26
6461,5.44
2338,13.42
3575,31.68
1344,2.4
6627,3.83
6750,12.37
6286,1.26
5189,1.84
2887,4.03
6628,4.84
613,10.27
3955,18.92
2888,15.72
2550,1.95
329,17.27
136,8.65
902,48.47
4681,10.87
3513,21.82
842,58.74
1365,9.24
2787,11.34
34,6.25
4170,14.46
667,4.08
2426,15.52
903,21.14
5586,41.33
2828,5.56
584,164.41
2889,7.27
5112,58.1
5406,14.14
5637,3.97
5323,187.51
6061,4.99
6741,11.62
6434,15.65
5872,99.24
2067,7.48
2337,9.54
2223,10.31
6623,4.37
6455,10.26
5873,32.52
6436,23.06
5587,9.75
2220,18.47
6754,20.43
2145,4.48
5731,3.12
3833,9.15
4311,6.37
4137,1.12
585,10.37
4312,12.64
387,7.32
4683,8.84
792,123.04
6240,13.85
4201,11.35
6081,5.07
6742,24.74
6431,11.56
6743,10.82
5750,7.07
6745,7.09
6748,13.6
2050,10.31
6422,11.72
6437,18.25
6511,28.78
4313,13.73
6110,55.29
6111,67.21
4138,3.76
388,10.29
5407,18.53
6135,26.92
3374,2.8
6033,60.15
2890,1.95
2788,12.51
2829,18.15
740,1.78
5755,10.64
6456,12.52
176,11.93
614,13.25
5315,6.59
5113,19.37
5285,31.63
3707,8.14
2917,4.88
2526,4.47
874,1.83
4741,8.63
2551,5.76
5638,3.69
5429,9.46
5115,9.5
3821,50.91
2493,13.31
331,6.23
5674,3.46
696,4.78
5675,7.83
63,5.19
5192,75.93
6793,5.11
5858,2.67
2025,5.48
5639,2.02
5010,10.03
3618,165.43
1405,46.55
4104,5.14
2830,3.15
2270,2.3
5487,3.73
5640,2.36
2527,4.54
1135,37.85
5606,8.45
3033,2.27
3891,31.63
1061,29.07
306,14.85
415,6.06
2852,8.15
2024,8.75
2903,6.9
497,5.43
2464,7.8
2455,4.38
2456,3.08
3393,13.96
586,12.39
955,26.9
332,23.16
3783,16.35
4253,11.03
5317,111.11
5193,1.1
3953,32.37
2853,5.02
3926,7.61
3954,11.38
1062,28.57
4826,5.43
4105,5.57
5194,2.4
5790,4.41
3253,4.44
5430,11.94
2206,7.68
3533,18.99
5195,0.97
2140,7.8
35,14.15
6136,24.9
6137,37.69
8,4.68
3663,4.19
5196,0.74
6215,6.59
2086,4.24
5919,6.61
3708,15.13
2208,2.89
587,5.97
543,3.79
2427,11.29
4591,7.71
5562,5.53
1091,7.17
195,14.79
5488,0.47
3983,136.2
1063,7.27
389,0.67
1064,6.75
307,10.26
156,11.91
6629,6.97
390,4.45
785,40.68
4202,4.3
5197,4.71
333,10.37
5198,1.64
4314,2.69
4033,4.81
3293,139.15
2620,5.76
5254,31.94
4139,6.42
1704,27.47
1136,30.35
4234,13.55
5117,12.15
2936,17.51
6715,9.75
741,2.26
3822,164.76
2457,11.89
4184,21.6
6716,2.36
9,13.05
2477,8.54
5489,2.88
2271,0.33
6630,9.93
5199,10.24
5723,3.49
5200,5.11
6416,8.81
5118,5.87
615,2.36
2272,11.43
5821,3.05
6241,2.54
5490,6.67
5012,7.41
5431,11.05
6242,32.51
5921,5.51
6090,42.97
437,4.67
5491,19.76
5859,3.87
2029,17.52
5922,3.5
6411,6.41
6243,4.92
5693,33.52
5756,3.02
5013,9.65
5238,36.95
5202,3.36
2089,2.19
6751,18.28
5432,4.95
6153,28.58
5540,11.81
5792,4.11
5886,33.44
5492,25.95
4277,3.85
544,6.32
5257,2.31
5203,2.81
2033,2.6
5642,3.86
2143,2.49
5527,3.7
1366,20.8
3394,50.57
5119,8.62
5678,15.71
700,19.62
6718,8.04
4009,7.04
3534,33.8
4255,3.12
3617,8.59
2274,1.13
3202,10.34
1367,172.19
5120,0.62
4279,18.62
4236,12.3
356,7.65
6753,16.89
2034,8.2
2275,13.62
5563,3.22
3503,9.91
2770,16.63
5205,1.56
4032,3.49
155,4.75
4941,9.94
2027,4.35
2087,8.95
5791,3.5
4254,18.85
196,7.63
4106,3.93
6203,8.42
742,2.16
4203,6.6
3214,9.87
416,2.92
4235,5.51
668,26.29
875,2.29
876,2.92
4831,8.76
4107,3.15
2428,35.48
546,8.9
2769,7.18
669,2.47
4172,2.48
4746,7.79
616,12.18
6074,48.61
4691,5.4
498,4.88
6007,147.18
1137,3.73
3378,49.0
88,6.0
223,15.09
5206,0.88
6024,85.93
2789,3.65
3360,92.67
6458,18.05
2404,7.13
670,21.96
4034,5.41
1093,25.46
2937,8.06
1705,7.94
4601,11.36
2904,17.88
2211,5.54
743,1.52
981,17.45
2405,5.49
3422,15.82
2891,4.42
6198,17.46
89,3.6
2495,4.33
90,11.31
3423,16.29
617,5.38
4204,3.28
877,7.2
588,4.29
4035,3.35
6064,4.68
91,6.88
4072,6.08
982,2.78
417,4.62
724,26.63
878,2.74
2213,6.87
1094,10.31
5207,4.35
5564,2.06
5260,5.17
5408,10.33
3693,28.07
2478,6.33
2621,10.29
2854,1.74
2035,3.97
5724,6.86
64,10.09
357,12.35
983,8.49
2406,9.38
418,14.15
3424,17.76
619,16.51
2892,6.22
1508,16.15
2553,11.95
3111,14.67
65,10.18
6112,50.24
245,2.14
4010,7.21
2528,1.52
92,8.23
6076,155.84
2497,3.63
2972,6.01
3375,12.74
4173,8.16
934,2.77
629,6.01
1368,32.84
1095,9.1
4140,9.41
935,9.11
4073,3.28
4256,5.04
589,20.04
137,2.77
3254,34.52
4037,4.31
4237,5.33
3612,61.53
2298,5.27
4038,8.37
36,9.38
334,3.91
620,10.61
3407,14.13
93,4.88
2771,7.88
391,6.73
766,46.0
4074,5.37
1706,30.07
419,2.12
10,7.55
985,12.08
2529,2.45
2407,12.04
335,3.9
4175,4.41
157,6.07
246,2.77
4280,12.87
5680,3.39
5409,59.5
4257,4.61
2581,11.51
2855,7.17
6631,2.83
5565,5.13
5136,29.88
66,5.61
5923,3.63
622,3.4
5757,12.0
5924,4.02
5208,2.11
2856,6.94
5410,64.02
5411,61.67
5493,5.51
5805,24.6
744,3.95
5121,1.96
6034,165.04
438,21.64
5925,4.2
5286,18.97
37,13.11
363,5.98
94,7.21
4205,4.72
11,4.98
5529,5.87
5530,5.75
5494,11.09
5210,0.87
5588,0.5
5822,24.23
5495,3.85
5496,3.86
5531,5.69
6632,2.55
701,8.61
5860,2.86
5076,39.05
6412,3.45
716,23.76
1139,17.55
2772,4.85
224,4.96
4841,13.14
3294,128.41
177,19.49
5014,8.03
2216,5.06
392,8.3
2299,59.41
6633,5.81
2300,18.11
726,25.56
6719,17.84
936,9.94
5533,5.01
5077,5.92
5497,4.44
5926,5.59
2122,9.95
2147,4.32
5212,6.23
5213,0.41
2217,5.96
3784,118.24
6800,14.78
745,2.43
6154,14.32
5214,1.59
3561,190.95
5725,6.03
5078,16.85
2831,10.7
6634,3.25
5759,6.04
5015,16.45
6635,4.72
2221,5.71
5589,2.18
5566,31.86
5643,1.84
2038,1.83
5683,1.82
5607,22.88
5590,5.91
6636,2.64
5216,3.09
450,23.77
3295,61.73
5079,75.21
309,14.72
67,10.72
1037,9.42
2832,2.25
2963,13.45
5760,9.84
6287,54.43
6244,16.83
4846,7.67
310,20.38
3340,22.22
6199,30.26
1212,77.96
6720,8.43
3255,4.32
715,3.55
2530,3.33
2301,7.3
6075,41.26
703,8.22
95,2.38
96,14.63
3034,6.71
567,125.75
1345,11.59
1140,27.01
2893,9.2
4141,9.53
2773,6.97
336,1.97
4281,5.79
4315,3.12
2333,5.89
4039,3.87
4110,7.91
441,12.61
5591,2.95
5412,2.21
3035,4.93
767,11.28
5644,1.14
38,8.93
3235,2.21
4258,16.03
3723,13.28
2148,7.78
138,7.55
2857,2.89
1097,11.78
2582,2.8
4751,1.56
225,6.06
6139,23.91
2276,7.57
6008,47.52
6181,21.0
2554,7.2
2703,10.94
1369,11.17
4316,3.93
12,6.57
879,29.93
590,8.73
4111,4.75
3536,56.04
1707,14.84
5263,5.93
5609,0.3
5413,6.41
6413,20.88
704,9.05
6803,4.49
2479,5.3
2790,6.65
1142,6.23
337,7.82
4431,11.91
2498,2.25
338,4.06
339,6.48
5861,2.72
5761,6.97
5592,2.92
5645,1.69
4436,8.7
442,7.0
2096,10.9
1007,37.3
5125,5.0
3711,2.04
1065,8.64
5798,4.79
68,4.46
3215,1.77
3216,7.14
3808,58.93
6721,1.94
5684,1.07
2222,5.05
5842,23.36
3637,3.1
1040,15.52
2858,10.88
1370,22.8
4282,11.77
4238,4.46
5843,48.55
3834,38.78
5219,5.53
5928,3.19
623,6.99
4075,4.9
2097,11.24
5534,1.98
2039,3.16
421,2.48
987,5.16
4206,6.15
178,14.28
6637,4.95
2040,3.71
1098,45.31
1039,16.65
2791,10.06
904,36.81
905,17.18
2938,5.52
420,2.7
880,35.7
956,15.05
4112,4.18
4317,2.93
97,12.46
881,4.65
2859,2.27
2860,4.98
853,57.41
139,2.92
3103,40.88
3256,9.34
118,10.08
393,6.5
422,1.32
340,3.99
2555,8.8
3788,138.01
843,119.74
3883,26.75
6288,110.28
6289,30.21
6290,40.57
6291,24.58
1406,53.84
4283,6.03
3672,151.42
746,5.63
3581,6.95
706,13.8
6757,31.75
6140,13.68
2041,7.9
6414,7.69
5535,4.14
6459,8.88
6758,15.13
5727,24.27
5434,12.33
6155,14.37
443,20.85
5435,8.1
5888,15.24
6246,3.86
2335,9.76
6087,36.96
6217,14.95
5436,3.04
5646,5.5
5610,0.87
5648,1.82
5568,39.31
4851,6.5
6113,11.36
4441,2.63
3538,31.41
6218,53.45
2277,3.84
3786,113.96
3752,56.18
3835,22.02
5017,6.55
5018,33.56
3810,9.32
3296,9.47
4076,8.28
1407,73.14
5686,1.45
6638,18.91
1371,17.31
5437,3.7
449,13.47
6722,7.91
707,4.26
5611,16.06
6265,71.01
3539,22.23
5221,0.74
591,19.16
6141,23.23
2939,41.91
4207,6.36
906,36.53
3638,14.28
1213,16.27
786,31.48
708,5.54
1099,6.77
4113,3.33
747,2.1
3962,61.75
4125,12.24
4114,1.89
4546,15.47
226,9.06
3104,17.91
98,5.65
2952,21.52
1100,7.23
247,6.54
4142,7.26
624,3.47
3582,4.81
3338,4.04
4143,8.59
2305,13.55
3514,11.32
4318,8.28
2461,7.17
1041,12.46
4259,7.01
4176,2.79
748,4.12
592,7.05
1066,39.21
855,44.82
341,3.75
3004,17.39
3105,57.46
937,1.51
197,2.66
1372,53.19
3315,39.88
99,3.99
4144,6.2
140,11.02
2774,1.33
3003,5.21
2583,3.74
4756,10.93
1143,15.39
1346,29.04
311,19.8
1008,38.51
3762,438.77
988,15.78
312,20.94
1214,15.46
119,3.77
709,8.4
1215,13.25
4208,9.62
2480,16.39
3972,49.6
883,3.9
2833,3.52
2556,19.47
6035,17.66
5019,8.35
1102,8.95
2336,29.39
5499,3.93
3274,41.49
2225,0.5
4209,9.68
5762,1.47
5050,96.9
5799,6.29
5222,2.84
227,7.6
3275,30.32
2953,9.31
6248,19.22
4319,5.53
907,22.12
5728,1.92
938,55.36
1216,144.76
3640,9.32
3789,63.54
3790,44.71
6009,90.91
4239,20.24
6266,29.69
4761,12.44
499,5.53
1217,16.29
2861,8.88
4177,2.59
2099,20.29
3823,46.37
5081,6.39
2601,6.29
4446,4.15
444,14.99
5129,37.57
445,23.77
6639,2.93
5225,0.87
2153,8.74
711,6.84
6759,13.49
6724,7.52
3023,8.21
768,16.76
1218,64.74
3694,60.53
4040,8.63
2302,16.85
3893,52.22
3203,39.32
3236,6.86
3787,28.7
6292,89.28
2303,7.1
793,60.85
2304,15.72
5266,6.17
100,12.89
4284,8.95
6293,10.48
6294,14.3
13,12.01
1509,11.11
1510,9.14
2584,1.84
4210,3.51
4864,8.77
939,13.45
6204,14.21
4260,2.81
3005,9.4
2964,5.76
3217,4.51
1373,11.85
1374,6.92
1708,5.04
101,9.47
4041,4.44
2919,4.72
4606,6.31
358,3.55
770,14.2
4285,6.02
749,2.7
158,8.61
2499,6.15
2532,6.21
5929,6.68
3695,34.56
4012,10.61
4506,9.1
5501,3.94
957,59.38
3985,101.84
3540,23.18
2044,4.77
1103,5.86
5930,4.14
750,3.61
5688,2.51
2152,18.78
2043,2.47
5500,2.4
2306,8.37
3733,40.71
5729,1.81
5862,1.08
713,14.8
2862,2.38
4320,7.06
5131,3.69
2863,4.68
2307,3.69
6010,18.78
5396,11.39
3024,15.32
4145,3.55
940,4.57
3237,9.62
4117,9.84
39,6.44
141,5.51
2920,19.97
2775,7.66
941,7.54
942,21.59
4611,15.64
342,9.68
3668,6.84
6640,3.83
989,4.54
2864,2.27
3541,54.3
2894,3.7
4776,7.09
884,4.86
5649,1.59
2115,10.19
5227,5.23
958,15.97
446,24.85
2973,4.1
500,4.74
5827,3.79
5931,2.05
5828,3.1
2226,11.42
1104,22.07
6142,39.54
2500,7.65
3945,42.89
3734,47.24
3025,10.0
6641,3.44
6156,36.95
908,61.97
909,15.61
3987,51.88
41,4.43
5730,5.85
40,9.56
3669,24.67
3932,27.8
501,3.32
1347,13.55
3986,133.92
228,25.24
4042,1.5
6119,42.31
756,12.41
4077,3.28
625,3.6
4696,11.54
6295,58.71
751,4.4
5571,14.24
6296,17.63
3218,1.95
1067,6.25
2308,16.13
943,4.38
4179,5.09
4286,7.08
4616,14.0
944,10.16
159,3.51
4078,2.45
1145,12.25
248,4.38
2278,2.86
6201,22.01
3219,7.07
249,3.37
4013,2.86
1375,46.65
4146,8.92
945,6.81
4079,4.49
2463,1.54
1219,80.25
593,14.06
4044,8.25
42,7.27
3946,27.67
1709,25.56
250,7.57
3670,4.35
3006,48.25
344,9.13
5932,3.4
2102,14.95
551,7.16
198,28.54
885,3.77
4451,4.37
552,16.96
3339,7.6
3408,14.46
5268,1.62
3847,198.63
6730,38.85
6157,39.25
2163,112.2
6487,124.36
6512,124.68
6485,3.7
717,18.68
5831,33.5
5933,2.29
5763,6.39
5934,2.84
2045,3.52
5764,23.19
3603,175.51
3764,159.16
6642,4.41
6116,12.76
5765,13.22
2155,10.09
6415,1.78
5650,2.07
3506,42.51
359,24.81
6728,2.04
4120,5.2
6806,9.18
6249,2.54
3836,13.11
5132,40.68
5230,1.51
2052,8.35
6219,5.65
6643,7.66
6644,10.55
5890,2.35
6089,12.99
6250,1.45
6645,6.53
6267,1.11
5891,6.72
5231,1.38
5732,1.56
5233,1.88
2279,4.72
5935,0.87
5651,1.66
5690,4.19
5537,7.12
5652,3.03
2228,5.47
2230,1.43
5830,7.68
2111,5.53
2047,3.57
5414,32.13
448,16.26
4121,11.2
4080,11.99
4122,5.68
2114,15.5
3297,32.71
502,4.63
5863,1.08
6158,20.95
6297,13.21
6298,51.57
1068,8.92
5135,23.9
43,3.27
199,14.01
6036,17.93
4287,10.15
1348,27.96
6159,33.48
2160,10.49
5539,8.98
5692,3.27
5503,5.38
5653,2.17
5937,3.1
2049,5.6
2113,24.09
2231,6.24
5766,5.1
5803,6.7
5654,6.85
5464,21.14
6220,14.32
6025,10.39
946,3.54
4871,11.82
2792,5.43
1710,13.53
3036,6.83
888,13.28
120,25.24
2895,8.28
3444,31.27
3007,6.71
3298,45.66
626,17.21
4261,4.48
2283,3.88
69,6.46
990,1.44
991,3.07
754,6.99
44,7.28
3616,32.32
4240,4.58
959,7.94
2585,4.51
3037,7.0
1349,8.45
992,5.21
2586,6.94
200,7.91
993,2.9
3276,41.75
4621,8.24
1220,97.0
70,3.94
886,14.47
3379,51.22
1146,2.94
3316,5.4
4262,7.1
1069,11.81
102,9.58
4946,15.54
251,5.4
180,12.75
2429,12.97
394,7.06
2865,5.85
1009,15.69
4045,10.63
14,3.77
121,16.71
632,11.59
4081,2.59
3238,4.21
995,7.55
298,19.12
553,1.43
4951,17.2
1147,8.28
3427,20.84
71,8.97
181,9.23
2974,21.16
182,10.56
594,13.54
3359,87.44
4786,2.27
6202,14.69
554,3.8
671,4.11
4288,1.2
423,2.19
1151,41.18
769,22.33
4123,4.92
72,8.1
2866,6.92
230,68.12
2501,3.95
2502,4.8
4322,3.73
3204,12.3
2481,2.65
2867,3.2
4181,11.25
4082,12.44
360,36.22
4046,4.43
1511,92.81
3038,6.96
996,2.43
2408,6.88
1107,14.28
1323,6.34
627,21.0
755,2.79
4791,12.13
345,5.12
424,28.24
960,11.76
142,17.35
4701,12.22
4781,16.45
4182,9.49
2309,13.21
4047,9.39
4048,9.0
5655,9.56
5938,13.55
5939,13.36
5415,12.21
2868,7.93
4183,6.91
4263,11.37
1150,13.88
231,12.98
6299,7.51
6300,242.67
3746,344.04
4147,5.77
2834,7.81
556,1.91
4511,12.19
3712,24.46
3947,10.96
4289,11.07
361,5.41
161,7.86
2534,4.67
4083,4.8
1711,21.65
2622,3.63
2310,1.91
160,5.48
2869,6.89
3791,65.63
4264,8.32
557,3.48
3426,8.96
794,73.16
947,2.43
2793,4.61
6011,86.14
628,5.44
261,87.9
5624,4.82
5702,51.91
