,id,German,French,Italian,Romansh
0,1,1412,12,5,1
1,2,7215,58,41,13
2,3,3282,29,27,11
3,4,2706,16,16,1
4,5,2420,21,17,9
5,6,802,5,1,0
6,7,1267,7,9,0
7,8,521,2,0,0
8,9,3278,17,17,3
9,10,3430,29,20,13
10,11,1947,18,11,4
11,12,679,4,2,1
12,13,2211,36,5,4
13,14,3263,45,19,7
14,21,563,1,0,0
15,22,642,9,3,0
16,23,529,2,2,1
17,24,694,1,0,0
18,25,1376,9,9,2
19,26,541,2,0,0
20,27,2445,11,15,2
21,28,1030,4,1,4
22,29,1118,8,1,1
23,30,1372,3,4,0
24,31,1453,8,3,0
25,32,375,4,1,2
26,33,1592,7,5,1
27,34,1265,6,2,1
28,35,1662,10,1,7
29,36,1008,4,5,0
30,37,1147,2,4,3
31,38,1329,11,3,1
32,39,572,1,1,0
33,40,909,1,2,0
34,41,406,0,2,1
35,42,787,2,0,1
36,43,242,0,1,0
37,44,642,3,1,0
38,51,2079,39,21,5
39,52,5805,81,69,8
40,53,10462,128,111,17
41,54,4678,76,47,14
42,55,2399,26,9,5
43,56,5596,73,42,24
44,57,1812,15,8,2
45,58,2749,15,17,7
46,59,1314,20,8,1
47,60,1498,11,20,0
48,61,739,4,4,0
49,62,11490,272,170,40
50,63,977,12,6,0
51,64,3829,44,14,4
52,65,928,10,4,0
53,66,6815,142,137,33
54,67,2775,12,7,4
55,68,1730,28,10,7
56,69,8827,124,96,28
57,70,529,4,0,1
58,71,1216,7,1,0
59,72,2864,45,18,7
60,81,538,6,2,0
61,82,885,5,2,7
62,83,3341,39,26,9
63,84,2391,24,18,2
64,85,1330,8,13,1
65,86,3619,43,34,8
66,87,433,2,2,0
67,88,2087,38,5,4
68,89,2923,27,15,6
69,90,5739,82,46,4
70,91,1862,26,12,5
71,92,3374,39,35,14
72,93,1095,9,8,2
73,94,1555,17,9,1
74,95,425,3,0,0
75,96,9642,129,105,36
76,97,4083,48,44,12
77,98,593,3,2,1
78,99,979,8,1,3
79,100,1570,6,5,1
80,101,2223,18,7,4
81,102,880,4,2,1
82,111,3701,12,18,6
83,112,4830,28,21,8
84,113,4996,21,28,9
85,114,1772,4,6,0
86,115,7612,37,40,19
87,116,2651,17,17,3
88,117,7723,36,28,14
89,118,8121,48,75,14
90,119,1043,6,5,1
91,120,6227,19,47,12
92,121,13383,91,138,29
93,131,11179,240,126,42
94,132,1715,13,9,2
95,133,12065,136,146,28
96,134,772,7,2,1
97,135,5447,117,64,10
98,136,5048,71,66,11
99,137,3856,58,27,5
100,138,8376,78,79,16
101,139,3705,81,39,9
102,140,1687,13,2,1
103,141,11916,197,135,45
104,142,14693,297,131,31
105,151,3617,57,37,10
106,152,4574,93,28,13
107,153,5868,37,30,11
108,154,9865,185,108,23
109,155,6683,62,50,20
110,156,9173,156,72,23
111,157,3095,22,19,8
112,158,9420,94,65,16
113,159,4240,45,36,13
114,160,3617,70,29,8
115,161,9117,207,101,29
116,172,3799,31,21,13
117,173,2734,19,9,5
118,174,11030,99,76,40
119,175,380,0,0,1
120,176,3128,32,30,5
121,177,7470,35,62,11
122,178,3428,21,14,4
123,180,2600,12,10,1
124,181,1578,5,4,3
125,182,835,4,2,0
126,191,15735,298,186,36
127,192,5991,45,38,14
128,193,5063,86,30,10
129,194,4204,68,25,11
130,195,6893,134,48,23
131,196,2796,29,9,4
132,197,3234,46,38,6
133,198,21440,185,216,63
134,199,10530,114,100,14
135,200,4239,63,71,16
136,211,594,0,1,0
137,213,1631,19,8,2
138,214,791,3,1,1
139,215,505,1,2,0
140,216,1225,4,2,0
141,217,3034,17,12,5
142,218,670,3,1,0
143,219,2550,18,7,4
144,220,968,8,3,0
145,221,2121,20,9,1
146,222,396,2,1,0
147,223,4001,18,17,3
148,224,1858,11,14,4
149,225,1869,5,9,0
150,226,572,1,4,1
151,227,5694,40,33,6
152,228,3302,15,15,2
153,230,65988,599,560,132
154,231,3619,19,20,2
155,241,852,8,9,1
156,242,4251,56,41,9
157,243,12314,150,207,38
158,244,3686,37,32,4
159,245,4189,76,61,10
160,246,1793,32,16,7
161,247,7336,84,119,31
162,248,2954,67,24,7
163,249,2240,23,23,8
164,250,7257,77,77,20
165,251,2847,31,37,6
166,261,236553,5518,5271,918
167,297,4035,9,17,4
168,298,4629,43,19,1
169,301,3207,34,9,0
170,302,857,3,5,1
171,303,2638,19,5,0
172,304,1615,11,3,1
173,305,960,12,2,0
174,306,9994,202,34,6
175,307,2297,24,8,0
176,309,1175,10,0,0
177,310,2096,31,2,1
178,311,3075,30,8,1
179,312,2963,21,2,0
180,321,3306,16,11,3
181,322,495,0,0,0
182,323,595,1,2,0
183,324,671,3,2,0
184,325,189,1,0,0
185,326,713,1,0,1
186,329,11020,70,38,6
187,331,1934,11,10,1
188,332,2947,6,1,0
189,333,1381,4,2,0
190,334,391,0,0,0
191,335,269,1,1,0
192,336,183,4,0,0
193,337,3076,6,12,0
194,338,1280,3,2,0
195,339,432,0,0,0
196,340,523,1,0,0
197,341,422,3,0,0
198,342,2535,11,3,1
199,344,877,2,0,0
200,345,1322,6,0,1
201,351,93813,3696,1015,137
202,352,5353,122,21,9
203,353,3379,71,23,1
204,354,2470,48,10,5
205,355,31012,848,186,32
206,356,10743,319,56,4
207,357,820,1,1,0
208,358,2495,40,7,3
209,359,4281,35,9,1
210,360,7923,150,28,5
211,361,7561,198,51,13
212,362,8605,237,70,4
213,363,11354,278,93,15
214,371,23682,11036,421,25
215,372,1344,757,15,2
216,381,1436,24,5,0
217,382,656,17,2,0
218,383,2663,31,8,2
219,385,828,8,0,0
220,386,1264,16,0,3
221,387,3647,97,19,3
222,388,1104,10,3,0
223,389,55,3,0,0
224,390,1026,39,2,0
225,391,737,6,0,1
226,392,2614,100,14,5
227,393,826,17,1,0
228,394,514,9,0,0
229,401,944,5,1,1
230,402,541,2,1,0
231,403,978,9,3,0
232,404,12100,97,43,8
233,405,1389,5,1,1
234,406,2741,6,1,0
235,407,1517,3,1,0
236,408,189,1,0,0
237,409,1771,18,5,1
238,410,250,2,0,0
239,411,434,1,0,0
240,412,4497,30,28,2
241,413,1902,14,5,0
242,414,2218,18,7,0
243,415,1269,5,3,0
244,416,111,0,0,0
245,417,204,3,2,0
246,418,2296,9,6,1
247,419,109,0,0,0
248,420,1578,18,3,1
249,421,133,1,0,0
250,422,151,0,0,0
251,423,169,0,0,0
252,424,1977,8,1,0
253,431,298,1066,18,3
254,432,55,442,0,1
255,433,130,470,1,1
256,434,122,857,3,2
257,435,83,395,0,0
258,437,80,30,0,0
259,438,169,954,1,0
260,441,206,561,5,1
261,442,81,99,0,0
262,443,291,3410,46,0
263,444,188,1236,6,0
264,445,200,827,3,0
265,446,338,3360,16,0
266,448,98,681,10,1
267,449,185,540,3,0
268,450,290,1309,15,3
269,491,577,24,1,0
270,492,944,31,2,0
271,493,355,7,2,0
272,494,522,85,0,0
273,495,683,78,3,0
274,496,2547,88,7,3
275,497,452,13,0,0
276,498,877,25,4,0
277,499,568,1,1,0
278,500,377,8,0,0
279,501,453,14,2,0
280,502,667,32,0,0
281,532,147,3,0,0
282,533,2486,10,6,2
283,535,85,0,0,0
284,536,161,3,0,0
285,538,4253,34,9,0
286,540,4278,37,12,4
287,541,404,2,0,0
288,543,561,4,0,0
289,544,3002,60,5,1
290,546,7977,125,26,5
291,551,4277,71,17,2
292,552,3341,11,8,1
293,553,85,0,0,0
294,554,736,7,5,0
295,556,314,0,0,0
296,557,445,5,0,0
297,561,3363,27,5,6
298,562,1884,7,3,0
299,563,6228,31,7,2
300,564,711,4,3,0
301,565,959,10,2,0
302,566,813,16,1,0
303,567,3187,14,1,1
304,571,1093,7,2,1
305,572,2019,9,4,1
306,573,2607,28,5,2
307,574,518,4,1,0
308,575,332,6,2,1
309,576,3311,27,2,4
310,577,452,3,1,1
311,578,252,0,0,0
312,579,602,1,0,0
313,580,509,4,1,0
314,581,3854,36,15,3
315,582,404,2,0,0
316,584,2325,22,8,5
317,585,815,9,1,1
318,586,241,0,0,0
319,587,3111,24,11,2
320,588,290,0,0,0
321,589,442,1,3,1
322,590,2338,13,4,1
323,591,127,0,0,0
324,592,567,1,1,0
325,593,4385,33,16,2
326,594,2029,17,8,1
327,602,952,5,0,0
328,603,1636,8,3,5
329,605,1303,3,0,0
330,606,479,0,0,0
331,607,365,1,0,0
332,608,2800,13,4,1
333,609,216,0,0,0
334,610,488,3,0,0
335,611,717,2,2,1
336,612,4149,19,11,1
337,613,651,0,0,0
338,614,1250,14,1,2
339,615,483,1,0,0
340,616,10181,110,21,9
341,617,578,3,0,0
342,619,3361,21,2,0
343,620,784,2,0,0
344,622,565,2,1,0
345,623,2196,37,11,1
346,624,634,3,0,0
347,625,323,0,0,0
348,626,1865,5,0,3
349,627,9330,107,36,6
350,628,1430,7,1,0
351,629,283,1,0,0
352,630,461,6,1,0
353,632,3393,17,2,2
354,661,47,5,0,0
355,662,1186,13,1,1
356,663,1189,19,3,1
357,664,299,1,0,0
358,665,298,5,0,0
359,666,389,7,0,0
360,667,2489,38,7,1
361,668,2525,35,4,1
362,669,388,20,2,2
363,670,3955,42,11,2
364,671,336,1,1,0
365,681,21,280,4,0
366,683,14,136,0,0
367,687,31,168,0,0
368,690,88,1121,3,0
369,691,80,448,2,0
370,692,17,268,0,0
371,694,44,304,1,1
372,696,41,276,0,0
373,700,282,5675,32,2
374,701,44,370,2,0
375,703,161,1757,11,0
376,704,34,172,2,0
377,706,83,540,2,0
378,707,13,148,0,0
379,708,43,8,0,0
380,709,72,6,0,0
381,711,19,228,1,0
382,713,195,2436,9,0
383,715,20,10,0,0
384,716,123,249,0,0
385,717,187,2865,23,1
386,723,515,2345,11,2
387,724,81,536,2,0
388,726,373,1439,8,2
389,731,1475,65,4,0
390,732,1061,72,6,0
391,733,3083,238,20,0
392,734,366,10,1,0
393,735,309,7,0,0
394,736,333,11,0,1
395,737,252,3,1,0
396,738,577,13,0,1
397,739,2710,258,8,2
398,740,421,31,2,0
399,741,371,22,0,0
400,742,639,42,1,1
401,743,4656,928,34,5
402,744,2052,148,12,1
403,745,2273,274,8,2
404,746,1631,62,5,0
405,747,396,17,0,0
406,748,588,15,2,0
407,749,2008,71,6,2
408,750,1022,52,1,1
409,751,2153,77,3,2
410,754,756,7,1,0
411,755,1941,48,7,2
412,756,968,69,2,0
413,761,838,8,2,2
414,762,1989,3,3,1
415,763,1720,11,1,1
416,766,791,1,0,1
417,767,878,0,2,3
418,768,10889,75,28,5
419,769,2143,15,5,3
420,770,931,3,0,1
421,782,319,1,0,1
422,783,1085,7,0,1
423,784,1132,3,3,0
424,785,3946,27,12,2
425,786,581,2,0,0
426,791,1376,7,1,0
427,792,2125,12,2,3
428,793,1281,5,2,0
429,794,2720,25,2,1
430,841,821,20,0,0
431,842,726,9,0,0
432,843,5257,145,24,5
433,852,1632,3,0,0
434,853,1555,8,1,1
435,855,6265,44,6,3
436,861,8479,86,32,5
437,863,977,3,0,0
438,865,246,0,0,0
439,866,867,11,0,1
440,867,693,8,0,0
441,868,227,0,0,0
442,869,742,4,0,1
443,870,3000,56,13,6
444,872,782,10,1,3
445,873,283,3,0,0
446,874,193,1,0,0
447,875,176,2,0,2
448,876,1221,10,0,0
449,877,521,1,0,0
450,878,237,0,0,0
451,879,2387,9,1,3
452,880,1875,8,1,1
453,881,430,1,0,0
454,883,1939,5,2,0
455,884,2058,19,1,2
456,885,1549,8,3,0
457,886,2606,9,3,0
458,888,1220,6,3,1
459,901,2435,1,0,0
460,902,8362,28,6,5
461,903,2557,8,0,1
462,904,1244,1,0,0
463,905,2235,3,0,2
464,906,888,1,0,0
465,907,2696,15,2,0
466,908,1486,1,0,0
467,909,1384,1,0,0
468,921,733,5,2,0
469,922,1140,4,0,0
470,923,1449,3,2,0
471,924,484,0,1,0
472,925,687,2,0,0
473,927,599,4,3,1
474,928,4928,25,15,5
475,929,3483,28,6,3
476,931,466,1,1,2
477,932,222,0,0,0
478,934,1967,16,3,0
479,935,463,3,0,0
480,936,225,0,0,0
481,937,256,2,1,0
482,938,4110,21,4,4
483,939,12716,98,33,6
484,940,188,0,0,0
485,941,1806,16,2,0
486,942,34456,321,145,28
487,943,653,8,0,0
488,944,5317,36,10,1
489,945,902,2,0,0
490,946,281,0,0,0
491,947,235,0,0,0
492,948,628,5,0,0
493,951,1168,2,1,0
494,952,1018,3,0,0
495,953,1368,3,2,1
496,954,4326,13,11,2
497,955,3705,14,5,2
498,956,2802,12,4,0
499,957,4855,15,7,2
500,958,1082,2,2,0
501,959,540,1,0,0
502,960,1161,2,0,1
503,971,1233,5,5,0
504,972,51,0,0,0
505,973,663,6,0,0
506,975,213,2,0,0
507,976,300,3,0,0
508,977,940,3,3,0
509,978,99,0,0,1
510,979,5152,36,22,5
511,980,627,2,1,0
512,981,3214,21,9,1
513,982,1242,3,8,0
514,983,1244,6,5,0
515,985,635,2,0,0
516,987,442,1,2,0
517,988,1396,7,0,0
518,989,920,4,0,0
519,990,236,0,0,0
520,991,535,2,0,0
521,992,1631,10,3,3
522,993,367,2,1,0
523,995,2130,7,12,2
524,996,164,0,0,0
525,1001,635,0,0,0
526,1002,3157,8,10,1
527,1004,1565,2,1,2
528,1005,1631,3,1,0
529,1007,720,0,1,0
530,1008,3643,11,2,0
531,1009,1744,1,0,1
532,1010,4102,3,2,3
533,1021,875,1,1,1
534,1022,304,0,1,0
535,1023,1974,6,3,2
536,1024,18803,104,165,30
537,1025,681,1,0,0
538,1026,2703,11,5,6
539,1030,3885,18,8,1
540,1031,6203,33,29,4
541,1032,2297,7,4,1
542,1033,1652,2,0,3
543,1037,1725,3,1,4
544,1039,1414,3,1,2
545,1040,5658,30,25,2
546,1041,704,0,0,0
547,1051,4444,32,16,5
548,1052,3956,31,19,8
549,1053,1062,4,6,0
550,1054,8790,41,65,16
551,1055,756,8,2,0
552,1056,677,5,1,5
553,1057,292,0,0,0
554,1058,10036,71,65,12
555,1059,20476,117,160,27
556,1061,55430,540,498,114
557,1062,5488,10,8,3
558,1063,5269,42,29,3
559,1064,917,1,0,2
560,1065,2748,8,18,1
561,1066,1412,4,1,0
562,1067,1689,10,1,3
563,1068,874,5,4,0
564,1069,2815,26,9,4
565,1081,4845,10,9,3
566,1082,1431,2,7,0
567,1083,2396,5,1,0
568,1084,1180,5,1,1
569,1085,1448,4,4,1
570,1086,2465,1,3,1
571,1088,1556,4,4,2
572,1089,1490,5,1,1
573,1091,903,0,0,0
574,1093,5008,12,17,3
575,1094,2313,10,12,5
576,1095,2335,11,7,2
577,1097,2323,11,7,4
578,1098,5806,15,12,2
579,1099,1972,5,8,5
580,1100,538,1,0,0
581,1102,3133,17,6,5
582,1103,6350,22,33,6
583,1104,3338,12,15,2
584,1107,3506,4,9,4
585,1121,453,1,0,0
586,1122,783,1,0,0
587,1123,1070,1,1,0
588,1125,3700,13,7,4
589,1126,390,1,0,0
590,1127,1081,3,1,4
591,1128,1939,3,0,1
592,1129,598,0,3,0
593,1130,846,5,1,0
594,1131,738,2,0,1
595,1132,1738,1,0,2
596,1135,1473,0,0,0
597,1136,2577,4,3,0
598,1137,1569,4,4,1
599,1139,2135,7,2,2
600,1140,4707,8,21,6
601,1142,620,4,0,0
602,1143,2912,10,4,2
603,1145,768,4,0,2
604,1146,1115,1,8,2
605,1147,1145,6,6,0
606,1150,1775,5,0,2
607,1151,6449,7,12,2
608,1201,7017,15,42,14
609,1202,1188,4,7,11
610,1203,1421,2,2,1
611,1204,208,0,0,0
612,1205,3676,4,7,2
613,1206,3393,9,19,5
614,1207,1586,0,6,0
615,1208,475,0,1,2
616,1209,614,2,0,1
617,1210,199,0,1,3
618,1211,535,1,0,0
619,1212,145,0,0,0
620,1213,4444,11,14,5
621,1214,1442,1,6,2
622,1215,538,4,1,0
623,1216,1980,1,2,3
624,1217,316,0,1,0
625,1218,959,0,2,0
626,1219,754,0,2,0
627,1220,431,0,1,0
628,1301,10873,30,29,27
629,1311,1589,7,8,1
630,1321,3181,27,14,11
631,1322,10210,51,53,29
632,1323,4974,52,30,11
633,1331,8684,44,41,14
634,1341,3882,22,15,8
635,1342,3235,17,7,10
636,1343,160,0,3,1
637,1344,4604,15,29,14
638,1345,2195,6,11,8
639,1346,5269,10,19,11
640,1347,2178,3,13,4
641,1348,947,1,0,0
642,1349,3848,9,6,2
643,1361,426,0,0,0
644,1362,7507,31,29,16
645,1363,716,0,0,1
646,1364,6087,13,24,19
647,1365,834,3,1,0
648,1366,762,0,0,0
649,1367,3313,3,1,1
650,1368,672,2,0,1
651,1369,59,0,0,0
652,1370,1740,0,4,5
653,1371,1350,2,1,3
654,1372,11577,15,37,23
655,1373,2525,3,10,6
656,1374,817,0,1,1
657,1375,2121,4,4,1
658,1401,4187,7,11,2
659,1402,2824,21,7,8
660,1403,3161,3,3,2
661,1404,4735,10,1,1
662,1405,1809,6,2,1
663,1406,3731,14,4,4
664,1407,7777,29,21,10
665,1501,2618,13,6,4
666,1502,4195,15,24,10
667,1503,1538,3,1,2
668,1504,1017,2,10,0
669,1505,3550,19,17,8
670,1506,1717,10,8,0
671,1507,4079,41,25,7
672,1508,2684,5,10,2
673,1509,6116,29,29,7
674,1510,3649,38,28,5
675,1511,1756,6,2,1
676,1630,12021,47,93,20
677,1631,8554,22,60,21
678,1632,9014,25,57,10
679,1701,14175,147,114,19
680,1702,10332,92,60,22
681,1703,6042,68,27,8
682,1704,3687,39,18,7
683,1705,1557,14,7,5
684,1706,3977,20,13,9
685,1707,5403,56,23,4
686,1708,6885,69,51,13
687,1709,5807,43,17,13
688,1710,2237,30,10,3
689,1711,16667,209,203,48
690,2004,2,236,1,0
691,2005,46,393,2,1
692,2008,31,217,3,0
693,2009,23,285,0,0
694,2010,64,570,0,1
695,2011,34,956,6,0
696,2013,115,1716,2,0
697,2014,14,515,2,0
698,2015,251,3184,12,2
699,2016,12,521,0,0
700,2022,136,366,3,0
701,2024,40,442,1,0
702,2025,38,572,2,0
703,2027,13,267,0,0
704,2029,85,1543,3,0
705,2033,10,106,0,0
706,2034,28,386,2,0
707,2035,10,271,0,0
708,2038,5,49,0,0
709,2039,3,224,0,0
710,2040,3,184,0,0
711,2041,73,995,2,0
712,2043,9,126,0,0
713,2044,12,279,1,0
714,2045,27,216,0,0
715,2047,15,230,1,1
716,2049,3,158,0,0
717,2050,53,881,5,0
718,2051,80,549,1,0
719,2052,34,741,6,0
720,2061,4,167,0,0
721,2063,13,566,0,1
722,2066,11,178,0,0
723,2067,2,323,0,0
724,2068,47,463,2,0
725,2072,7,239,2,0
726,2079,1,152,0,0
727,2086,6,382,0,0
728,2087,13,856,1,0
729,2089,5,155,0,0
730,2096,85,2681,7,0
731,2097,11,883,1,1
732,2099,33,1676,2,0
733,2102,32,1696,4,0
734,2111,25,772,1,0
735,2113,41,1674,1,0
736,2114,29,994,2,0
737,2115,28,593,2,0
738,2116,17,791,1,0
739,2121,38,1221,0,1
740,2122,83,1148,3,0
741,2123,15,344,3,0
742,2124,52,1598,6,0
743,2125,340,10311,33,3
744,2128,17,162,0,0
745,2129,21,511,0,0
746,2130,22,172,1,0
747,2131,17,474,1,0
748,2134,12,556,0,0
749,2135,52,1322,3,2
750,2137,23,405,1,0
751,2138,611,65,0,0
752,2140,43,1210,3,0
753,2143,13,422,1,0
754,2145,32,830,0,0
755,2147,21,414,1,0
756,2148,48,1417,4,2
757,2149,38,1147,2,0
758,2152,16,1106,0,0
759,2153,20,744,1,1
760,2155,16,810,1,1
761,2160,28,1482,4,0
762,2162,19,866,0,0
763,2163,137,1576,3,0
764,2171,38,582,1,0
765,2172,11,69,0,0
766,2173,16,551,2,0
767,2174,103,1023,7,0
768,2175,159,1711,6,0
769,2177,21,498,0,0
770,2179,15,85,0,0
771,2183,127,1363,5,0
772,2184,41,703,5,1
773,2185,4,248,2,0
774,2186,39,846,5,0
775,2189,95,861,2,1
776,2192,74,1548,4,1
777,2194,16,154,0,0
778,2196,6924,17689,653,40
779,2197,282,1421,30,0
780,2198,289,1310,7,2
781,2200,86,1251,7,0
782,2206,1139,4609,75,10
783,2208,86,1010,6,0
784,2211,109,1394,6,3
785,2213,29,421,0,0
786,2216,37,91,2,0
787,2217,43,423,1,0
788,2220,231,2085,10,0
789,2221,47,694,2,0
790,2222,58,959,4,0
791,2223,32,820,1,0
792,2225,5,101,0,0
793,2226,41,1125,5,1
794,2228,900,5817,66,3
795,2230,5,61,0,0
796,2231,19,591,1,0
797,2233,150,1358,8,0
798,2234,52,1156,1,1
799,2235,70,684,5,0
800,2243,112,365,2,0
801,2250,450,211,3,0
802,2251,235,10,0,0
803,2254,658,1150,8,2
804,2257,273,344,2,0
805,2258,449,4,2,0
806,2259,486,27,2,0
807,2260,266,2,0,0
808,2261,130,8,1,0
809,2262,2986,144,4,1
810,2264,345,16,0,1
811,2265,3159,77,10,2
812,2266,466,15,4,0
813,2270,175,2,0,0
814,2271,404,67,1,0
815,2272,112,1010,3,0
816,2274,587,44,3,0
817,2275,4039,504,21,5
818,2276,736,17,2,0
819,2277,382,8,0,0
820,2278,339,9,0,0
821,2279,87,341,0,0
822,2280,480,850,5,0
823,2281,368,564,9,0
824,2283,133,161,1,1
825,2291,1713,42,1,1
826,2292,538,6,0,0
827,2293,5778,265,8,0
828,2294,1268,86,1,0
829,2295,2783,41,15,2
830,2296,1059,7,1,0
831,2298,954,23,2,0
832,2299,1733,39,2,1
833,2300,873,20,1,0
834,2301,969,37,1,0
835,2302,1823,24,1,0
836,2303,898,38,0,0
837,2304,1014,99,0,0
838,2305,2897,62,8,3
839,2306,2220,104,4,1
840,2307,966,103,1,0
841,2308,2034,18,3,2
842,2309,4054,75,7,3
843,2310,438,6,0,0
844,2321,73,1895,5,2
845,2323,41,855,2,0
846,2325,96,3413,15,0
847,2328,21,556,1,0
848,2333,8,652,1,0
849,2335,17,748,0,0
850,2336,23,923,6,0
851,2337,18,787,2,1
852,2338,9,791,2,0
853,2401,2270,10,10,2
854,2402,1054,4,4,0
855,2403,1501,10,6,1
856,2404,1648,5,2,0
857,2405,858,1,1,0
858,2406,1427,8,5,1
859,2407,3360,16,10,3
860,2408,1827,2,5,0
861,2421,522,1,0,1
862,2422,4151,27,17,1
863,2423,80,4,0,0
864,2424,530,3,0,0
865,2425,533,2,0,0
866,2426,1474,6,1,3
867,2427,1222,3,1,0
868,2428,2293,5,5,1
869,2429,1066,10,4,1
870,2445,283,4,0,0
871,2455,632,5,1,0
872,2456,362,3,0,0
873,2457,1310,11,1,0
874,2461,897,10,0,2
875,2463,297,1,0,0
876,2464,859,8,0,1
877,2465,2320,17,2,1
878,2471,837,16,4,0
879,2472,818,3,5,1
880,2473,4380,61,31,6
881,2474,635,8,2,0
882,2475,1032,4,2,0
883,2476,2365,31,8,0
884,2477,766,5,0,0
885,2478,1218,5,1,0
886,2479,1175,16,0,1
887,2480,878,5,1,1
888,2481,1139,25,3,0
889,2491,253,0,0,3
890,2492,496,4,0,0
891,2493,3149,11,9,3
892,2495,2772,16,25,1
893,2497,1523,10,7,1
894,2498,106,0,0,0
895,2499,894,5,1,5
896,2500,4161,25,35,5
897,2501,1514,4,12,1
898,2502,402,0,1,3
899,2503,2480,18,11,2
900,2511,1080,2,1,0
901,2513,5954,37,25,2
902,2514,453,9,0,0
903,2516,1792,9,4,0
904,2517,4362,26,23,1
905,2518,734,4,0,0
906,2519,2942,25,15,2
907,2520,749,4,1,0
908,2523,771,4,4,0
909,2524,66,0,0,0
910,2525,1025,6,0,0
911,2526,2149,19,7,1
912,2527,2612,9,17,2
913,2528,988,6,5,0
914,2529,628,4,0,0
915,2530,1454,2,3,1
916,2532,2234,13,8,1
917,2534,5437,60,43,4
918,2535,664,1,0,0
919,2541,176,1,0,0
920,2542,3694,31,26,3
921,2543,3818,64,17,3
922,2544,704,6,3,0
923,2545,917,2,0,1
924,2546,11416,371,115,16
925,2547,1076,6,2,1
926,2548,639,3,1,0
927,2549,37,0,0,0
928,2550,2953,26,23,2
929,2551,1288,11,3,0
930,2553,1478,20,2,2
931,2554,1690,8,4,2
932,2555,1313,13,1,1
933,2556,2471,31,8,0
934,2571,574,1,2,0
935,2572,2086,6,8,1
936,2573,3120,22,41,1
937,2574,233,0,1,1
938,2575,1291,6,0,3
939,2576,2053,7,9,1
940,2578,1297,4,4,2
941,2579,3560,19,23,2
942,2580,2169,20,14,1
943,2581,12141,137,112,16
944,2582,797,5,2,2
945,2583,3044,40,35,4
946,2584,1108,4,2,0
947,2585,606,2,0,0
948,2586,3721,25,22,3
949,2601,11885,157,62,12
950,2611,812,8,1,1
951,2612,299,3,0,0
952,2613,2406,19,8,2
953,2614,1636,12,5,1
954,2615,881,11,0,0
955,2616,483,8,1,0
956,2617,470,1,0,0
957,2618,861,5,3,0
958,2619,1137,10,3,2
959,2620,572,3,1,3
960,2621,1693,8,2,1
961,2622,552,3,0,2
962,2701,109012,2963,1648,162
963,2702,936,9,3,0
964,2703,16886,313,119,25
965,2761,7371,104,76,9
966,2762,14305,305,124,15
967,2763,6537,126,39,8
968,2764,2378,43,5,2
969,2765,10569,296,126,19
970,2766,7555,157,117,9
971,2767,4267,113,30,4
972,2768,4051,44,16,2
973,2769,9229,157,82,7
974,2770,13321,220,102,15
975,2771,7540,155,43,6
976,2772,1822,20,7,2
977,2773,14903,260,112,8
978,2774,1126,17,4,0
979,2775,7147,106,31,6
980,2781,611,10,0,0
981,2782,1286,6,5,0
982,2783,213,1,2,0
983,2784,632,7,2,1
984,2785,1025,20,3,1
985,2786,1088,20,1,2
986,2787,3618,60,34,3
987,2788,1030,15,5,0
988,2789,335,2,2,0
989,2790,298,7,1,0
990,2791,1482,15,3,0
991,2792,1159,7,3,0
992,2793,1632,32,8,1
993,2821,1218,11,7,0
994,2822,729,15,6,1
995,2823,3672,24,5,2
996,2824,4102,31,37,2
997,2825,3104,46,14,3
998,2826,717,9,5,0
999,2827,252,0,0,0
1000,2828,3467,31,42,3
1001,2829,9373,92,59,10
1002,2830,1128,8,2,0
1003,2831,9085,106,107,16
1004,2832,560,9,1,0
1005,2833,1123,17,1,1
1006,2834,1220,10,3,0
1007,2841,459,2,0,0
1008,2842,589,8,5,1
1009,2843,566,3,2,0
1010,2844,848,1,0,0
1011,2845,430,0,2,0
1012,2846,4401,38,21,3
1013,2847,239,1,0,0
1014,2848,274,0,1,0
1015,2849,1329,11,5,1
1016,2850,418,1,4,1
1017,2851,103,4,0,0
1018,2852,1120,4,6,0
1019,2853,819,6,3,0
1020,2854,196,1,0,1
1021,2855,372,1,0,0
1022,2856,1667,8,4,1
1023,2857,465,1,0,0
1024,2858,636,7,3,0
1025,2859,298,0,0,0
1026,2860,667,4,1,1
1027,2861,4307,24,20,5
1028,2862,611,2,2,1
1029,2863,855,3,2,0
1030,2864,973,4,2,0
1031,2865,633,2,0,0
1032,2866,538,4,0,0
1033,2867,325,1,0,0
1034,2868,422,1,2,0
1035,2869,2043,10,15,1
1036,2881,449,5,0,0
1037,2882,567,3,0,0
1038,2883,660,4,2,0
1039,2884,1299,6,5,0
1040,2885,517,1,1,0
1041,2886,1752,11,7,0
1042,2887,424,4,2,0
1043,2888,761,6,3,1
1044,2889,300,0,0,0
1045,2890,145,1,0,0
1046,2891,1475,9,11,3
1047,2892,1870,13,6,5
1048,2893,1370,14,6,2
1049,2894,370,1,0,0
1050,2895,916,4,6,1
1051,2901,810,3,1,1
1052,2903,1024,4,1,0
1053,2904,1525,6,8,1
1054,2914,318,0,3,0
1055,2915,706,0,3,1
1056,2917,598,3,1,1
1057,2919,748,2,3,0
1058,2920,3890,16,21,6
1059,2931,224,0,0,0
1060,2932,2845,15,19,3
1061,2933,726,6,2,1
1062,2936,619,1,1,0
1063,2937,6551,36,54,12
1064,2938,577,4,2,1
1065,2939,24639,146,178,35
1066,2951,468,1,1,0
1067,2952,1553,4,2,0
1068,2953,655,0,1,0
1069,2961,243,1,0,0
1070,2962,352,3,0,0
1071,2963,1131,2,0,0
1072,2964,2366,13,4,6
1073,2971,1762,6,6,0
1074,2972,373,0,0,1
1075,2973,477,0,1,0
1076,2974,1494,3,9,2
1077,3001,12318,37,57,14
1078,3002,982,0,0,0
1079,3003,437,0,0,0
1080,3004,1388,4,1,0
1081,3005,1289,4,0,2
1082,3006,2052,1,8,2
1083,3007,1456,4,0,1
1084,3021,1167,7,8,4
1085,3022,2430,6,8,2
1086,3023,3368,8,7,12
1087,3024,4875,34,19,8
1088,3025,1651,3,9,1
1089,3031,916,3,3,3
1090,3032,3151,8,9,3
1091,3033,1078,0,1,1
1092,3034,1596,5,3,0
1093,3035,655,3,1,1
1094,3036,773,5,4,2
1095,3037,1803,8,3,4
1096,3038,1489,3,7,6
1097,3101,4334,10,13,3
1098,3102,1343,1,2,0
1099,3103,2759,2,3,3
1100,3104,1098,5,0,0
1101,3105,1747,5,6,3
1102,3111,1658,0,2,2
1103,3201,1059,1,0,2
1104,3202,1020,2,0,1
1105,3203,50966,434,444,125
1106,3204,6529,20,21,8
1107,3211,744,1,2,3
1108,3212,1874,12,7,2
1109,3213,6667,13,28,9
1110,3214,2865,11,6,3
1111,3215,5028,28,41,12
1112,3216,4975,13,26,5
1113,3217,2281,8,7,6
1114,3218,917,4,7,0
1115,3219,847,1,1,1
1116,3231,4388,13,15,6
1117,3232,3079,10,9,4
1118,3233,2769,3,7,1
1119,3234,4064,9,8,2
1120,3235,2115,4,11,7
1121,3236,3215,12,17,12
1122,3237,4888,11,11,9
1123,3238,5584,16,21,8
1124,3251,8208,9,32,22
1125,3252,1112,2,1,1
1126,3253,1466,4,2,4
1127,3254,6622,5,13,5
1128,3255,2922,7,13,5
1129,3256,1596,2,2,2
1130,3271,7551,32,42,37
1131,3272,2480,5,9,5
1132,3273,5332,12,15,13
1133,3274,3609,6,13,11
1134,3275,3109,4,10,23
1135,3276,3715,7,26,11
1136,3291,3659,18,15,44
1137,3292,3881,4,3,4
1138,3293,6662,7,19,32
1139,3294,1505,1,2,8
1140,3295,2199,6,5,11
1141,3296,3762,14,19,21
1142,3297,3462,5,9,22
1143,3298,3672,21,26,13
1144,3311,1395,3,5,0
1145,3312,1976,2,2,5
1146,3313,2887,6,9,8
1147,3315,3115,8,5,8
1148,3316,1222,5,7,1
1149,3338,2262,6,9,1
1150,3339,3852,6,12,22
1151,3340,18900,125,143,65
1152,3341,4151,13,10,6
1153,3342,6663,20,13,11
1154,3352,4144,11,19,7
1155,3359,2360,6,1,3
1156,3360,3655,8,6,5
1157,3372,911,0,0,0
1158,3374,1495,3,10,1
1159,3375,1250,2,3,2
1160,3378,4067,9,11,3
1161,3379,6451,17,42,4
1162,3392,5998,11,21,7
1163,3393,1246,0,4,4
1164,3394,2821,2,2,3
1165,3395,3880,6,11,5
1166,3401,3206,8,9,5
1167,3402,6792,20,27,6
1168,3405,2829,6,7,1
1169,3407,4703,12,17,8
1170,3408,8997,35,55,19
1171,3422,1309,1,2,1
1172,3423,2425,2,3,1
1173,3424,3419,4,3,2
1174,3426,3342,2,4,0
1175,3427,15482,55,76,29
1176,3441,1426,5,2,1
1177,3442,6513,25,24,10
1178,3443,13504,35,61,23
1179,3444,2836,13,3,1
1180,3503,77,0,0,1
1181,3506,2051,8,18,243
1182,3513,242,4,1,178
1183,3514,223,0,0,3
1184,3521,400,0,1,55
1185,3522,372,3,6,14
1186,3531,108,0,54,25
1187,3532,57,1,2,99
1188,3533,27,1,2,17
1189,3534,14,0,0,19
1190,3536,106,0,3,209
1191,3538,34,0,2,158
1192,3539,288,2,17,462
1193,3540,17,0,1,70
1194,3541,129,3,2,184
1195,3542,853,2,12,410
1196,3551,63,2,1030,8
1197,3561,248,21,2795,14
1198,3572,134,2,5,338
1199,3575,518,3,6,456
1200,3581,228,0,0,340
1201,3582,146,2,4,320
1202,3603,844,1,6,25
1203,3611,30,1,0,199
1204,3612,717,3,1,38
1205,3616,119,1,1,243
1206,3617,154,0,0,149
1207,3618,275,3,3,1960
1208,3619,1984,15,27,2193
1209,3633,278,0,4,10
1210,3637,325,0,6,32
1211,3638,756,1,7,17
1212,3640,709,4,6,14
1213,3661,1673,2,23,80
1214,3662,150,0,1,6
1215,3663,329,2,0,12
1216,3668,1870,5,29,107
1217,3669,147,0,0,2
1218,3670,78,0,0,0
1219,3672,904,0,6,10
1220,3673,1612,6,8,106
1221,3681,148,0,2,3
1222,3691,76,0,0,1
1223,3693,122,2,0,0
1224,3694,346,1,5,8
1225,3695,105,0,0,4
1226,3701,594,2,5,83
1227,3703,23,0,1,31
1228,3705,78,0,2,106
1229,3707,24,0,0,26
1230,3708,24,0,0,28
1231,3711,47,0,0,5
1232,3712,254,3,4,41
1233,3713,89,1,1,3
1234,3721,1980,8,22,130
1235,3722,4122,15,104,700
1236,3723,869,5,8,120
1237,3731,1770,6,11,60
1238,3732,1830,15,11,297
1239,3733,948,6,8,41
1240,3734,772,3,12,219
1241,3746,360,3,23,832
1242,3752,622,1,4,6
1243,3762,1302,27,38,2403
1244,3764,141,0,3,644
1245,3781,392,5,32,117
1246,3782,716,5,79,165
1247,3783,80,1,15,39
1248,3784,1112,15,118,172
1249,3785,411,4,24,133
1250,3786,1713,13,269,503
1251,3787,2774,38,403,260
1252,3788,203,2,8,316
1253,3789,402,5,37,90
1254,3790,510,2,71,97
1255,3791,581,14,57,347
1256,3792,273,2,1039,38
1257,3804,7,1,96,0
1258,3805,35,4,163,0
1259,3808,15,4,103,0
1260,3810,8,3,96,0
1261,3821,83,4,489,3
1262,3822,72,5,981,2
1263,3823,11,0,281,0
1264,3831,24,4,360,0
1265,3832,53,6,609,0
1266,3833,12,0,97,0
1267,3834,65,13,1705,4
1268,3835,47,7,524,1
1269,3836,21,0,122,0
1270,3837,43,2,153,0
1271,3847,319,4,7,1180
1272,3851,8744,57,75,177
1273,3861,540,0,2,4
1274,3862,203,0,0,0
1275,3863,1014,2,2,9
1276,3871,3179,20,17,32
1277,3881,182,0,0,2
1278,3882,737,1,5,3
1279,3883,717,2,2,3
1280,3891,1061,1,0,4
1281,3893,340,0,0,1
1282,3901,24195,101,690,1757
1283,3911,1656,5,9,55
1284,3921,2927,13,30,40
1285,3926,472,0,5,10
1286,3932,304,0,0,2
1287,3941,709,1,15,16
1288,3945,2585,6,20,59
1289,3946,1836,2,16,46
1290,3947,2480,9,17,57
1291,3951,504,0,1,4
1292,3952,655,3,0,9
1293,3953,2113,3,12,32
1294,3954,1735,5,6,24
1295,3955,5982,25,75,198
1296,3961,1591,3,2,11
1297,3962,2216,4,22,31
1298,3972,1170,1,5,8
1299,3981,152,2,5,944
1300,3982,402,3,15,1631
1301,3983,26,0,2,450
1302,3985,127,6,7,1151
1303,3986,269,2,4,1002
1304,3987,189,2,9,1104
1305,4001,13815,151,110,14
1306,4002,1007,6,5,3
1307,4003,4169,29,40,2
1308,4004,681,1,1,0
1309,4005,2733,17,9,3
1310,4006,5137,14,31,9
1311,4007,1061,3,7,0
1312,4008,4152,31,21,2
1313,4009,2746,22,14,4
1314,4010,5112,38,42,3
1315,4012,6143,67,45,6
1316,4013,2605,32,14,5
1317,4021,11585,168,90,17
1318,4022,1151,6,1,3
1319,4023,2021,28,11,4
1320,4024,1904,8,2,0
1321,4026,2245,53,24,6
1322,4027,3861,36,18,3
1323,4028,683,11,4,0
1324,4029,3002,34,31,1
1325,4030,1095,8,11,7
1326,4031,1270,6,2,5
1327,4032,1237,6,9,3
1328,4033,2960,19,19,4
1329,4034,4368,28,53,10
1330,4035,2050,16,4,4
1331,4037,2778,26,12,3
1332,4038,5072,77,26,7
1333,4039,1526,11,6,4
1334,4040,4598,69,70,9
1335,4041,1286,10,4,0
1336,4042,1389,19,21,2
1337,4044,4401,60,33,11
1338,4045,13040,135,141,23
1339,4046,1104,5,3,2
1340,4047,2858,19,13,3
1341,4048,4151,47,21,7
1342,4049,2808,27,16,10
1343,4061,1169,16,6,0
1344,4062,3765,37,18,13
1345,4063,5023,35,23,4
1346,4064,619,3,2,2
1347,4065,1892,8,24,4
1348,4066,602,5,1,0
1349,4067,1143,5,3,3
1350,4068,1743,4,5,3
1351,4071,1404,8,9,3
1352,4072,2152,14,8,6
1353,4073,1266,9,4,4
1354,4074,1594,16,9,3
1355,4075,2954,27,29,8
1356,4076,1924,6,5,2
1357,4077,1039,3,2,2
1358,4078,329,2,1,0
1359,4079,1108,2,5,4
1360,4080,4109,21,28,13
1361,4081,3154,35,12,13
1362,4082,9014,53,89,10
1363,4083,2900,20,16,8
1364,4084,373,1,0,0
1365,4091,1220,3,2,1
1366,4092,1812,31,23,1
1367,4093,614,6,3,0
1368,4094,540,2,0,0
1369,4095,7651,90,53,10
1370,4096,560,3,0,0
1371,4097,222,1,1,0
1372,4099,342,4,5,0
1373,4100,1995,17,8,3
1374,4104,1469,9,7,6
1375,4105,305,0,0,0
1376,4106,370,3,1,0
1377,4107,716,7,5,1
1378,4110,922,16,4,0
1379,4111,1140,10,7,0
1380,4112,663,4,1,1
1381,4113,536,8,1,0
1382,4114,894,10,3,1
1383,4117,724,1,2,1
1384,4120,1125,2,4,1
1385,4121,1406,13,11,2
1386,4122,1071,11,6,2
1387,4123,4484,20,42,8
1388,4124,1388,7,1,1
1389,4125,1912,5,3,5
1390,4131,2335,10,10,1
1391,4132,835,7,3,0
1392,4133,659,1,2,0
1393,4134,936,4,3,0
1394,4135,1781,9,2,0
1395,4136,987,8,3,0
1396,4137,376,0,3,0
1397,4138,628,1,2,0
1398,4139,3847,17,13,5
1399,4140,1901,11,3,2
1400,4141,5052,26,23,6
1401,4142,841,1,0,2
1402,4143,1111,6,2,0
1403,4144,2671,14,14,2
1404,4145,1217,2,0,0
1405,4146,1994,10,15,1
1406,4147,1143,3,0,2
1407,4161,1527,5,5,0
1408,4163,2942,12,8,2
1409,4164,879,5,1,0
1410,4165,2520,17,8,0
1411,4166,996,3,2,0
1412,4167,691,6,3,1
1413,4169,1985,12,8,3
1414,4170,2318,21,23,2
1415,4172,552,0,5,0
1416,4173,484,3,0,0
1417,4175,709,1,0,0
1418,4176,569,3,6,0
1419,4177,1026,4,5,0
1420,4179,610,3,0,1
1421,4181,1010,4,2,0
1422,4182,732,1,1,0
1423,4183,770,2,2,0
1424,4184,1813,7,5,2
1425,4191,557,3,1,1
1426,4192,1129,9,2,1
1427,4193,422,5,3,0
1428,4194,1145,3,2,1
1429,4195,1129,4,0,1
1430,4196,1331,4,6,1
1431,4197,589,0,0,0
1432,4198,804,1,1,2
1433,4199,598,2,2,0
1434,4200,2050,7,10,2
1435,4201,5048,46,50,14
1436,4202,1728,6,7,1
1437,4203,2854,15,11,1
1438,4204,2791,17,21,5
1439,4205,1673,8,9,1
1440,4206,3049,12,14,3
1441,4207,2122,7,14,3
1442,4208,2257,15,5,1
1443,4209,3724,21,17,9
1444,4210,1841,6,11,4
1445,4221,630,1,2,0
1446,4222,1078,8,1,6
1447,4223,1094,10,0,1
1448,4224,894,0,1,1
1449,4226,474,0,0,0
1450,4227,540,3,0,1
1451,4228,2014,1,11,0
1452,4229,785,6,3,0
1453,4230,1039,7,5,1
1454,4231,958,6,5,4
1455,4232,126,3,0,0
1456,4233,243,1,0,1
1457,4234,2319,11,3,3
1458,4235,889,2,2,0
1459,4236,5397,16,21,4
1460,4237,1030,1,4,4
1461,4238,726,8,0,0
1462,4239,2808,10,2,9
1463,4240,1849,9,6,1
1464,4251,691,1,0,2
1465,4252,3117,58,18,1
1466,4253,2672,44,11,1
1467,4254,6565,50,51,7
1468,4255,812,4,8,3
1469,4256,874,4,1,0
1470,4257,352,4,2,0
1471,4258,7610,104,41,9
1472,4259,652,1,0,0
1473,4260,1758,8,16,0
1474,4261,1371,14,6,0
1475,4262,921,3,0,0
1476,4263,1631,6,3,3
1477,4264,689,1,0,0
1478,4271,4001,31,44,2
1479,4272,291,0,0,0
1480,4273,769,2,3,1
1481,4274,3147,12,9,2
1482,4275,672,2,2,1
1483,4276,3352,17,16,2
1484,4277,680,1,2,1
1485,4279,2308,5,8,0
1486,4280,7188,58,64,9
1487,4281,1030,2,1,0
1488,4282,5504,25,19,6
1489,4283,2740,11,8,3
1490,4284,913,3,2,0
1491,4285,3161,13,21,0
1492,4286,1175,9,4,0
1493,4287,1683,3,9,1
1494,4288,151,0,0,0
1495,4289,7743,60,63,9
1496,4301,236,1,0,0
1497,4302,297,0,1,0
1498,4303,2431,16,12,2
1499,4304,2048,15,17,1
1500,4305,1857,18,9,1
1501,4306,309,5,0,1
1502,4307,735,3,4,1
1503,4308,332,1,0,2
1504,4309,2157,13,7,6
1505,4310,1097,5,5,1
1506,4311,983,1,4,1
1507,4312,1977,8,6,4
1508,4313,1874,16,9,1
1509,4314,216,1,1,0
1510,4315,723,2,2,0
1511,4316,416,5,3,1
1512,4317,208,0,0,0
1513,4318,1117,6,3,0
1514,4319,433,1,0,0
1515,4320,901,4,0,0
1516,4322,332,0,0,0
1517,4323,2685,19,19,4
1518,4401,9029,46,55,26
1519,4406,449,0,0,0
1520,4411,3581,21,14,4
1521,4416,1013,4,2,3
1522,4421,1946,6,8,4
1523,4426,723,3,2,2
1524,4431,2209,4,11,1
1525,4436,6487,31,41,6
1526,4441,995,3,1,5
1527,4446,484,1,0,1
1528,4451,1205,3,9,1
1529,4461,8204,23,76,13
1530,4471,4112,18,25,6
1531,4476,2463,13,16,1
1532,4486,1714,2,2,0
1533,4495,551,0,0,0
1534,4501,2387,2,18,3
1535,4506,2690,9,15,3
1536,4511,1696,5,4,1
1537,4536,1390,3,2,1
1538,4545,2218,13,11,0
1539,4546,1371,10,0,3
1540,4551,6169,30,28,7
1541,4561,1739,7,4,4
1542,4566,16102,88,115,22
1543,4571,2563,7,8,4
1544,4590,779,5,1,0
1545,4591,1842,8,5,0
1546,4601,879,8,2,0
1547,4606,915,3,3,0
1548,4611,1153,1,2,4
1549,4616,982,0,5,0
1550,4621,1068,3,0,0
1551,4641,1544,5,4,2
1552,4643,1311,16,4,1
1553,4646,1955,4,8,4
1554,4651,219,1,0,0
1555,4656,1102,6,1,1
1556,4666,2052,1,1,1
1557,4671,9711,62,77,13
1558,4681,944,1,0,4
1559,4683,1055,0,4,1
1560,4691,1888,11,9,6
1561,4696,2492,11,8,1
1562,4701,835,3,0,1
1563,4711,1853,4,3,5
1564,4716,779,0,3,4
1565,4721,2057,6,6,1
1566,4723,635,1,0,1
1567,4724,2716,9,11,2
1568,4726,2395,5,5,3
1569,4741,874,2,5,3
1570,4746,3528,22,17,4
1571,4751,1631,5,11,6
1572,4756,716,0,0,0
1573,4761,4747,20,24,2
1574,4776,1126,7,2,3
1575,4781,3325,9,9,4
1576,4786,1631,4,2,1
1577,4791,954,0,2,5
1578,4801,723,4,2,0
1579,4806,1293,5,1,0
1580,4811,889,5,2,4
1581,4816,1374,1,1,1
1582,4821,1254,3,3,5
1583,4826,404,1,3,0
1584,4831,1976,7,9,8
1585,4841,1539,4,5,1
1586,4846,405,1,0,0
1587,4851,925,2,1,3
1588,4864,2483,13,19,1
1589,4871,1288,4,2,1
1590,4881,1132,3,0,2
1591,4891,2580,9,5,3
1592,4901,1128,4,2,1
1593,4911,2273,10,9,6
1594,4921,1985,4,1,2
1595,4941,1984,11,4,2
1596,4946,7367,20,30,13
1597,4951,1837,3,4,0
1598,5001,125,37,2465,0
1599,5002,527,141,10547,11
1600,5003,87,24,1049,1
1601,5004,113,26,1712,2
1602,5005,270,57,4896,8
1603,5006,9,6,445,0
1604,5007,17,9,538,1
1605,5008,63,5,500,0
1606,5009,7,7,304,0
1607,5010,44,9,875,2
1608,5012,6,2,84,0
1609,5013,66,16,1550,2
1610,5014,35,10,404,0
1611,5015,25,5,418,1
1612,5017,106,11,1249,5
1613,5018,31,0,124,1
1614,5019,124,31,1738,4
1615,5048,122,20,1445,4
1616,5049,64,8,1480,3
1617,5050,101,47,1502,3
1618,5061,57,7,1130,1
1619,5063,3,3,62,0
1620,5064,12,6,588,0
1621,5071,2,1,132,0
1622,5072,144,33,2080,1
1623,5073,14,2,642,0
1624,5076,3,1,289,0
1625,5077,7,10,431,0
1626,5078,6,1,288,0
1627,5079,23,4,755,0
1628,5081,14,1,58,0
1629,5091,924,94,2532,10
1630,5095,14,7,165,0
1631,5096,143,7,256,0
1632,5097,365,20,1136,4
1633,5102,3,0,19,0
1634,5105,1,1,94,0
1635,5108,362,40,2743,4
1636,5109,1,1,33,0
1637,5112,95,8,726,0
1638,5113,1353,158,7661,22
1639,5115,596,85,3884,3
1640,5117,43,4,129,0
1641,5118,979,113,3701,6
1642,5119,11,0,42,0
1643,5120,470,47,1347,6
1644,5121,274,16,408,6
1645,5125,180,7,334,0
1646,5129,2,2,79,0
1647,5131,252,28,1278,3
1648,5132,3,0,60,0
1649,5135,41,0,253,0
1650,5136,47,12,245,0
1651,5137,68,27,233,0
1652,5138,295,29,1588,0
1653,5141,354,69,2113,4
1654,5143,35,5,194,1
1655,5144,89,18,758,1
1656,5146,69,9,182,1
1657,5148,83,14,879,2
1658,5149,53,10,424,1
1659,5151,182,27,1537,3
1660,5154,63,9,454,0
1661,5160,53,9,322,0
1662,5161,89,11,362,1
1663,5162,70,18,823,2
1664,5167,73,21,1370,3
1665,5171,482,62,1945,5
1666,5176,137,32,1257,1
1667,5178,112,18,605,0
1668,5180,86,23,953,1
1669,5181,84,19,344,0
1670,5186,23,5,207,0
1671,5187,73,11,742,0
1672,5189,64,12,770,4
1673,5192,3460,905,31369,70
1674,5193,170,27,855,1
1675,5194,67,15,743,0
1676,5195,30,10,377,1
1677,5196,312,101,2898,7
1678,5197,84,9,757,0
1679,5198,156,17,833,0
1680,5199,64,16,734,0
1681,5200,20,8,152,0
1682,5202,109,17,523,0
1683,5203,89,11,437,2
1684,5205,65,15,497,0
1685,5206,43,6,240,1
1686,5207,91,16,527,3
1687,5208,132,20,839,2
1688,5210,301,71,1320,2
1689,5212,180,32,1075,1
1690,5213,81,17,476,1
1691,5214,115,23,894,2
1692,5216,163,29,633,0
1693,5219,68,7,480,0
1694,5221,136,33,1280,2
1695,5222,98,16,400,1
1696,5225,112,43,988,1
1697,5226,433,101,4234,7
1698,5227,174,34,1670,6
1699,5230,60,6,243,1
1700,5231,90,21,1053,3
1701,5233,46,13,132,0
1702,5236,345,69,2422,10
1703,5237,95,23,913,2
1704,5238,145,51,2499,1
1705,5242,86,31,2562,0
1706,5249,109,18,1534,1
1707,5250,162,58,4518,4
1708,5251,102,30,1960,3
1709,5254,622,151,9824,14
1710,5257,187,42,2949,4
1711,5260,78,20,1899,2
1712,5263,101,20,1804,1
1713,5266,297,36,2465,2
1714,5268,98,37,1995,1
1715,5269,116,14,1542,1
1716,5281,109,37,3427,4
1717,5282,121,18,1632,1
1718,5283,31,4,385,0
1719,5284,12,2,366,1
1720,5285,25,15,1010,3
1721,5286,28,3,540,0
1722,5304,23,2,35,7
1723,5307,5,0,45,0
1724,5309,5,1,49,0
1725,5310,88,17,924,1
1726,5315,6,0,23,0
1727,5317,186,23,1807,1
1728,5323,20,4,484,0
1729,5324,121,29,1036,3
1730,5396,320,55,1578,7
1731,5397,193,17,847,2
1732,5398,640,58,2876,4
1733,5401,215,4828,34,5
1734,5402,176,4074,14,1
1735,5403,2,266,2,0
1736,5404,8,311,0,0
1737,5405,36,751,7,0
1738,5406,32,645,6,1
1739,5407,70,1276,12,1
1740,5408,30,530,4,0
1741,5409,203,4086,17,2
1742,5410,32,945,4,0
1743,5411,44,1018,6,0
1744,5412,19,421,1,0
1745,5413,15,762,1,0
1746,5414,167,2490,27,0
1747,5415,29,797,9,0
1748,5421,74,948,10,0
1749,5422,128,1950,14,2
1750,5423,16,286,1,0
1751,5424,4,192,2,0
1752,5425,48,1048,6,2
1753,5426,26,268,2,0
1754,5427,37,451,0,0
1755,5428,39,1125,4,1
1756,5429,30,264,0,0
1757,5430,9,286,2,1
1758,5431,11,242,3,0
1759,5432,19,335,3,0
1760,5434,39,480,3,0
1761,5435,18,467,1,0
1762,5436,8,199,0,0
1763,5437,9,157,0,0
1764,5451,351,1760,9,0
1765,5456,179,610,2,1
1766,5458,183,275,6,0
1767,5464,399,1405,6,0
1768,5471,14,283,3,0
1769,5472,9,222,0,0
1770,5473,23,636,2,1
1771,5474,13,297,3,0
1772,5475,5,103,0,0
1773,5476,7,182,1,0
1774,5477,73,1945,11,0
1775,5478,22,290,0,0
1776,5479,28,312,1,0
1777,5480,14,518,0,0
1778,5481,1,149,0,0
1779,5482,25,716,2,0
1780,5483,11,184,1,0
1781,5484,22,475,1,0
1782,5485,9,283,0,0
1783,5486,23,755,0,1
1784,5487,9,274,1,0
1785,5488,0,46,0,0
1786,5489,30,423,3,0
1787,5490,4,175,2,1
1788,5491,5,296,1,0
1789,5492,24,615,0,0
1790,5493,12,281,0,0
1791,5494,28,727,3,0
1792,5495,61,1742,7,0
1793,5496,43,989,8,0
1794,5497,15,578,3,0
1795,5498,69,1193,6,0
1796,5499,14,307,0,0
1797,5500,6,176,0,0
1798,5501,57,655,5,0
1799,5503,51,806,4,0
1800,5511,44,705,2,0
1801,5512,28,736,1,0
1802,5513,7,243,1,0
1803,5514,28,801,5,0
1804,5515,18,489,0,0
1805,5516,94,1578,9,1
1806,5518,103,3342,17,1
1807,5520,25,589,1,0
1808,5521,19,628,1,1
1809,5522,6,378,1,0
1810,5523,71,1258,7,0
1811,5527,46,748,4,0
1812,5529,15,306,2,0
1813,5530,8,339,0,0
1814,5531,6,316,0,0
1815,5533,7,498,1,0
1816,5534,9,297,0,0
1817,5535,18,540,1,0
1818,5537,16,571,1,0
1819,5539,13,515,2,0
1820,5540,33,976,2,1
1821,5541,9,653,0,0
1822,5551,7,313,1,0
1823,5552,30,458,3,0
1824,5553,11,538,2,0
1825,5554,37,552,1,0
1826,5555,9,246,0,0
1827,5556,7,300,0,0
1828,5557,18,102,0,0
1829,5559,11,307,0,0
1830,5560,5,130,2,0
1831,5561,92,2168,7,0
1832,5562,4,78,0,0
1833,5563,0,110,0,0
1834,5564,5,87,2,0
1835,5565,18,304,2,0
1836,5566,11,341,1,0
1837,5568,89,3489,25,2
1838,5571,30,560,2,0
1839,5581,118,1767,11,1
1840,5582,106,2255,6,0
1841,5583,214,3374,42,2
1842,5584,324,5500,49,1
1843,5585,53,888,6,0
1844,5586,4340,72541,1558,33
1845,5587,251,4059,31,2
1846,5588,54,964,10,1
1847,5589,335,6572,71,1
1848,5590,655,11251,149,2
1849,5591,484,8073,155,4
1850,5592,121,2395,14,1
1851,5601,100,1549,5,0
1852,5604,47,1421,6,0
1853,5606,442,6104,53,5
1854,5607,72,1592,10,0
1855,5609,16,246,5,0
1856,5610,18,282,0,0
1857,5611,175,2350,18,2
1858,5613,244,3739,24,0
1859,5621,21,284,3,0
1860,5622,20,294,2,0
1861,5623,38,449,7,0
1862,5624,234,4896,43,1
1863,5625,11,276,2,0
1864,5627,204,2973,66,0
1865,5628,7,186,1,0
1866,5629,7,117,3,0
1867,5631,28,473,0,0
1868,5632,28,732,10,0
1869,5633,111,1631,9,1
1870,5634,91,1817,3,0
1871,5635,382,5515,79,4
1872,5636,78,1652,10,1
1873,5637,20,527,0,0
1874,5638,101,1385,11,0
1875,5639,43,529,5,0
1876,5640,24,462,0,0
1877,5642,533,9281,80,1
1878,5643,162,2834,23,5
1879,5644,8,294,0,0
1880,5645,13,383,1,0
1881,5646,297,2726,21,0
1882,5648,169,2014,28,0
1883,5649,70,1178,7,1
1884,5650,4,130,0,0
1885,5651,21,449,4,0
1886,5652,17,477,1,0
1887,5653,34,482,0,0
1888,5654,10,349,0,0
1889,5655,37,790,1,0
1890,5661,13,185,0,0
1891,5662,10,145,2,0
1892,5663,3,297,1,0
1893,5665,6,186,0,0
1894,5666,3,144,0,1
1895,5668,3,47,0,0
1896,5669,11,251,0,0
1897,5671,10,224,0,0
1898,5672,7,127,0,0
1899,5673,6,248,2,0
1900,5674,6,134,0,0
1901,5675,40,1446,0,0
1902,5678,110,2571,12,2
1903,5680,7,215,0,0
1904,5683,9,100,0,0
1905,5684,3,48,0,0
1906,5686,1,54,0,0
1907,5688,9,84,0,0
1908,5690,1,114,0,0
1909,5692,13,387,1,1
1910,5693,58,1721,2,0
1911,5701,1,71,0,0
1912,5702,117,1278,12,1
1913,5703,64,612,5,0
1914,5704,82,917,8,0
1915,5705,53,443,4,0
1916,5706,73,553,6,0
1917,5707,57,603,9,0
1918,5708,34,275,6,0
1919,5709,67,703,5,3
1920,5710,21,260,5,0
1921,5711,163,1342,10,1
1922,5712,131,1268,10,1
1923,5713,112,1251,7,2
1924,5714,36,518,6,0
1925,5715,79,628,7,0
1926,5716,44,561,2,0
1927,5717,143,1321,16,0
1928,5718,156,962,10,0
1929,5719,68,716,5,1
1930,5720,69,557,3,0
1931,5721,538,6058,69,3
1932,5722,12,244,1,0
1933,5723,76,886,15,1
1934,5724,794,9167,105,4
1935,5725,217,2008,10,4
1936,5726,55,672,3,0
1937,5727,63,1187,4,2
1938,5728,17,270,1,0
1939,5729,95,695,7,0
1940,5730,84,766,4,0
1941,5731,64,691,5,0
1942,5732,37,488,7,0
1943,5741,3,220,0,0
1944,5742,2,204,0,0
1945,5743,10,471,0,0
1946,5744,16,733,2,0
1947,5745,25,773,1,0
1948,5746,28,630,1,0
1949,5747,5,145,0,0
1950,5748,3,188,1,0
1951,5749,90,2198,14,0
1952,5750,5,135,0,0
1953,5751,10,259,0,0
1954,5752,3,242,0,1
1955,5754,5,218,0,1
1956,5755,10,302,3,0
1957,5756,3,360,2,0
1958,5757,134,3429,12,2
1959,5758,5,111,0,0
1960,5759,4,194,0,0
1961,5760,5,396,3,0
1962,5761,19,364,2,0
1963,5762,1,103,0,0
1964,5763,9,430,2,0
1965,5764,70,2223,19,1
1966,5765,16,392,2,0
1967,5766,5,323,3,0
1968,5782,27,716,5,0
1969,5785,15,357,1,0
1970,5788,6,223,1,0
1971,5789,15,234,2,0
1972,5790,14,373,1,1
1973,5791,34,813,5,0
1974,5792,9,332,0,0
1975,5798,10,281,1,0
1976,5799,80,1320,12,0
1977,5803,14,405,2,0
1978,5804,40,990,2,0
1979,5805,127,3221,7,1
1980,5812,3,94,0,0
1981,5813,24,332,0,0
1982,5816,89,1360,9,0
1983,5817,29,656,3,0
1984,5819,9,207,0,0
1985,5821,28,298,0,0
1986,5822,243,4982,26,1
1987,5827,22,192,0,0
1988,5828,3,93,1,0
1989,5830,19,345,0,0
1990,5831,69,2093,8,0
1991,5841,96,2356,3,0
1992,5842,21,412,1,0
1993,5843,135,580,3,0
1994,5851,15,283,1,0
1995,5852,21,244,1,0
1996,5853,28,400,5,0
1997,5854,22,239,1,0
1998,5855,28,242,1,0
1999,5856,31,345,3,0
2000,5857,43,563,2,0
2001,5858,11,223,1,0
2002,5859,100,1289,18,0
2003,5860,47,787,8,1
2004,5861,140,2373,22,3
2005,5862,4,149,2,0
2006,5863,20,216,2,0
2007,5871,25,1117,4,0
2008,5872,98,3177,21,2
2009,5873,25,648,2,0
2010,5881,354,3453,21,2
2011,5882,170,1818,8,2
2012,5883,131,1556,13,0
2013,5884,148,2113,8,4
2014,5885,110,973,5,0
2015,5886,1075,12237,114,9
2016,5888,335,3022,23,1
2017,5889,513,7089,55,3
2018,5890,517,8801,74,7
2019,5891,57,599,3,0
2020,5902,1,234,1,0
2021,5903,9,150,0,0
2022,5904,25,441,3,0
2023,5905,12,402,2,0
2024,5907,11,203,1,0
2025,5908,4,98,0,0
2026,5909,20,463,0,0
2027,5910,2,280,2,0
2028,5911,1,157,0,0
2029,5912,2,125,0,0
2030,5913,30,565,0,0
2031,5914,9,265,0,0
2032,5915,6,100,0,0
2033,5919,15,387,1,0
2034,5921,7,168,0,0
2035,5922,20,485,7,0
2036,5923,7,137,0,0
2037,5924,7,297,0,0
2038,5925,3,184,0,0
2039,5926,11,529,7,0
2040,5928,2,115,0,0
2041,5929,19,294,0,0
2042,5930,3,159,0,0
2043,5931,10,403,3,0
2044,5932,2,156,0,0
2045,5933,11,455,0,0
2046,5934,2,169,2,0
2047,5935,0,45,0,0
2048,5937,14,75,0,0
2049,5938,494,15576,132,5
2050,5939,92,1933,7,1
2051,6002,9853,164,59,7
2052,6004,378,2,1,0
2053,6007,7361,72,49,7
2054,6008,1498,15,10,1
2055,6009,321,4,2,0
2056,6010,718,9,2,0
2057,6011,68,1,4,0
2058,6021,50,1473,9,0
2059,6022,50,2206,9,0
2060,6023,129,5161,21,2
2061,6024,153,4848,11,2
2062,6025,115,2892,28,0
2063,6031,108,4968,33,1
2064,6032,2,174,2,0
2065,6033,4,641,0,0
2066,6034,27,2425,2,0
2067,6035,6,766,1,0
2068,6036,11,1266,5,0
2069,6052,355,3,1,0
2070,6054,149,1,2,0
2071,6055,76,0,0,0
2072,6056,512,2,0,0
2073,6057,828,5,0,0
2074,6058,249,1,1,0
2075,6061,255,0,1,0
2076,6064,64,2,0,0
2077,6073,183,1,0,0
2078,6074,450,3,0,0
2079,6075,478,2,0,0
2080,6076,625,1,1,0
2081,6081,6,242,2,0
2082,6082,72,2688,10,1
2083,6083,12,1422,4,0
2084,6084,18,1242,2,0
2085,6087,5,875,1,0
2086,6089,34,1118,3,0
2087,6090,34,658,4,0
2088,6101,673,6,6,0
2089,6102,240,0,0,1
2090,6104,172,0,0,0
2091,6109,75,3,1,0
2092,6110,3290,36,3,3
2093,6111,1062,40,7,2
2094,6112,123,0,0,0
2095,6113,1045,95,5,0
2096,6116,560,8,1,0
2097,6117,397,3,1,0
2098,6118,1585,11,2,1
2099,6119,1033,8,1,1
2100,6131,2,700,0,0
2101,6132,12,884,7,0
2102,6133,50,4649,17,0
2103,6134,2,898,0,0
2104,6135,26,1857,5,0
2105,6136,189,9852,84,4
2106,6137,30,1517,8,1
2107,6139,46,1752,12,2
2108,6140,28,1229,5,0
2109,6141,52,2503,21,1
2110,6142,2,117,0,0
2111,6151,24,889,4,0
2112,6152,133,4340,31,1
2113,6153,257,9556,57,4
2114,6154,84,1658,10,0
2115,6155,31,572,0,0
2116,6156,72,3177,10,1
2117,6157,22,1236,3,1
2118,6158,50,1319,4,2
2119,6159,91,2152,14,0
2120,6172,33,0,0,0
2121,6173,706,7,1,0
2122,6177,472,4,0,0
2123,6181,479,2,2,0
2124,6191,610,3,1,0
2125,6192,279,0,0,0
2126,6193,651,5,0,0
2127,6194,483,1,1,0
2128,6195,278,0,3,0
2129,6197,363,3,0,0
2130,6198,540,8,2,0
2131,6199,1476,27,4,1
2132,6201,399,2,0,0
2133,6202,477,0,0,0
2134,6203,597,5,1,0
2135,6204,1428,5,5,1
2136,6205,446,4,1,0
2137,6211,8,404,5,0
2138,6212,2,540,3,0
2139,6213,11,798,6,0
2140,6214,4,290,2,0
2141,6215,22,1109,6,0
2142,6217,89,2710,21,0
2143,6218,27,909,3,0
2144,6219,21,1254,8,0
2145,6220,3,421,0,1
2146,6232,113,2169,6,1
2147,6234,71,1911,27,1
2148,6235,100,885,5,0
2149,6238,51,1568,6,1
2150,6239,17,326,5,0
2151,6240,96,2361,22,1
2152,6241,63,735,5,0
2153,6242,91,515,6,1
2154,6243,115,1483,16,0
2155,6244,182,1240,17,1
2156,6246,47,1631,6,0
2157,6248,1713,8680,79,4
2158,6249,73,782,5,0
2159,6250,158,1098,7,0
2160,6252,61,1670,9,1
2161,6261,36,696,0,0
2162,6263,87,1984,14,0
2163,6265,297,4784,15,1
2164,6266,1469,19349,161,6
2165,6267,8,408,0,0
2166,6281,1005,5,2,0
2167,6282,214,0,0,1
2168,6283,347,1,1,0
2169,6285,1216,3,1,1
2170,6286,611,1,0,0
2171,6287,316,0,0,0
2172,6288,376,1,0,0
2173,6289,379,1,0,0
2174,6290,1139,13,4,2
2175,6291,1008,1,9,0
2176,6292,2185,8,9,1
2177,6293,1084,6,3,0
2178,6294,546,1,1,1
2179,6295,585,6,3,1
2180,6296,493,0,0,0
2181,6297,5284,74,22,3
2182,6298,1314,3,0,1
2183,6299,220,1,1,0
2184,6300,3456,117,33,1
2185,6402,156,2722,18,4
2186,6404,195,3932,21,0
2187,6405,4,81,1,0
2188,6407,177,3033,30,2
2189,6408,152,3212,28,0
2190,6409,8,206,1,0
2191,6410,91,1409,3,0
2192,6411,2,168,0,0
2193,6412,183,3660,38,3
2194,6413,48,822,3,1
2195,6414,93,1723,9,1
2196,6415,6,167,1,0
2197,6416,348,6307,56,2
2198,6421,783,25758,210,12
2199,6422,16,200,0,0
2200,6423,23,920,6,0
2201,6431,22,982,6,0
2202,6432,22,602,0,1
2203,6433,2,244,0,0
2204,6434,8,293,0,0
2205,6435,4,381,1,0
2206,6436,183,7536,78,1
2207,6437,46,1161,3,1
2208,6451,68,1108,5,0
2209,6452,86,1211,13,0
2210,6453,22,244,0,0
2211,6454,142,1817,17,1
2212,6455,303,3189,16,1
2213,6456,38,779,1,1
2214,6458,1631,20354,338,4
2215,6459,217,2234,26,1
2216,6461,281,2764,28,0
2217,6485,11,304,3,0
2218,6487,407,11605,44,3
2219,6504,22,468,0,0
2220,6511,31,603,2,3
2221,6512,269,8377,50,1
2222,6601,19,561,5,2
2223,6602,59,1377,7,1
2224,6603,37,1353,9,0
2225,6604,43,948,3,0
2226,6605,36,1516,11,1
2227,6606,64,929,11,1
2228,6607,306,6863,53,3
2229,6608,446,10114,297,4
2230,6609,18,556,3,0
2231,6610,29,427,0,0
2232,6611,20,717,2,0
2233,6612,354,6235,65,2
2234,6613,172,4362,51,5
2235,6614,17,716,4,0
2236,6615,33,899,8,1
2237,6616,221,4213,45,1
2238,6617,152,2786,35,2
2239,6618,113,2398,12,0
2240,6619,53,1139,11,0
2241,6620,43,911,10,0
2242,6621,5161,88897,1759,66
2243,6622,52,1329,16,1
2244,6623,241,4176,57,1
2245,6624,7,305,3,0
2246,6625,27,566,8,0
2247,6626,32,879,9,0
2248,6627,18,420,1,0
2249,6628,719,15473,194,4
2250,6629,48,1275,16,2
2251,6630,610,9838,131,8
2252,6631,418,9669,114,1
2253,6632,66,1959,13,1
2254,6633,202,5048,44,0
2255,6634,93,1574,11,0
2256,6635,12,461,5,0
2257,6636,82,1631,15,1
2258,6637,12,304,1,0
2259,6638,94,1894,18,2
2260,6639,11,496,2,0
2261,6640,397,7330,95,5
2262,6641,62,1545,13,1
2263,6642,79,1549,12,1
2264,6643,756,14096,178,13
2265,6644,285,5776,43,0
2266,6645,363,6318,55,1
2267,6702,31,687,3,1
2268,6703,14,264,0,0
2269,6704,10,349,0,0
2270,6705,22,416,0,0
2271,6706,4,387,0,0
2272,6708,113,1903,8,0
2273,6709,84,2303,6,1
2274,6710,42,1813,4,0
2275,6711,289,8001,51,2
2276,6712,28,1093,0,0
2277,6713,104,10,1,0
2278,6715,31,538,1,0
2279,6716,13,94,0,0
2280,6718,85,293,1,0
2281,6719,55,341,0,0
2282,6720,16,287,2,0
2283,6721,20,456,4,0
2284,6722,6,254,0,0
2285,6724,78,356,0,0
2286,6728,5,54,0,0
2287,6729,215,5317,22,1
2288,6730,149,2139,6,0
2289,6741,8,332,1,0
2290,6742,45,888,4,0
2291,6743,26,1170,3,0
2292,6744,12,77,0,0
2293,6745,18,106,0,0
2294,6748,24,470,1,0
2295,6750,24,556,3,0
2296,6751,41,469,0,0
2297,6753,27,407,1,1
2298,6754,46,1313,8,0
2299,6757,95,2144,4,1
2300,6758,17,182,0,0
2301,6759,22,108,0,0
2302,6771,23,1313,3,0
2303,6773,24,125,1,0
2304,6774,28,1248,4,1
2305,6775,77,554,1,0
2306,6778,10,647,1,0
2307,6781,17,585,0,1
2308,6782,29,711,2,0
2309,6783,10,271,0,0
2310,6784,69,1776,2,0
2311,6785,18,667,0,1
2312,6787,19,139,1,0
2313,6789,7,348,2,0
2314,6790,61,1415,3,0
2315,6792,28,288,0,0
2316,6793,26,182,0,0
2317,6800,164,5324,32,1
2318,6803,11,128,0,0
2319,6806,26,538,6,0
2320,6807,50,1193,2,0
2321,6808,79,1190,3,0
2322,6809,64,893,4,0
2323,6810,102,1110,5,1
